video,actor_id,truth,predicted_class,evidence_class,evidence_source_actor_id,evidence_frame_index,evidence_timestamp_ms,evidence_score,evidence_source_score,history,first_flag_frame_index,first_flag_timestamp_ms,first_flag_source_actor_id,warmup_frames,frames_scanned_after_warmup,causal,metric_class
1786173698008_53534665179931303_9030090460038115400,s10,suspicious_activity,c5,,,,,,,[],,,,4,122,True,c5
1786173698008_53534665179931303_9030090460038115400,s9,suspicious_activity,c5,suspicious_activity,s9,106,13266,0.8282817602157593,,"[{""class_code"":""suspicious_activity"",""frame_index"":106,""timestamp_ms"":13266,""score"":0.8282817602157593,""source_actor_id"":""1786173698008_53534665179931303_9030090460038115400::s9"",""source_score"":null},{""class_code"":""suspicious_activity"",""frame_index"":107,""timestamp_ms"":13400,""score"":0.8124725818634033,""source_actor_id"":""1786173698008_53534665179931303_9030090460038115400::s9"",""source_score"":null}]",106,13266,s9,4,122,True,suspicious_activity
1786174198327_53534665179931303_9030090460038115400,s19,c5,c5,,,,,,,[],,,,4,122,True,c5
1786174198327_53534665179931303_9030090460038115400,s20,c5,c5,,,,,,,[],,,,4,122,True,c5
1786174198344_53534665179931303_9030090460038115400,s19,c5,c5,,,,,,,[],,,,4,123,True,c5
1786174198344_53534665179931303_9030090460038115400,s20,suspicious_activity,c5,suspicious_activity,s20,15,1900,0.824748694896698,,"[{""class_code"":""suspicious_activity"",""frame_index"":13,""timestamp_ms"":1633,""score"":0.7089700102806091,""source_actor_id"":""1786174198344_53534665179931303_9030090460038115400::s20"",""source_score"":null},{""class_code"":""suspicious_activity"",""frame_index"":14,""timestamp_ms"":1766,""score"":0.7575031518936157,""source_actor_id"":""1786174198344_53534665179931303_9030090460038115400::s20"",""source_score"":null},{""class_code"":""suspicious_activity"",""frame_index"":15,""timestamp_ms"":1900,""score"":0.824748694896698,""source_actor_id"":""1786174198344_53534665179931303_9030090460038115400::s20"",""source_score"":null},{""class_code"":""suspicious_activity"",""frame_index"":16,""timestamp_ms"":2000,""score"":0.7817314267158508,""source_actor_id"":""1786174198344_53534665179931303_9030090460038115400::s20"",""source_score"":null},{""class_code"":""suspicious_activity"",""frame_index"":17,""timestamp_ms"":2133,""score"":0.7937790751457214,""source_actor_id"":""1786174198344_53534665179931303_9030090460038115400::s20"",""source_score"":null},{""class_code"":""suspicious_activity"",""frame_index"":18,""timestamp_ms"":2266,""score"":0.7937790751457214,""source_actor_id"":""1786174198344_53534665179931303_9030090460038115400::s20"",""source_score"":null},{""class_code"":""suspicious_activity"",""frame_index"":19,""timestamp_ms"":2400,""score"":0.7937790751457214,""source_actor_id"":""1786174198344_53534665179931303_9030090460038115400::s20"",""source_score"":null},{""class_code"":""suspicious_activity"",""frame_index"":20,""timestamp_ms"":2500,""score"":0.7892249226570129,""source_actor_id"":""1786174198344_53534665179931303_9030090460038115400::s20"",""source_score"":null},{""class_code"":""suspicious_activity"",""frame_index"":24,""timestamp_ms"":3000,""score"":0.7908030152320862,""source_actor_id"":""1786174198344_53534665179931303_9030090460038115400::s20"",""source_score"":null},{""class_code"":""suspicious_activity"",""frame_index"":25,""timestamp_ms"":3133,""score"":0.7908030152320862,""source_actor_id"":""1786174198344_53534665179931303_9030090460038115400::s20"",""source_score"":null},{""class_code"":""suspicious_activity"",""frame_index"":26,""timestamp_ms"":3266,""score"":0.7931314706802368,""source_actor_id"":""1786174198344_53534665179931303_9030090460038115400::s20"",""source_score"":null},{""class_code"":""suspicious_activity"",""frame_index"":27,""timestamp_ms"":3400,""score"":0.7931314706802368,""source_actor_id"":""1786174198344_53534665179931303_9030090460038115400::s20"",""source_score"":null},{""class_code"":""suspicious_activity"",""frame_index"":28,""timestamp_ms"":3500,""score"":0.7919899821281433,""source_actor_id"":""1786174198344_53534665179931303_9030090460038115400::s20"",""source_score"":null},{""class_code"":""suspicious_activity"",""frame_index"":29,""timestamp_ms"":3633,""score"":0.7919899821281433,""source_actor_id"":""1786174198344_53534665179931303_9030090460038115400::s20"",""source_score"":null},{""class_code"":""suspicious_activity"",""frame_index"":30,""timestamp_ms"":3766,""score"":0.7919899821281433,""source_actor_id"":""1786174198344_53534665179931303_9030090460038115400::s20"",""source_score"":null},{""class_code"":""suspicious_activity"",""frame_index"":31,""timestamp_ms"":3900,""score"":0.7892662286758423,""source_actor_id"":""1786174198344_53534665179931303_9030090460038115400::s20"",""source_score"":null},{""class_code"":""suspicious_activity"",""frame_index"":32,""timestamp_ms"":4000,""score"":0.7931019067764282,""source_actor_id"":""1786174198344_53534665179931303_9030090460038115400::s20"",""source_score"":null},{""class_code"":""suspicious_activity"",""frame_index"":33,""timestamp_ms"":4133,""score"":0.7931019067764282,""source_actor_id"":""1786174198344_53534665179931303_9030090460038115400::s20"",""source_score"":null},{""class_code"":""suspicious_activity"",""frame_index"":35,""timestamp_ms"":4400,""score"":0.6672257781028748,""source_actor_id"":""1786174198344_53534665179931303_9030090460038115400::s20"",""source_score"":null},{""class_code"":""suspicious_activity"",""frame_index"":36,""timestamp_ms"":4500,""score"":0.6791784763336182,""source_actor_id"":""1786174198344_53534665179931303_9030090460038115400::s20"",""source_score"":null},{""class_code"":""suspicious_activity"",""frame_index"":37,""timestamp_ms"":4633,""score"":0.6606121063232422,""source_actor_id"":""1786174198344_53534665179931303_9030090460038115400::s20"",""source_score"":null},{""class_code"":""suspicious_activity"",""frame_index"":38,""timestamp_ms"":4766,""score"":0.6658684611320496,""source_actor_id"":""1786174198344_53534665179931303_9030090460038115400::s20"",""source_score"":null},{""class_code"":""suspicious_activity"",""frame_index"":39,""timestamp_ms"":4900,""score"":0.6725643277168274,""source_actor_id"":""1786174198344_53534665179931303_9030090460038115400::s20"",""source_score"":null}]",13,1633,s20,4,123,True,suspicious_activity
1786174198359_53534665179931303_9030090460038115400,s19,c5,c5,c2,s20,23,2900,0.22327017784118652,0.8842038512229919,"[{""class_code"":""c2"",""frame_index"":23,""timestamp_ms"":2900,""score"":0.22327017784118652,""source_actor_id"":""1786174198359_53534665179931303_9030090460038115400::s20"",""source_score"":0.8842038512229919}]",23,2900,s20,4,114,True,c2
1786174198359_53534665179931303_9030090460038115400,s20,suspicious_activity,c5,c2,s20,23,2900,0.8842038512229919,0.8842038512229919,"[{""class_code"":""c2"",""frame_index"":23,""timestamp_ms"":2900,""score"":0.8842038512229919,""source_actor_id"":""1786174198359_53534665179931303_9030090460038115400::s20"",""source_score"":0.8842038512229919}]",23,2900,s20,4,114,True,c2
1786174198374_53534665179931303_9030090460038115400,s19,c2,c5,c2,s20,20,2500,0.974082887172699,0.9475367069244385,"[{""class_code"":""c2"",""frame_index"":18,""timestamp_ms"":2266,""score"":0.6853728890419006,""source_actor_id"":""1786174198374_53534665179931303_9030090460038115400::s20"",""source_score"":0.9430157542228699},{""class_code"":""c2"",""frame_index"":20,""timestamp_ms"":2500,""score"":0.974082887172699,""source_actor_id"":""1786174198374_53534665179931303_9030090460038115400::s20"",""source_score"":0.9475367069244385},{""class_code"":""c2"",""frame_index"":23,""timestamp_ms"":2900,""score"":0.9701845049858093,""source_actor_id"":""1786174198374_53534665179931303_9030090460038115400::s20"",""source_score"":0.9451956152915955}]",18,2266,s20,4,104,True,c2
1786174198374_53534665179931303_9030090460038115400,s20,c2,c5,c2,s20,20,2500,0.9475367069244385,0.9475367069244385,"[{""class_code"":""c2"",""frame_index"":18,""timestamp_ms"":2266,""score"":0.9430157542228699,""source_actor_id"":""1786174198374_53534665179931303_9030090460038115400::s20"",""source_score"":0.9430157542228699},{""class_code"":""c2"",""frame_index"":20,""timestamp_ms"":2500,""score"":0.9475367069244385,""source_actor_id"":""1786174198374_53534665179931303_9030090460038115400::s20"",""source_score"":0.9475367069244385},{""class_code"":""c2"",""frame_index"":23,""timestamp_ms"":2900,""score"":0.9451956152915955,""source_actor_id"":""1786174198374_53534665179931303_9030090460038115400::s20"",""source_score"":0.9451956152915955}]",18,2266,s20,4,104,True,c2
1786174198388_53534665179931303_9030090460038115400,s19,c5,c5,,,,,,,[],,,,4,119,True,c5
1786174198388_53534665179931303_9030090460038115400,s20,c3,c3,c3,s20,122,15266,0.3524845540523529,,"[{""class_code"":""c3"",""frame_index"":121,""timestamp_ms"":15133,""score"":0.30003538727760315,""source_actor_id"":""1786174198388_53534665179931303_9030090460038115400::s20"",""source_score"":null},{""class_code"":""c3"",""frame_index"":122,""timestamp_ms"":15266,""score"":0.3524845540523529,""source_actor_id"":""1786174198388_53534665179931303_9030090460038115400::s20"",""source_score"":null}]",121,15133,s20,4,119,True,c3
1786174214463_53534665179931303_9030090460038115400,s21,c5,c5,,,,,,,[],,,,4,113,True,c5
1786174214463_53534665179931303_9030090460038115400,s22,c5,c5,,,,,,,[],,,,4,113,True,c5
1786174214473_53534665179931303_9030090460038115400,s21,c5,c5,,,,,,,[],,,,4,112,True,c5
1786174214473_53534665179931303_9030090460038115400,s22,c5,c5,,,,,,,[],,,,4,112,True,c5
1786174214482_53534665179931303_9030090460038115400,s21,c5,c5,,,,,,,[],,,,4,118,True,c5
1786174214482_53534665179931303_9030090460038115400,s22,suspicious_activity,suspicious_activity,suspicious_activity,s22,115,14400,0.6751850247383118,,"[{""class_code"":""suspicious_activity"",""frame_index"":115,""timestamp_ms"":14400,""score"":0.6751850247383118,""source_actor_id"":""1786174214482_53534665179931303_9030090460038115400::s22"",""source_score"":null},{""class_code"":""suspicious_activity"",""frame_index"":116,""timestamp_ms"":14500,""score"":0.6689060926437378,""source_actor_id"":""1786174214482_53534665179931303_9030090460038115400::s22"",""source_score"":null},{""class_code"":""suspicious_activity"",""frame_index"":117,""timestamp_ms"":14633,""score"":0.6689060926437378,""source_actor_id"":""1786174214482_53534665179931303_9030090460038115400::s22"",""source_score"":null},{""class_code"":""suspicious_activity"",""frame_index"":118,""timestamp_ms"":14766,""score"":0.6689060926437378,""source_actor_id"":""1786174214482_53534665179931303_9030090460038115400::s22"",""source_score"":null},{""class_code"":""suspicious_activity"",""frame_index"":121,""timestamp_ms"":15133,""score"":0.6750678420066833,""source_actor_id"":""1786174214482_53534665179931303_9030090460038115400::s22"",""source_score"":null}]",115,14400,s22,4,118,True,suspicious_activity
1786174214497_53534665179931303_9030090460038115400,s21,c5,c5,,,,,,,[],,,,4,104,True,c5
1786174214497_53534665179931303_9030090460038115400,s22,suspicious_activity,c5,suspicious_activity,s22,67,8400,0.776149332523346,,"[{""class_code"":""suspicious_activity"",""frame_index"":66,""timestamp_ms"":8266,""score"":0.7727817893028259,""source_actor_id"":""1786174214497_53534665179931303_9030090460038115400::s22"",""source_score"":null},{""class_code"":""suspicious_activity"",""frame_index"":67,""timestamp_ms"":8400,""score"":0.776149332523346,""source_actor_id"":""1786174214497_53534665179931303_9030090460038115400::s22"",""source_score"":null},{""class_code"":""suspicious_activity"",""frame_index"":68,""timestamp_ms"":8500,""score"":0.6942338347434998,""source_actor_id"":""1786174214497_53534665179931303_9030090460038115400::s22"",""source_score"":null},{""class_code"":""suspicious_activity"",""frame_index"":69,""timestamp_ms"":8633,""score"":0.6899200081825256,""source_actor_id"":""1786174214497_53534665179931303_9030090460038115400::s22"",""source_score"":null},{""class_code"":""suspicious_activity"",""frame_index"":70,""timestamp_ms"":8766,""score"":0.6919918060302734,""source_actor_id"":""1786174214497_53534665179931303_9030090460038115400::s22"",""source_score"":null},{""class_code"":""suspicious_activity"",""frame_index"":71,""timestamp_ms"":8900,""score"":0.7224281430244446,""source_actor_id"":""1786174214497_53534665179931303_9030090460038115400::s22"",""source_score"":null},{""class_code"":""suspicious_activity"",""frame_index"":72,""timestamp_ms"":9000,""score"":0.7114388346672058,""source_actor_id"":""1786174214497_53534665179931303_9030090460038115400::s22"",""source_score"":null},{""class_code"":""suspicious_activity"",""frame_index"":73,""timestamp_ms"":9133,""score"":0.7114388346672058,""source_actor_id"":""1786174214497_53534665179931303_9030090460038115400::s22"",""source_score"":null},{""class_code"":""suspicious_activity"",""frame_index"":74,""timestamp_ms"":9266,""score"":0.6808841824531555,""source_actor_id"":""1786174214497_53534665179931303_9030090460038115400::s22"",""source_score"":null},{""class_code"":""suspicious_activity"",""frame_index"":75,""timestamp_ms"":9400,""score"":0.6826772093772888,""source_actor_id"":""1786174214497_53534665179931303_9030090460038115400::s22"",""source_score"":null},{""class_code"":""suspicious_activity"",""frame_index"":76,""timestamp_ms"":9500,""score"":0.6826772093772888,""source_actor_id"":""1786174214497_53534665179931303_9030090460038115400::s22"",""source_score"":null}]",66,8266,s22,4,104,True,suspicious_activity
1786174214512_53534665179931303_9030090460038115400,s21,c2,c5,c2,s22,71,8900,0.25074756145477295,0.31567803025245667,"[{""class_code"":""c2"",""frame_index"":71,""timestamp_ms"":8900,""score"":0.25074756145477295,""source_actor_id"":""1786174214512_53534665179931303_9030090460038115400::s22"",""source_score"":0.31567803025245667}]",71,8900,s22,4,122,True,c2
1786174214512_53534665179931303_9030090460038115400,s22,c2,c5,c2,s22,71,8900,0.31567803025245667,0.31567803025245667,"[{""class_code"":""c2"",""frame_index"":71,""timestamp_ms"":8900,""score"":0.31567803025245667,""source_actor_id"":""1786174214512_53534665179931303_9030090460038115400::s22"",""source_score"":0.31567803025245667}]",71,8900,s22,4,122,True,c2
1786174214535_53534665179931303_9030090460038115400,s21,c5,c5,,,,,,,[],,,,4,124,True,c5
1786174214535_53534665179931303_9030090460038115400,s22,c3,c3,c3,s22,127,15900,0.77667236328125,,"[{""class_code"":""c3"",""frame_index"":10,""timestamp_ms"":1266,""score"":0.4250294864177704,""source_actor_id"":""1786174214535_53534665179931303_9030090460038115400::s22"",""source_score"":null},{""class_code"":""c3"",""frame_index"":11,""timestamp_ms"":1400,""score"":0.4373597800731659,""source_actor_id"":""1786174214535_53534665179931303_9030090460038115400::s22"",""source_score"":null},{""class_code"":""c3"",""frame_index"":12,""timestamp_ms"":1500,""score"":0.44251686334609985,""source_actor_id"":""1786174214535_53534665179931303_9030090460038115400::s22"",""source_score"":null},{""class_code"":""c3"",""frame_index"":13,""timestamp_ms"":1633,""score"":0.4368979334831238,""source_actor_id"":""1786174214535_53534665179931303_9030090460038115400::s22"",""source_score"":null},{""class_code"":""c3"",""frame_index"":14,""timestamp_ms"":1766,""score"":0.4677790105342865,""source_actor_id"":""1786174214535_53534665179931303_9030090460038115400::s22"",""source_score"":null},{""class_code"":""c3"",""frame_index"":45,""timestamp_ms"":5633,""score"":0.36327633261680603,""source_actor_id"":""1786174214535_53534665179931303_9030090460038115400::s22"",""source_score"":null},{""class_code"":""c3"",""frame_index"":46,""timestamp_ms"":5766,""score"":0.42171669006347656,""source_actor_id"":""1786174214535_53534665179931303_9030090460038115400::s22"",""source_score"":null},{""class_code"":""c3"",""frame_index"":47,""timestamp_ms"":5900,""score"":0.40420326590538025,""source_actor_id"":""1786174214535_53534665179931303_9030090460038115400::s22"",""source_score"":null},{""class_code"":""c3"",""frame_index"":48,""timestamp_ms"":6000,""score"":0.42057374119758606,""source_actor_id"":""1786174214535_53534665179931303_9030090460038115400::s22"",""source_score"":null},{""class_code"":""c3"",""frame_index"":49,""timestamp_ms"":6133,""score"":0.41956689953804016,""source_actor_id"":""1786174214535_53534665179931303_9030090460038115400::s22"",""source_score"":null},{""class_code"":""c3"",""frame_index"":50,""timestamp_ms"":6266,""score"":0.41956689953804016,""source_actor_id"":""1786174214535_53534665179931303_9030090460038115400::s22"",""source_score"":null},{""class_code"":""c3"",""frame_index"":51,""timestamp_ms"":6400,""score"":0.42057374119758606,""source_actor_id"":""1786174214535_53534665179931303_9030090460038115400::s22"",""source_score"":null},{""class_code"":""c3"",""frame_index"":52,""timestamp_ms"":6500,""score"":0.39465928077697754,""source_actor_id"":""1786174214535_53534665179931303_9030090460038115400::s22"",""source_score"":null},{""class_code"":""c3"",""frame_index"":53,""timestamp_ms"":6633,""score"":0.41591641306877136,""source_actor_id"":""1786174214535_53534665179931303_9030090460038115400::s22"",""source_score"":null},{""class_code"":""c3"",""frame_index"":80,""timestamp_ms"":10000,""score"":0.33567139506340027,""source_actor_id"":""1786174214535_53534665179931303_9030090460038115400::s22"",""source_score"":null},{""class_code"":""c3"",""frame_index"":81,""timestamp_ms"":10133,""score"":0.34580329060554504,""source_actor_id"":""1786174214535_53534665179931303_9030090460038115400::s22"",""source_score"":null},{""class_code"":""c3"",""frame_index"":82,""timestamp_ms"":10266,""score"":0.433269202709198,""source_actor_id"":""1786174214535_53534665179931303_9030090460038115400::s22"",""source_score"":null},{""class_code"":""c3"",""frame_index"":83,""timestamp_ms"":10400,""score"":0.5070884823799133,""source_actor_id"":""1786174214535_53534665179931303_9030090460038115400::s22"",""source_score"":null},{""class_code"":""c3"",""frame_index"":84,""timestamp_ms"":10500,""score"":0.4924550950527191,""source_actor_id"":""1786174214535_53534665179931303_9030090460038115400::s22"",""source_score"":null},{""class_code"":""c3"",""frame_index"":85,""timestamp_ms"":10633,""score"":0.49876102805137634,""source_actor_id"":""1786174214535_53534665179931303_9030090460038115400::s22"",""source_score"":null},{""class_code"":""c3"",""frame_index"":86,""timestamp_ms"":10766,""score"":0.49876102805137634,""source_actor_id"":""1786174214535_53534665179931303_9030090460038115400::s22"",""source_score"":null},{""class_code"":""c3"",""frame_index"":87,""timestamp_ms"":10900,""score"":0.49876102805137634,""source_actor_id"":""1786174214535_53534665179931303_9030090460038115400::s22"",""source_score"":null},{""class_code"":""c3"",""frame_index"":88,""timestamp_ms"":11000,""score"":0.5225396752357483,""source_actor_id"":""1786174214535_53534665179931303_9030090460038115400::s22"",""source_score"":null},{""class_code"":""c3"",""frame_index"":89,""timestamp_ms"":11133,""score"":0.5225396752357483,""source_actor_id"":""1786174214535_53534665179931303_9030090460038115400::s22"",""source_score"":null},{""class_code"":""c3"",""frame_index"":90,""timestamp_ms"":11266,""score"":0.5333408117294312,""source_actor_id"":""1786174214535_53534665179931303_9030090460038115400::s22"",""source_score"":null},{""class_code"":""c3"",""frame_index"":91,""timestamp_ms"":11400,""score"":0.43341657519340515,""source_actor_id"":""1786174214535_53534665179931303_9030090460038115400::s22"",""source_score"":null},{""class_code"":""c3"",""frame_index"":92,""timestamp_ms"":11500,""score"":0.4421822726726532,""source_actor_id"":""1786174214535_53534665179931303_9030090460038115400::s22"",""source_score"":null},{""class_code"":""c3"",""frame_index"":122,""timestamp_ms"":15266,""score"":0.4962545335292816,""source_actor_id"":""1786174214535_53534665179931303_9030090460038115400::s22"",""source_score"":null},{""class_code"":""c3"",""frame_index"":123,""timestamp_ms"":15400,""score"":0.7719739675521851,""source_actor_id"":""1786174214535_53534665179931303_9030090460038115400::s22"",""source_score"":null},{""class_code"":""c3"",""frame_index"":124,""timestamp_ms"":15500,""score"":0.7681384682655334,""source_actor_id"":""1786174214535_53534665179931303_9030090460038115400::s22"",""source_score"":null},{""class_code"":""c3"",""frame_index"":125,""timestamp_ms"":15633,""score"":0.7681384682655334,""source_actor_id"":""1786174214535_53534665179931303_9030090460038115400::s22"",""source_score"":null},{""class_code"":""c3"",""frame_index"":126,""timestamp_ms"":15766,""score"":0.7681384682655334,""source_actor_id"":""1786174214535_53534665179931303_9030090460038115400::s22"",""source_score"":null},{""class_code"":""c3"",""frame_index"":127,""timestamp_ms"":15900,""score"":0.77667236328125,""source_actor_id"":""1786174214535_53534665179931303_9030090460038115400::s22"",""source_score"":null}]",10,1266,s22,4,124,True,c3
1786174214542_53534665179931303_9030090460038115400,s21,c3,c5,c3,s21,9,1133,0.22704903781414032,,"[{""class_code"":""c3"",""frame_index"":9,""timestamp_ms"":1133,""score"":0.22704903781414032,""source_actor_id"":""1786174214542_53534665179931303_9030090460038115400::s21"",""source_score"":null}]",9,1133,s21,4,134,True,c3
1786174214542_53534665179931303_9030090460038115400,s22,c5,c5,,,,,,,[],,,,4,134,True,c5
1786174236613_53534665179931303_9030090460038115400,s23,c5,c5,,,,,,,[],,,,4,122,True,c5
1786174236613_53534665179931303_9030090460038115400,s24,c5,c5,,,,,,,[],,,,4,122,True,c5
1786174236623_53534665179931303_9030090460038115400,s23,suspicious_activity,c5,,,,,,,[],,,,4,77,True,c5
1786174236623_53534665179931303_9030090460038115400,s24,c5,c5,,,,,,,[],,,,4,77,True,c5
1786174236638_53534665179931303_9030090460038115400,s23,c5,c5,,,,,,,[],,,,4,130,True,c5
1786174236638_53534665179931303_9030090460038115400,s24,suspicious_activity,suspicious_activity,suspicious_activity,s24,78,9766,0.9368845224380493,,"[{""class_code"":""suspicious_activity"",""frame_index"":72,""timestamp_ms"":9000,""score"":0.8309034109115601,""source_actor_id"":""1786174236638_53534665179931303_9030090460038115400::s24"",""source_score"":null},{""class_code"":""suspicious_activity"",""frame_index"":73,""timestamp_ms"":9133,""score"":0.8572877645492554,""source_actor_id"":""1786174236638_53534665179931303_9030090460038115400::s24"",""source_score"":null},{""class_code"":""suspicious_activity"",""frame_index"":74,""timestamp_ms"":9266,""score"":0.9226279258728027,""source_actor_id"":""1786174236638_53534665179931303_9030090460038115400::s24"",""source_score"":null},{""class_code"":""suspicious_activity"",""frame_index"":75,""timestamp_ms"":9400,""score"":0.9326376914978027,""source_actor_id"":""1786174236638_53534665179931303_9030090460038115400::s24"",""source_score"":null},{""class_code"":""suspicious_activity"",""frame_index"":76,""timestamp_ms"":9500,""score"":0.9343813061714172,""source_actor_id"":""1786174236638_53534665179931303_9030090460038115400::s24"",""source_score"":null},{""class_code"":""suspicious_activity"",""frame_index"":77,""timestamp_ms"":9633,""score"":0.9368845224380493,""source_actor_id"":""1786174236638_53534665179931303_9030090460038115400::s24"",""source_score"":null},{""class_code"":""suspicious_activity"",""frame_index"":78,""timestamp_ms"":9766,""score"":0.9368845224380493,""source_actor_id"":""1786174236638_53534665179931303_9030090460038115400::s24"",""source_score"":null},{""class_code"":""suspicious_activity"",""frame_index"":79,""timestamp_ms"":9900,""score"":0.9352738857269287,""source_actor_id"":""1786174236638_53534665179931303_9030090460038115400::s24"",""source_score"":null},{""class_code"":""suspicious_activity"",""frame_index"":80,""timestamp_ms"":10000,""score"":0.8865618109703064,""source_actor_id"":""1786174236638_53534665179931303_9030090460038115400::s24"",""source_score"":null},{""class_code"":""suspicious_activity"",""frame_index"":81,""timestamp_ms"":10133,""score"":0.8892409205436707,""source_actor_id"":""1786174236638_53534665179931303_9030090460038115400::s24"",""source_score"":null},{""class_code"":""suspicious_activity"",""frame_index"":82,""timestamp_ms"":10266,""score"":0.8892409205436707,""source_actor_id"":""1786174236638_53534665179931303_9030090460038115400::s24"",""source_score"":null},{""class_code"":""suspicious_activity"",""frame_index"":83,""timestamp_ms"":10400,""score"":0.8865618109703064,""source_actor_id"":""1786174236638_53534665179931303_9030090460038115400::s24"",""source_score"":null},{""class_code"":""suspicious_activity"",""frame_index"":84,""timestamp_ms"":10500,""score"":0.8889445662498474,""source_actor_id"":""1786174236638_53534665179931303_9030090460038115400::s24"",""source_score"":null},{""class_code"":""suspicious_activity"",""frame_index"":85,""timestamp_ms"":10633,""score"":0.8915742635726929,""source_actor_id"":""1786174236638_53534665179931303_9030090460038115400::s24"",""source_score"":null},{""class_code"":""suspicious_activity"",""frame_index"":86,""timestamp_ms"":10766,""score"":0.9022641777992249,""source_actor_id"":""1786174236638_53534665179931303_9030090460038115400::s24"",""source_score"":null},{""class_code"":""suspicious_activity"",""frame_index"":87,""timestamp_ms"":10900,""score"":0.8965794444084167,""source_actor_id"":""1786174236638_53534665179931303_9030090460038115400::s24"",""source_score"":null},{""class_code"":""suspicious_activity"",""frame_index"":88,""timestamp_ms"":11000,""score"":0.8983162045478821,""source_actor_id"":""1786174236638_53534665179931303_9030090460038115400::s24"",""source_score"":null},{""class_code"":""suspicious_activity"",""frame_index"":89,""timestamp_ms"":11133,""score"":0.8913875818252563,""source_actor_id"":""1786174236638_53534665179931303_9030090460038115400::s24"",""source_score"":null},{""class_code"":""suspicious_activity"",""frame_index"":90,""timestamp_ms"":11266,""score"":0.8851245641708374,""source_actor_id"":""1786174236638_53534665179931303_9030090460038115400::s24"",""source_score"":null},{""class_code"":""suspicious_activity"",""frame_index"":91,""timestamp_ms"":11400,""score"":0.8217626214027405,""source_actor_id"":""1786174236638_53534665179931303_9030090460038115400::s24"",""source_score"":null},{""class_code"":""suspicious_activity"",""frame_index"":113,""timestamp_ms"":14133,""score"":0.7206140756607056,""source_actor_id"":""1786174236638_53534665179931303_9030090460038115400::s24"",""source_score"":null},{""class_code"":""suspicious_activity"",""frame_index"":114,""timestamp_ms"":14266,""score"":0.8364769220352173,""source_actor_id"":""1786174236638_53534665179931303_9030090460038115400::s24"",""source_score"":null},{""class_code"":""suspicious_activity"",""frame_index"":115,""timestamp_ms"":14400,""score"":0.8364769220352173,""source_actor_id"":""1786174236638_53534665179931303_9030090460038115400::s24"",""source_score"":null},{""class_code"":""suspicious_activity"",""frame_index"":116,""timestamp_ms"":14500,""score"":0.8560251593589783,""source_actor_id"":""1786174236638_53534665179931303_9030090460038115400::s24"",""source_score"":null},{""class_code"":""suspicious_activity"",""frame_index"":117,""timestamp_ms"":14633,""score"":0.8553292155265808,""source_actor_id"":""1786174236638_53534665179931303_9030090460038115400::s24"",""source_score"":null},{""class_code"":""suspicious_activity"",""frame_index"":118,""timestamp_ms"":14766,""score"":0.8553292155265808,""source_actor_id"":""1786174236638_53534665179931303_9030090460038115400::s24"",""source_score"":null},{""class_code"":""suspicious_activity"",""frame_index"":119,""timestamp_ms"":14900,""score"":0.8553292155265808,""source_actor_id"":""1786174236638_53534665179931303_9030090460038115400::s24"",""source_score"":null},{""class_code"":""suspicious_activity"",""frame_index"":120,""timestamp_ms"":15000,""score"":0.8393335938453674,""source_actor_id"":""1786174236638_53534665179931303_9030090460038115400::s24"",""source_score"":null},{""class_code"":""suspicious_activity"",""frame_index"":121,""timestamp_ms"":15133,""score"":0.8423004150390625,""source_actor_id"":""1786174236638_53534665179931303_9030090460038115400::s24"",""source_score"":null},{""class_code"":""suspicious_activity"",""frame_index"":122,""timestamp_ms"":15266,""score"":0.7985157370567322,""source_actor_id"":""1786174236638_53534665179931303_9030090460038115400::s24"",""source_score"":null},{""class_code"":""suspicious_activity"",""frame_index"":123,""timestamp_ms"":15400,""score"":0.7662321925163269,""source_actor_id"":""1786174236638_53534665179931303_9030090460038115400::s24"",""source_score"":null},{""class_code"":""suspicious_activity"",""frame_index"":124,""timestamp_ms"":15500,""score"":0.7656989693641663,""source_actor_id"":""1786174236638_53534665179931303_9030090460038115400::s24"",""source_score"":null},{""class_code"":""suspicious_activity"",""frame_index"":125,""timestamp_ms"":15633,""score"":0.7842279672622681,""source_actor_id"":""1786174236638_53534665179931303_9030090460038115400::s24"",""source_score"":null},{""class_code"":""suspicious_activity"",""frame_index"":126,""timestamp_ms"":15766,""score"":0.8175227046012878,""source_actor_id"":""1786174236638_53534665179931303_9030090460038115400::s24"",""source_score"":null},{""class_code"":""suspicious_activity"",""frame_index"":127,""timestamp_ms"":15900,""score"":0.7095397114753723,""source_actor_id"":""1786174236638_53534665179931303_9030090460038115400::s24"",""source_score"":null},{""class_code"":""suspicious_activity"",""frame_index"":128,""timestamp_ms"":16000,""score"":0.6967620253562927,""source_actor_id"":""1786174236638_53534665179931303_9030090460038115400::s24"",""source_score"":null},{""class_code"":""suspicious_activity"",""frame_index"":129,""timestamp_ms"":16133,""score"":0.7020471096038818,""source_actor_id"":""1786174236638_53534665179931303_9030090460038115400::s24"",""source_score"":null},{""class_code"":""suspicious_activity"",""frame_index"":130,""timestamp_ms"":16266,""score"":0.7243340015411377,""source_actor_id"":""1786174236638_53534665179931303_9030090460038115400::s24"",""source_score"":null},{""class_code"":""suspicious_activity"",""frame_index"":131,""timestamp_ms"":16400,""score"":0.7239891290664673,""source_actor_id"":""1786174236638_53534665179931303_9030090460038115400::s24"",""source_score"":null},{""class_code"":""suspicious_activity"",""frame_index"":132,""timestamp_ms"":16500,""score"":0.7239891290664673,""source_actor_id"":""1786174236638_53534665179931303_9030090460038115400::s24"",""source_score"":null},{""class_code"":""suspicious_activity"",""frame_index"":133,""timestamp_ms"":16633,""score"":0.7128811478614807,""source_actor_id"":""1786174236638_53534665179931303_9030090460038115400::s24"",""source_score"":null}]",72,9000,s24,4,130,True,suspicious_activity
1786174236675_53534665179931303_9030090460038115400,s23,c5,c5,,,,,,,[],,,,4,121,True,c5
1786174236675_53534665179931303_9030090460038115400,s24,c5,c5,suspicious_activity,s24,81,10133,0.8619697690010071,,"[{""class_code"":""suspicious_activity"",""frame_index"":75,""timestamp_ms"":9400,""score"":0.7577906847000122,""source_actor_id"":""1786174236675_53534665179931303_9030090460038115400::s24"",""source_score"":null},{""class_code"":""suspicious_activity"",""frame_index"":76,""timestamp_ms"":9500,""score"":0.7592372894287109,""source_actor_id"":""1786174236675_53534665179931303_9030090460038115400::s24"",""source_score"":null},{""class_code"":""suspicious_activity"",""frame_index"":77,""timestamp_ms"":9633,""score"":0.7574852705001831,""source_actor_id"":""1786174236675_53534665179931303_9030090460038115400::s24"",""source_score"":null},{""class_code"":""suspicious_activity"",""frame_index"":78,""timestamp_ms"":9766,""score"":0.7573723793029785,""source_actor_id"":""1786174236675_53534665179931303_9030090460038115400::s24"",""source_score"":null},{""class_code"":""suspicious_activity"",""frame_index"":79,""timestamp_ms"":9900,""score"":0.761523962020874,""source_actor_id"":""1786174236675_53534665179931303_9030090460038115400::s24"",""source_score"":null},{""class_code"":""suspicious_activity"",""frame_index"":80,""timestamp_ms"":10000,""score"":0.785890519618988,""source_actor_id"":""1786174236675_53534665179931303_9030090460038115400::s24"",""source_score"":null},{""class_code"":""suspicious_activity"",""frame_index"":81,""timestamp_ms"":10133,""score"":0.8619697690010071,""source_actor_id"":""1786174236675_53534665179931303_9030090460038115400::s24"",""source_score"":null},{""class_code"":""suspicious_activity"",""frame_index"":82,""timestamp_ms"":10266,""score"":0.8478309512138367,""source_actor_id"":""1786174236675_53534665179931303_9030090460038115400::s24"",""source_score"":null},{""class_code"":""suspicious_activity"",""frame_index"":86,""timestamp_ms"":10766,""score"":0.743987500667572,""source_actor_id"":""1786174236675_53534665179931303_9030090460038115400::s24"",""source_score"":null},{""class_code"":""suspicious_activity"",""frame_index"":87,""timestamp_ms"":10900,""score"":0.743987500667572,""source_actor_id"":""1786174236675_53534665179931303_9030090460038115400::s24"",""source_score"":null},{""class_code"":""suspicious_activity"",""frame_index"":88,""timestamp_ms"":11000,""score"":0.7378021478652954,""source_actor_id"":""1786174236675_53534665179931303_9030090460038115400::s24"",""source_score"":null},{""class_code"":""suspicious_activity"",""frame_index"":89,""timestamp_ms"":11133,""score"":0.7378021478652954,""source_actor_id"":""1786174236675_53534665179931303_9030090460038115400::s24"",""source_score"":null},{""class_code"":""suspicious_activity"",""frame_index"":90,""timestamp_ms"":11266,""score"":0.7378021478652954,""source_actor_id"":""1786174236675_53534665179931303_9030090460038115400::s24"",""source_score"":null},{""class_code"":""suspicious_activity"",""frame_index"":91,""timestamp_ms"":11400,""score"":0.7719032764434814,""source_actor_id"":""1786174236675_53534665179931303_9030090460038115400::s24"",""source_score"":null},{""class_code"":""suspicious_activity"",""frame_index"":92,""timestamp_ms"":11500,""score"":0.7678202986717224,""source_actor_id"":""1786174236675_53534665179931303_9030090460038115400::s24"",""source_score"":null},{""class_code"":""suspicious_activity"",""frame_index"":93,""timestamp_ms"":11633,""score"":0.7678202986717224,""source_actor_id"":""1786174236675_53534665179931303_9030090460038115400::s24"",""source_score"":null},{""class_code"":""suspicious_activity"",""frame_index"":94,""timestamp_ms"":11766,""score"":0.7719032764434814,""source_actor_id"":""1786174236675_53534665179931303_9030090460038115400::s24"",""source_score"":null},{""class_code"":""suspicious_activity"",""frame_index"":95,""timestamp_ms"":11900,""score"":0.7719032764434814,""source_actor_id"":""1786174236675_53534665179931303_9030090460038115400::s24"",""source_score"":null},{""class_code"":""suspicious_activity"",""frame_index"":96,""timestamp_ms"":12000,""score"":0.7815470099449158,""source_actor_id"":""1786174236675_53534665179931303_9030090460038115400::s24"",""source_score"":null},{""class_code"":""suspicious_activity"",""frame_index"":97,""timestamp_ms"":12133,""score"":0.729627788066864,""source_actor_id"":""1786174236675_53534665179931303_9030090460038115400::s24"",""source_score"":null},{""class_code"":""suspicious_activity"",""frame_index"":98,""timestamp_ms"":12266,""score"":0.6737352609634399,""source_actor_id"":""1786174236675_53534665179931303_9030090460038115400::s24"",""source_score"":null},{""class_code"":""suspicious_activity"",""frame_index"":99,""timestamp_ms"":12400,""score"":0.6634463667869568,""source_actor_id"":""1786174236675_53534665179931303_9030090460038115400::s24"",""source_score"":null},{""class_code"":""suspicious_activity"",""frame_index"":104,""timestamp_ms"":13000,""score"":0.6685166358947754,""source_actor_id"":""1786174236675_53534665179931303_9030090460038115400::s24"",""source_score"":null},{""class_code"":""suspicious_activity"",""frame_index"":105,""timestamp_ms"":13133,""score"":0.6685166358947754,""source_actor_id"":""1786174236675_53534665179931303_9030090460038115400::s24"",""source_score"":null},{""class_code"":""suspicious_activity"",""frame_index"":106,""timestamp_ms"":13266,""score"":0.6685166358947754,""source_actor_id"":""1786174236675_53534665179931303_9030090460038115400::s24"",""source_score"":null},{""class_code"":""suspicious_activity"",""frame_index"":107,""timestamp_ms"":13400,""score"":0.6685166358947754,""source_actor_id"":""1786174236675_53534665179931303_9030090460038115400::s24"",""source_score"":null},{""class_code"":""suspicious_activity"",""frame_index"":108,""timestamp_ms"":13500,""score"":0.7605509161949158,""source_actor_id"":""1786174236675_53534665179931303_9030090460038115400::s24"",""source_score"":null},{""class_code"":""suspicious_activity"",""frame_index"":109,""timestamp_ms"":13633,""score"":0.7645644545555115,""source_actor_id"":""1786174236675_53534665179931303_9030090460038115400::s24"",""source_score"":null},{""class_code"":""suspicious_activity"",""frame_index"":110,""timestamp_ms"":13766,""score"":0.7710329294204712,""source_actor_id"":""1786174236675_53534665179931303_9030090460038115400::s24"",""source_score"":null},{""class_code"":""suspicious_activity"",""frame_index"":111,""timestamp_ms"":13900,""score"":0.7768351435661316,""source_actor_id"":""1786174236675_53534665179931303_9030090460038115400::s24"",""source_score"":null},{""class_code"":""suspicious_activity"",""frame_index"":112,""timestamp_ms"":14000,""score"":0.7710329294204712,""source_actor_id"":""1786174236675_53534665179931303_9030090460038115400::s24"",""source_score"":null},{""class_code"":""suspicious_activity"",""frame_index"":113,""timestamp_ms"":14133,""score"":0.7710329294204712,""source_actor_id"":""1786174236675_53534665179931303_9030090460038115400::s24"",""source_score"":null},{""class_code"":""suspicious_activity"",""frame_index"":114,""timestamp_ms"":14266,""score"":0.7710329294204712,""source_actor_id"":""1786174236675_53534665179931303_9030090460038115400::s24"",""source_score"":null},{""class_code"":""suspicious_activity"",""frame_index"":115,""timestamp_ms"":14400,""score"":0.8180221915245056,""source_actor_id"":""1786174236675_53534665179931303_9030090460038115400::s24"",""source_score"":null},{""class_code"":""suspicious_activity"",""frame_index"":116,""timestamp_ms"":14500,""score"":0.8180221915245056,""source_actor_id"":""1786174236675_53534665179931303_9030090460038115400::s24"",""source_score"":null},{""class_code"":""suspicious_activity"",""frame_index"":117,""timestamp_ms"":14633,""score"":0.8180221915245056,""source_actor_id"":""1786174236675_53534665179931303_9030090460038115400::s24"",""source_score"":null},{""class_code"":""suspicious_activity"",""frame_index"":118,""timestamp_ms"":14766,""score"":0.8180221915245056,""source_actor_id"":""1786174236675_53534665179931303_9030090460038115400::s24"",""source_score"":null},{""class_code"":""suspicious_activity"",""frame_index"":119,""timestamp_ms"":14900,""score"":0.8180221915245056,""source_actor_id"":""1786174236675_53534665179931303_9030090460038115400::s24"",""source_score"":null},{""class_code"":""suspicious_activity"",""frame_index"":120,""timestamp_ms"":15000,""score"":0.8092081546783447,""source_actor_id"":""1786174236675_53534665179931303_9030090460038115400::s24"",""source_score"":null}]",75,9400,s24,4,121,True,suspicious_activity
1786174236683_53534665179931303_9030090460038115400,s23,c5,c5,suspicious_activity,s23,32,4000,0.8152182698249817,,"[{""class_code"":""suspicious_activity"",""frame_index"":16,""timestamp_ms"":2000,""score"":0.7343966364860535,""source_actor_id"":""1786174236683_53534665179931303_9030090460038115400::s23"",""source_score"":null},{""class_code"":""suspicious_activity"",""frame_index"":17,""timestamp_ms"":2133,""score"":0.746719241142273,""source_actor_id"":""1786174236683_53534665179931303_9030090460038115400::s23"",""source_score"":null},{""class_code"":""suspicious_activity"",""frame_index"":18,""timestamp_ms"":2266,""score"":0.7398741245269775,""source_actor_id"":""1786174236683_53534665179931303_9030090460038115400::s23"",""source_score"":null},{""class_code"":""suspicious_activity"",""frame_index"":19,""timestamp_ms"":2400,""score"":0.7468751072883606,""source_actor_id"":""1786174236683_53534665179931303_9030090460038115400::s23"",""source_score"":null},{""class_code"":""suspicious_activity"",""frame_index"":20,""timestamp_ms"":2500,""score"":0.7468751072883606,""source_actor_id"":""1786174236683_53534665179931303_9030090460038115400::s23"",""source_score"":null},{""class_code"":""suspicious_activity"",""frame_index"":21,""timestamp_ms"":2633,""score"":0.744141697883606,""source_actor_id"":""1786174236683_53534665179931303_9030090460038115400::s23"",""source_score"":null},{""class_code"":""suspicious_activity"",""frame_index"":22,""timestamp_ms"":2766,""score"":0.7506780624389648,""source_actor_id"":""1786174236683_53534665179931303_9030090460038115400::s23"",""source_score"":null},{""class_code"":""suspicious_activity"",""frame_index"":23,""timestamp_ms"":2900,""score"":0.7506780624389648,""source_actor_id"":""1786174236683_53534665179931303_9030090460038115400::s23"",""source_score"":null},{""class_code"":""suspicious_activity"",""frame_index"":24,""timestamp_ms"":3000,""score"":0.764861524105072,""source_actor_id"":""1786174236683_53534665179931303_9030090460038115400::s23"",""source_score"":null},{""class_code"":""suspicious_activity"",""frame_index"":25,""timestamp_ms"":3133,""score"":0.7569292187690735,""source_actor_id"":""1786174236683_53534665179931303_9030090460038115400::s23"",""source_score"":null},{""class_code"":""suspicious_activity"",""frame_index"":26,""timestamp_ms"":3266,""score"":0.7583028078079224,""source_actor_id"":""1786174236683_53534665179931303_9030090460038115400::s23"",""source_score"":null},{""class_code"":""suspicious_activity"",""frame_index"":27,""timestamp_ms"":3400,""score"":0.7598451972007751,""source_actor_id"":""1786174236683_53534665179931303_9030090460038115400::s23"",""source_score"":null},{""class_code"":""suspicious_activity"",""frame_index"":28,""timestamp_ms"":3500,""score"":0.7598451972007751,""source_actor_id"":""1786174236683_53534665179931303_9030090460038115400::s23"",""source_score"":null},{""class_code"":""suspicious_activity"",""frame_index"":29,""timestamp_ms"":3633,""score"":0.7671149373054504,""source_actor_id"":""1786174236683_53534665179931303_9030090460038115400::s23"",""source_score"":null},{""class_code"":""suspicious_activity"",""frame_index"":30,""timestamp_ms"":3766,""score"":0.7671149373054504,""source_actor_id"":""1786174236683_53534665179931303_9030090460038115400::s23"",""source_score"":null},{""class_code"":""suspicious_activity"",""frame_index"":31,""timestamp_ms"":3900,""score"":0.7656049132347107,""source_actor_id"":""1786174236683_53534665179931303_9030090460038115400::s23"",""source_score"":null},{""class_code"":""suspicious_activity"",""frame_index"":32,""timestamp_ms"":4000,""score"":0.8152182698249817,""source_actor_id"":""1786174236683_53534665179931303_9030090460038115400::s23"",""source_score"":null},{""class_code"":""suspicious_activity"",""frame_index"":33,""timestamp_ms"":4133,""score"":0.8120356202125549,""source_actor_id"":""1786174236683_53534665179931303_9030090460038115400::s23"",""source_score"":null}]",16,2000,s23,4,117,True,suspicious_activity
1786174236683_53534665179931303_9030090460038115400,s24,c5,c5,suspicious_activity,s24,50,6266,0.6720133423805237,,"[{""class_code"":""suspicious_activity"",""frame_index"":36,""timestamp_ms"":4500,""score"":0.6610445976257324,""source_actor_id"":""1786174236683_53534665179931303_9030090460038115400::s24"",""source_score"":null},{""class_code"":""suspicious_activity"",""frame_index"":38,""timestamp_ms"":4766,""score"":0.6694125533103943,""source_actor_id"":""1786174236683_53534665179931303_9030090460038115400::s24"",""source_score"":null},{""class_code"":""suspicious_activity"",""frame_index"":39,""timestamp_ms"":4900,""score"":0.6694125533103943,""source_actor_id"":""1786174236683_53534665179931303_9030090460038115400::s24"",""source_score"":null},{""class_code"":""suspicious_activity"",""frame_index"":40,""timestamp_ms"":5000,""score"":0.6694125533103943,""source_actor_id"":""1786174236683_53534665179931303_9030090460038115400::s24"",""source_score"":null},{""class_code"":""suspicious_activity"",""frame_index"":41,""timestamp_ms"":5133,""score"":0.6694125533103943,""source_actor_id"":""1786174236683_53534665179931303_9030090460038115400::s24"",""source_score"":null},{""class_code"":""suspicious_activity"",""frame_index"":42,""timestamp_ms"":5266,""score"":0.6694125533103943,""source_actor_id"":""1786174236683_53534665179931303_9030090460038115400::s24"",""source_score"":null},{""class_code"":""suspicious_activity"",""frame_index"":43,""timestamp_ms"":5400,""score"":0.6694125533103943,""source_actor_id"":""1786174236683_53534665179931303_9030090460038115400::s24"",""source_score"":null},{""class_code"":""suspicious_activity"",""frame_index"":44,""timestamp_ms"":5500,""score"":0.6694125533103943,""source_actor_id"":""1786174236683_53534665179931303_9030090460038115400::s24"",""source_score"":null},{""class_code"":""suspicious_activity"",""frame_index"":48,""timestamp_ms"":6000,""score"":0.6623508930206299,""source_actor_id"":""1786174236683_53534665179931303_9030090460038115400::s24"",""source_score"":null},{""class_code"":""suspicious_activity"",""frame_index"":49,""timestamp_ms"":6133,""score"":0.6689122915267944,""source_actor_id"":""1786174236683_53534665179931303_9030090460038115400::s24"",""source_score"":null},{""class_code"":""suspicious_activity"",""frame_index"":50,""timestamp_ms"":6266,""score"":0.6720133423805237,""source_actor_id"":""1786174236683_53534665179931303_9030090460038115400::s24"",""source_score"":null}]",36,4500,s24,4,117,True,suspicious_activity
VID20260804140110,s13,c5,c5,suspicious_activity,s13,86,10760,0.9042770266532898,,"[{""class_code"":""suspicious_activity"",""frame_index"":83,""timestamp_ms"":10393,""score"":0.6698838472366333,""source_actor_id"":""VID20260804140110::s13"",""source_score"":null},{""class_code"":""suspicious_activity"",""frame_index"":84,""timestamp_ms"":10527,""score"":0.8974944949150085,""source_actor_id"":""VID20260804140110::s13"",""source_score"":null},{""class_code"":""suspicious_activity"",""frame_index"":85,""timestamp_ms"":10627,""score"":0.895086944103241,""source_actor_id"":""VID20260804140110::s13"",""source_score"":null},{""class_code"":""suspicious_activity"",""frame_index"":86,""timestamp_ms"":10760,""score"":0.9042770266532898,""source_actor_id"":""VID20260804140110::s13"",""source_score"":null},{""class_code"":""suspicious_activity"",""frame_index"":87,""timestamp_ms"":10894,""score"":0.844656765460968,""source_actor_id"":""VID20260804140110::s13"",""source_score"":null},{""class_code"":""suspicious_activity"",""frame_index"":88,""timestamp_ms"":11028,""score"":0.844656765460968,""source_actor_id"":""VID20260804140110::s13"",""source_score"":null},{""class_code"":""suspicious_activity"",""frame_index"":89,""timestamp_ms"":11128,""score"":0.844656765460968,""source_actor_id"":""VID20260804140110::s13"",""source_score"":null},{""class_code"":""suspicious_activity"",""frame_index"":90,""timestamp_ms"":11262,""score"":0.8828167915344238,""source_actor_id"":""VID20260804140110::s13"",""source_score"":null},{""class_code"":""suspicious_activity"",""frame_index"":101,""timestamp_ms"":12632,""score"":0.6754534840583801,""source_actor_id"":""VID20260804140110::s13"",""source_score"":null},{""class_code"":""suspicious_activity"",""frame_index"":110,""timestamp_ms"":13768,""score"":0.6767476797103882,""source_actor_id"":""VID20260804140110::s13"",""source_score"":null},{""class_code"":""suspicious_activity"",""frame_index"":111,""timestamp_ms"":13902,""score"":0.6662788987159729,""source_actor_id"":""VID20260804140110::s13"",""source_score"":null}]",83,10393,s13,4,109,True,suspicious_activity
VID20260804140110,s14,c5,c5,suspicious_activity,s14,80,10025,0.8993080854415894,,"[{""class_code"":""suspicious_activity"",""frame_index"":80,""timestamp_ms"":10025,""score"":0.8993080854415894,""source_actor_id"":""VID20260804140110::s14"",""source_score"":null},{""class_code"":""suspicious_activity"",""frame_index"":81,""timestamp_ms"":10125,""score"":0.8881337642669678,""source_actor_id"":""VID20260804140110::s14"",""source_score"":null},{""class_code"":""suspicious_activity"",""frame_index"":82,""timestamp_ms"":10259,""score"":0.8932874798774719,""source_actor_id"":""VID20260804140110::s14"",""source_score"":null},{""class_code"":""suspicious_activity"",""frame_index"":83,""timestamp_ms"":10393,""score"":0.8877671957015991,""source_actor_id"":""VID20260804140110::s14"",""source_score"":null},{""class_code"":""suspicious_activity"",""frame_index"":84,""timestamp_ms"":10527,""score"":0.8877671957015991,""source_actor_id"":""VID20260804140110::s14"",""source_score"":null},{""class_code"":""suspicious_activity"",""frame_index"":85,""timestamp_ms"":10627,""score"":0.8113757967948914,""source_actor_id"":""VID20260804140110::s14"",""source_score"":null},{""class_code"":""suspicious_activity"",""frame_index"":91,""timestamp_ms"":11395,""score"":0.6733188033103943,""source_actor_id"":""VID20260804140110::s14"",""source_score"":null},{""class_code"":""suspicious_activity"",""frame_index"":92,""timestamp_ms"":11529,""score"":0.6849715113639832,""source_actor_id"":""VID20260804140110::s14"",""source_score"":null},{""class_code"":""suspicious_activity"",""frame_index"":93,""timestamp_ms"":11629,""score"":0.6737824082374573,""source_actor_id"":""VID20260804140110::s14"",""source_score"":null},{""class_code"":""suspicious_activity"",""frame_index"":94,""timestamp_ms"":11763,""score"":0.6737824082374573,""source_actor_id"":""VID20260804140110::s14"",""source_score"":null}]",80,10025,s14,4,109,True,suspicious_activity
VID20260804140133,s13,c5,c5,suspicious_activity,s13,75,9390,0.8738893270492554,,"[{""class_code"":""suspicious_activity"",""frame_index"":73,""timestamp_ms"":9157,""score"":0.8630907535552979,""source_actor_id"":""VID20260804140133::s13"",""source_score"":null},{""class_code"":""suspicious_activity"",""frame_index"":74,""timestamp_ms"":9257,""score"":0.8312689661979675,""source_actor_id"":""VID20260804140133::s13"",""source_score"":null},{""class_code"":""suspicious_activity"",""frame_index"":75,""timestamp_ms"":9390,""score"":0.8738893270492554,""source_actor_id"":""VID20260804140133::s13"",""source_score"":null},{""class_code"":""suspicious_activity"",""frame_index"":76,""timestamp_ms"":9524,""score"":0.8070180416107178,""source_actor_id"":""VID20260804140133::s13"",""source_score"":null},{""class_code"":""suspicious_activity"",""frame_index"":77,""timestamp_ms"":9658,""score"":0.8114432692527771,""source_actor_id"":""VID20260804140133::s13"",""source_score"":null},{""class_code"":""suspicious_activity"",""frame_index"":78,""timestamp_ms"":9757,""score"":0.8265678882598877,""source_actor_id"":""VID20260804140133::s13"",""source_score"":null},{""class_code"":""suspicious_activity"",""frame_index"":79,""timestamp_ms"":9892,""score"":0.8244554400444031,""source_actor_id"":""VID20260804140133::s13"",""source_score"":null},{""class_code"":""suspicious_activity"",""frame_index"":80,""timestamp_ms"":10025,""score"":0.8078916668891907,""source_actor_id"":""VID20260804140133::s13"",""source_score"":null},{""class_code"":""suspicious_activity"",""frame_index"":81,""timestamp_ms"":10125,""score"":0.8068104386329651,""source_actor_id"":""VID20260804140133::s13"",""source_score"":null},{""class_code"":""suspicious_activity"",""frame_index"":82,""timestamp_ms"":10259,""score"":0.802669107913971,""source_actor_id"":""VID20260804140133::s13"",""source_score"":null},{""class_code"":""suspicious_activity"",""frame_index"":83,""timestamp_ms"":10393,""score"":0.724704921245575,""source_actor_id"":""VID20260804140133::s13"",""source_score"":null},{""class_code"":""suspicious_activity"",""frame_index"":84,""timestamp_ms"":10527,""score"":0.724704921245575,""source_actor_id"":""VID20260804140133::s13"",""source_score"":null},{""class_code"":""suspicious_activity"",""frame_index"":85,""timestamp_ms"":10627,""score"":0.7100695371627808,""source_actor_id"":""VID20260804140133::s13"",""source_score"":null},{""class_code"":""suspicious_activity"",""frame_index"":86,""timestamp_ms"":10760,""score"":0.7036514282226562,""source_actor_id"":""VID20260804140133::s13"",""source_score"":null},{""class_code"":""suspicious_activity"",""frame_index"":87,""timestamp_ms"":10894,""score"":0.7036514282226562,""source_actor_id"":""VID20260804140133::s13"",""source_score"":null},{""class_code"":""suspicious_activity"",""frame_index"":88,""timestamp_ms"":11028,""score"":0.7036514282226562,""source_actor_id"":""VID20260804140133::s13"",""source_score"":null},{""class_code"":""suspicious_activity"",""frame_index"":89,""timestamp_ms"":11128,""score"":0.7036514282226562,""source_actor_id"":""VID20260804140133::s13"",""source_score"":null},{""class_code"":""suspicious_activity"",""frame_index"":90,""timestamp_ms"":11262,""score"":0.7051128149032593,""source_actor_id"":""VID20260804140133::s13"",""source_score"":null},{""class_code"":""suspicious_activity"",""frame_index"":91,""timestamp_ms"":11395,""score"":0.7051128149032593,""source_actor_id"":""VID20260804140133::s13"",""source_score"":null},{""class_code"":""suspicious_activity"",""frame_index"":92,""timestamp_ms"":11529,""score"":0.7091544270515442,""source_actor_id"":""VID20260804140133::s13"",""source_score"":null},{""class_code"":""suspicious_activity"",""frame_index"":93,""timestamp_ms"":11629,""score"":0.7083489894866943,""source_actor_id"":""VID20260804140133::s13"",""source_score"":null},{""class_code"":""suspicious_activity"",""frame_index"":94,""timestamp_ms"":11763,""score"":0.7111740708351135,""source_actor_id"":""VID20260804140133::s13"",""source_score"":null}]",73,9157,s13,4,119,True,suspicious_activity
VID20260804140133,s14,c5,c5,,,,,,,[],,,,4,119,True,c5
VID20260804140323,s13,suspicious_activity,suspicious_activity,suspicious_activity,s13,98,12264,0.8782501220703125,,"[{""class_code"":""suspicious_activity"",""frame_index"":96,""timestamp_ms"":12030,""score"":0.8743599653244019,""source_actor_id"":""VID20260804140323::s13"",""source_score"":null},{""class_code"":""suspicious_activity"",""frame_index"":97,""timestamp_ms"":12130,""score"":0.8761301636695862,""source_actor_id"":""VID20260804140323::s13"",""source_score"":null},{""class_code"":""suspicious_activity"",""frame_index"":98,""timestamp_ms"":12264,""score"":0.8782501220703125,""source_actor_id"":""VID20260804140323::s13"",""source_score"":null},{""class_code"":""suspicious_activity"",""frame_index"":99,""timestamp_ms"":12398,""score"":0.8242357969284058,""source_actor_id"":""VID20260804140323::s13"",""source_score"":null},{""class_code"":""suspicious_activity"",""frame_index"":100,""timestamp_ms"":12531,""score"":0.8190222978591919,""source_actor_id"":""VID20260804140323::s13"",""source_score"":null},{""class_code"":""suspicious_activity"",""frame_index"":101,""timestamp_ms"":12632,""score"":0.8190222978591919,""source_actor_id"":""VID20260804140323::s13"",""source_score"":null},{""class_code"":""suspicious_activity"",""frame_index"":102,""timestamp_ms"":12765,""score"":0.811255693435669,""source_actor_id"":""VID20260804140323::s13"",""source_score"":null},{""class_code"":""suspicious_activity"",""frame_index"":103,""timestamp_ms"":12899,""score"":0.811255693435669,""source_actor_id"":""VID20260804140323::s13"",""source_score"":null},{""class_code"":""suspicious_activity"",""frame_index"":104,""timestamp_ms"":13033,""score"":0.7970212697982788,""source_actor_id"":""VID20260804140323::s13"",""source_score"":null},{""class_code"":""suspicious_activity"",""frame_index"":105,""timestamp_ms"":13133,""score"":0.8167604804039001,""source_actor_id"":""VID20260804140323::s13"",""source_score"":null},{""class_code"":""suspicious_activity"",""frame_index"":106,""timestamp_ms"":13266,""score"":0.8167604804039001,""source_actor_id"":""VID20260804140323::s13"",""source_score"":null},{""class_code"":""suspicious_activity"",""frame_index"":107,""timestamp_ms"":13400,""score"":0.7980257272720337,""source_actor_id"":""VID20260804140323::s13"",""source_score"":null},{""class_code"":""suspicious_activity"",""frame_index"":108,""timestamp_ms"":13500,""score"":0.7916672229766846,""source_actor_id"":""VID20260804140323::s13"",""source_score"":null},{""class_code"":""suspicious_activity"",""frame_index"":109,""timestamp_ms"":13634,""score"":0.7666977643966675,""source_actor_id"":""VID20260804140323::s13"",""source_score"":null},{""class_code"":""suspicious_activity"",""frame_index"":110,""timestamp_ms"":13768,""score"":0.687685489654541,""source_actor_id"":""VID20260804140323::s13"",""source_score"":null},{""class_code"":""suspicious_activity"",""frame_index"":111,""timestamp_ms"":13901,""score"":0.6798834204673767,""source_actor_id"":""VID20260804140323::s13"",""source_score"":null},{""class_code"":""suspicious_activity"",""frame_index"":112,""timestamp_ms"":14002,""score"":0.7038107514381409,""source_actor_id"":""VID20260804140323::s13"",""source_score"":null},{""class_code"":""suspicious_activity"",""frame_index"":113,""timestamp_ms"":14135,""score"":0.7972154021263123,""source_actor_id"":""VID20260804140323::s13"",""source_score"":null},{""class_code"":""suspicious_activity"",""frame_index"":114,""timestamp_ms"":14269,""score"":0.7683725357055664,""source_actor_id"":""VID20260804140323::s13"",""source_score"":null},{""class_code"":""suspicious_activity"",""frame_index"":115,""timestamp_ms"":14403,""score"":0.7623956203460693,""source_actor_id"":""VID20260804140323::s13"",""source_score"":null},{""class_code"":""suspicious_activity"",""frame_index"":116,""timestamp_ms"":14503,""score"":0.7623956203460693,""source_actor_id"":""VID20260804140323::s13"",""source_score"":null},{""class_code"":""suspicious_activity"",""frame_index"":117,""timestamp_ms"":14637,""score"":0.7623956203460693,""source_actor_id"":""VID20260804140323::s13"",""source_score"":null},{""class_code"":""suspicious_activity"",""frame_index"":118,""timestamp_ms"":14770,""score"":0.7638465166091919,""source_actor_id"":""VID20260804140323::s13"",""source_score"":null},{""class_code"":""suspicious_activity"",""frame_index"":119,""timestamp_ms"":14904,""score"":0.7638465166091919,""source_actor_id"":""VID20260804140323::s13"",""source_score"":null}]",96,12030,s13,4,116,True,suspicious_activity
VID20260804140323,s14,suspicious_activity,c5,,,,,,,[],,,,4,116,True,c5
VID20260804140348,s13,suspicious_activity,suspicious_activity,suspicious_activity,s13,46,5781,0.8879507184028625,,"[{""class_code"":""suspicious_activity"",""frame_index"":26,""timestamp_ms"":3275,""score"":0.7097819447517395,""source_actor_id"":""VID20260804140348::s13"",""source_score"":null},{""class_code"":""suspicious_activity"",""frame_index"":27,""timestamp_ms"":3375,""score"":0.6784536838531494,""source_actor_id"":""VID20260804140348::s13"",""source_score"":null},{""class_code"":""suspicious_activity"",""frame_index"":28,""timestamp_ms"":3508,""score"":0.8185298442840576,""source_actor_id"":""VID20260804140348::s13"",""source_score"":null},{""class_code"":""suspicious_activity"",""frame_index"":29,""timestamp_ms"":3642,""score"":0.8323183059692383,""source_actor_id"":""VID20260804140348::s13"",""source_score"":null},{""class_code"":""suspicious_activity"",""frame_index"":30,""timestamp_ms"":3776,""score"":0.8488638401031494,""source_actor_id"":""VID20260804140348::s13"",""source_score"":null},{""class_code"":""suspicious_activity"",""frame_index"":31,""timestamp_ms"":3876,""score"":0.8488638401031494,""source_actor_id"":""VID20260804140348::s13"",""source_score"":null},{""class_code"":""suspicious_activity"",""frame_index"":32,""timestamp_ms"":4010,""score"":0.8488638401031494,""source_actor_id"":""VID20260804140348::s13"",""source_score"":null},{""class_code"":""suspicious_activity"",""frame_index"":33,""timestamp_ms"":4143,""score"":0.8488638401031494,""source_actor_id"":""VID20260804140348::s13"",""source_score"":null},{""class_code"":""suspicious_activity"",""frame_index"":34,""timestamp_ms"":4277,""score"":0.8488638401031494,""source_actor_id"":""VID20260804140348::s13"",""source_score"":null},{""class_code"":""suspicious_activity"",""frame_index"":35,""timestamp_ms"":4377,""score"":0.8488638401031494,""source_actor_id"":""VID20260804140348::s13"",""source_score"":null},{""class_code"":""suspicious_activity"",""frame_index"":36,""timestamp_ms"":4511,""score"":0.8508115410804749,""source_actor_id"":""VID20260804140348::s13"",""source_score"":null},{""class_code"":""suspicious_activity"",""frame_index"":37,""timestamp_ms"":4645,""score"":0.8551582098007202,""source_actor_id"":""VID20260804140348::s13"",""source_score"":null},{""class_code"":""suspicious_activity"",""frame_index"":38,""timestamp_ms"":4778,""score"":0.8550578355789185,""source_actor_id"":""VID20260804140348::s13"",""source_score"":null},{""class_code"":""suspicious_activity"",""frame_index"":39,""timestamp_ms"":4879,""score"":0.8701863884925842,""source_actor_id"":""VID20260804140348::s13"",""source_score"":null},{""class_code"":""suspicious_activity"",""frame_index"":40,""timestamp_ms"":5012,""score"":0.8542746305465698,""source_actor_id"":""VID20260804140348::s13"",""source_score"":null},{""class_code"":""suspicious_activity"",""frame_index"":41,""timestamp_ms"":5145,""score"":0.8598774671554565,""source_actor_id"":""VID20260804140348::s13"",""source_score"":null},{""class_code"":""suspicious_activity"",""frame_index"":42,""timestamp_ms"":5280,""score"":0.8617292046546936,""source_actor_id"":""VID20260804140348::s13"",""source_score"":null},{""class_code"":""suspicious_activity"",""frame_index"":43,""timestamp_ms"":5380,""score"":0.8658040165901184,""source_actor_id"":""VID20260804140348::s13"",""source_score"":null},{""class_code"":""suspicious_activity"",""frame_index"":44,""timestamp_ms"":5513,""score"":0.8859906196594238,""source_actor_id"":""VID20260804140348::s13"",""source_score"":null},{""class_code"":""suspicious_activity"",""frame_index"":45,""timestamp_ms"":5647,""score"":0.8879507184028625,""source_actor_id"":""VID20260804140348::s13"",""source_score"":null},{""class_code"":""suspicious_activity"",""frame_index"":46,""timestamp_ms"":5781,""score"":0.8879507184028625,""source_actor_id"":""VID20260804140348::s13"",""source_score"":null},{""class_code"":""suspicious_activity"",""frame_index"":47,""timestamp_ms"":5881,""score"":0.8752449154853821,""source_actor_id"":""VID20260804140348::s13"",""source_score"":null},{""class_code"":""suspicious_activity"",""frame_index"":48,""timestamp_ms"":6015,""score"":0.8163725137710571,""source_actor_id"":""VID20260804140348::s13"",""source_score"":null},{""class_code"":""suspicious_activity"",""frame_index"":49,""timestamp_ms"":6148,""score"":0.8163725137710571,""source_actor_id"":""VID20260804140348::s13"",""source_score"":null},{""class_code"":""suspicious_activity"",""frame_index"":114,""timestamp_ms"":14269,""score"":0.8469634652137756,""source_actor_id"":""VID20260804140348::s13"",""source_score"":null},{""class_code"":""suspicious_activity"",""frame_index"":115,""timestamp_ms"":14403,""score"":0.8161429762840271,""source_actor_id"":""VID20260804140348::s13"",""source_score"":null},{""class_code"":""suspicious_activity"",""frame_index"":116,""timestamp_ms"":14503,""score"":0.8197146654129028,""source_actor_id"":""VID20260804140348::s13"",""source_score"":null},{""class_code"":""suspicious_activity"",""frame_index"":117,""timestamp_ms"":14637,""score"":0.8197146654129028,""source_actor_id"":""VID20260804140348::s13"",""source_score"":null},{""class_code"":""suspicious_activity"",""frame_index"":118,""timestamp_ms"":14770,""score"":0.8232279419898987,""source_actor_id"":""VID20260804140348::s13"",""source_score"":null},{""class_code"":""suspicious_activity"",""frame_index"":119,""timestamp_ms"":14904,""score"":0.8216626644134521,""source_actor_id"":""VID20260804140348::s13"",""source_score"":null},{""class_code"":""suspicious_activity"",""frame_index"":120,""timestamp_ms"":15004,""score"":0.8202450275421143,""source_actor_id"":""VID20260804140348::s13"",""source_score"":null}]",26,3275,s13,4,117,True,suspicious_activity
VID20260804140348,s14,suspicious_activity,c5,suspicious_activity,s14,29,3642,0.7065230011940002,,"[{""class_code"":""suspicious_activity"",""frame_index"":26,""timestamp_ms"":3275,""score"":0.6713768243789673,""source_actor_id"":""VID20260804140348::s14"",""source_score"":null},{""class_code"":""suspicious_activity"",""frame_index"":27,""timestamp_ms"":3375,""score"":0.7065230011940002,""source_actor_id"":""VID20260804140348::s14"",""source_score"":null},{""class_code"":""suspicious_activity"",""frame_index"":28,""timestamp_ms"":3508,""score"":0.7065230011940002,""source_actor_id"":""VID20260804140348::s14"",""source_score"":null},{""class_code"":""suspicious_activity"",""frame_index"":29,""timestamp_ms"":3642,""score"":0.7065230011940002,""source_actor_id"":""VID20260804140348::s14"",""source_score"":null},{""class_code"":""suspicious_activity"",""frame_index"":30,""timestamp_ms"":3776,""score"":0.6910783052444458,""source_actor_id"":""VID20260804140348::s14"",""source_score"":null},{""class_code"":""suspicious_activity"",""frame_index"":31,""timestamp_ms"":3876,""score"":0.6630344986915588,""source_actor_id"":""VID20260804140348::s14"",""source_score"":null}]",26,3275,s14,4,117,True,suspicious_activity
VID20260804140425,s13,suspicious_activity,c5,suspicious_activity,s13,98,12264,0.9171144366264343,,"[{""class_code"":""suspicious_activity"",""frame_index"":59,""timestamp_ms"":7385,""score"":0.7213811278343201,""source_actor_id"":""VID20260804140425::s13"",""source_score"":null},{""class_code"":""suspicious_activity"",""frame_index"":60,""timestamp_ms"":7518,""score"":0.7014486789703369,""source_actor_id"":""VID20260804140425::s13"",""source_score"":null},{""class_code"":""suspicious_activity"",""frame_index"":61,""timestamp_ms"":7652,""score"":0.7014486789703369,""source_actor_id"":""VID20260804140425::s13"",""source_score"":null},{""class_code"":""suspicious_activity"",""frame_index"":62,""timestamp_ms"":7752,""score"":0.701824963092804,""source_actor_id"":""VID20260804140425::s13"",""source_score"":null},{""class_code"":""suspicious_activity"",""frame_index"":63,""timestamp_ms"":7886,""score"":0.7267648577690125,""source_actor_id"":""VID20260804140425::s13"",""source_score"":null},{""class_code"":""suspicious_activity"",""frame_index"":64,""timestamp_ms"":8020,""score"":0.7287145256996155,""source_actor_id"":""VID20260804140425::s13"",""source_score"":null},{""class_code"":""suspicious_activity"",""frame_index"":65,""timestamp_ms"":8153,""score"":0.7287145256996155,""source_actor_id"":""VID20260804140425::s13"",""source_score"":null},{""class_code"":""suspicious_activity"",""frame_index"":66,""timestamp_ms"":8254,""score"":0.7332494258880615,""source_actor_id"":""VID20260804140425::s13"",""source_score"":null},{""class_code"":""suspicious_activity"",""frame_index"":67,""timestamp_ms"":8387,""score"":0.748266875743866,""source_actor_id"":""VID20260804140425::s13"",""source_score"":null},{""class_code"":""suspicious_activity"",""frame_index"":68,""timestamp_ms"":8521,""score"":0.752920389175415,""source_actor_id"":""VID20260804140425::s13"",""source_score"":null},{""class_code"":""suspicious_activity"",""frame_index"":69,""timestamp_ms"":8655,""score"":0.7888078689575195,""source_actor_id"":""VID20260804140425::s13"",""source_score"":null},{""class_code"":""suspicious_activity"",""frame_index"":70,""timestamp_ms"":8755,""score"":0.7790786623954773,""source_actor_id"":""VID20260804140425::s13"",""source_score"":null},{""class_code"":""suspicious_activity"",""frame_index"":71,""timestamp_ms"":8888,""score"":0.789118766784668,""source_actor_id"":""VID20260804140425::s13"",""source_score"":null},{""class_code"":""suspicious_activity"",""frame_index"":72,""timestamp_ms"":9023,""score"":0.7776458263397217,""source_actor_id"":""VID20260804140425::s13"",""source_score"":null},{""class_code"":""suspicious_activity"",""frame_index"":73,""timestamp_ms"":9156,""score"":0.8021601438522339,""source_actor_id"":""VID20260804140425::s13"",""source_score"":null},{""class_code"":""suspicious_activity"",""frame_index"":74,""timestamp_ms"":9256,""score"":0.810740053653717,""source_actor_id"":""VID20260804140425::s13"",""source_score"":null},{""class_code"":""suspicious_activity"",""frame_index"":75,""timestamp_ms"":9390,""score"":0.8141577243804932,""source_actor_id"":""VID20260804140425::s13"",""source_score"":null},{""class_code"":""suspicious_activity"",""frame_index"":76,""timestamp_ms"":9523,""score"":0.7350466847419739,""source_actor_id"":""VID20260804140425::s13"",""source_score"":null},{""class_code"":""suspicious_activity"",""frame_index"":77,""timestamp_ms"":9657,""score"":0.8000202178955078,""source_actor_id"":""VID20260804140425::s13"",""source_score"":null},{""class_code"":""suspicious_activity"",""frame_index"":78,""timestamp_ms"":9757,""score"":0.7907639145851135,""source_actor_id"":""VID20260804140425::s13"",""source_score"":null},{""class_code"":""suspicious_activity"",""frame_index"":79,""timestamp_ms"":9891,""score"":0.7907639145851135,""source_actor_id"":""VID20260804140425::s13"",""source_score"":null},{""class_code"":""suspicious_activity"",""frame_index"":80,""timestamp_ms"":10025,""score"":0.7907639145851135,""source_actor_id"":""VID20260804140425::s13"",""source_score"":null},{""class_code"":""suspicious_activity"",""frame_index"":81,""timestamp_ms"":10125,""score"":0.8039122223854065,""source_actor_id"":""VID20260804140425::s13"",""source_score"":null},{""class_code"":""suspicious_activity"",""frame_index"":82,""timestamp_ms"":10259,""score"":0.8039122223854065,""source_actor_id"":""VID20260804140425::s13"",""source_score"":null},{""class_code"":""suspicious_activity"",""frame_index"":83,""timestamp_ms"":10392,""score"":0.7924495935440063,""source_actor_id"":""VID20260804140425::s13"",""source_score"":null},{""class_code"":""suspicious_activity"",""frame_index"":84,""timestamp_ms"":10526,""score"":0.7861520051956177,""source_actor_id"":""VID20260804140425::s13"",""source_score"":null},{""class_code"":""suspicious_activity"",""frame_index"":85,""timestamp_ms"":10627,""score"":0.7861520051956177,""source_actor_id"":""VID20260804140425::s13"",""source_score"":null},{""class_code"":""suspicious_activity"",""frame_index"":86,""timestamp_ms"":10760,""score"":0.7929826378822327,""source_actor_id"":""VID20260804140425::s13"",""source_score"":null},{""class_code"":""suspicious_activity"",""frame_index"":87,""timestamp_ms"":10893,""score"":0.8001322150230408,""source_actor_id"":""VID20260804140425::s13"",""source_score"":null},{""class_code"":""suspicious_activity"",""frame_index"":88,""timestamp_ms"":11028,""score"":0.7979306578636169,""source_actor_id"":""VID20260804140425::s13"",""source_score"":null},{""class_code"":""suspicious_activity"",""frame_index"":90,""timestamp_ms"":11261,""score"":0.7577013373374939,""source_actor_id"":""VID20260804140425::s13"",""source_score"":null},{""class_code"":""suspicious_activity"",""frame_index"":91,""timestamp_ms"":11395,""score"":0.9005675911903381,""source_actor_id"":""VID20260804140425::s13"",""source_score"":null},{""class_code"":""suspicious_activity"",""frame_index"":92,""timestamp_ms"":11528,""score"":0.9005675911903381,""source_actor_id"":""VID20260804140425::s13"",""source_score"":null},{""class_code"":""suspicious_activity"",""frame_index"":93,""timestamp_ms"":11629,""score"":0.8974524140357971,""source_actor_id"":""VID20260804140425::s13"",""source_score"":null},{""class_code"":""suspicious_activity"",""frame_index"":94,""timestamp_ms"":11763,""score"":0.8989121913909912,""source_actor_id"":""VID20260804140425::s13"",""source_score"":null},{""class_code"":""suspicious_activity"",""frame_index"":95,""timestamp_ms"":11896,""score"":0.8989121913909912,""source_actor_id"":""VID20260804140425::s13"",""source_score"":null},{""class_code"":""suspicious_activity"",""frame_index"":96,""timestamp_ms"":12030,""score"":0.9013800024986267,""source_actor_id"":""VID20260804140425::s13"",""source_score"":null},{""class_code"":""suspicious_activity"",""frame_index"":97,""timestamp_ms"":12130,""score"":0.9045302271842957,""source_actor_id"":""VID20260804140425::s13"",""source_score"":null},{""class_code"":""suspicious_activity"",""frame_index"":98,""timestamp_ms"":12264,""score"":0.9171144366264343,""source_actor_id"":""VID20260804140425::s13"",""source_score"":null},{""class_code"":""suspicious_activity"",""frame_index"":99,""timestamp_ms"":12398,""score"":0.9139018058776855,""source_actor_id"":""VID20260804140425::s13"",""source_score"":null},{""class_code"":""suspicious_activity"",""frame_index"":100,""timestamp_ms"":12531,""score"":0.9159076809883118,""source_actor_id"":""VID20260804140425::s13"",""source_score"":null},{""class_code"":""suspicious_activity"",""frame_index"":101,""timestamp_ms"":12632,""score"":0.9159076809883118,""source_actor_id"":""VID20260804140425::s13"",""source_score"":null},{""class_code"":""suspicious_activity"",""frame_index"":102,""timestamp_ms"":12765,""score"":0.9150334000587463,""source_actor_id"":""VID20260804140425::s13"",""source_score"":null},{""class_code"":""suspicious_activity"",""frame_index"":103,""timestamp_ms"":12898,""score"":0.9150334000587463,""source_actor_id"":""VID20260804140425::s13"",""source_score"":null},{""class_code"":""suspicious_activity"",""frame_index"":104,""timestamp_ms"":13033,""score"":0.866732120513916,""source_actor_id"":""VID20260804140425::s13"",""source_score"":null},{""class_code"":""suspicious_activity"",""frame_index"":105,""timestamp_ms"":13133,""score"":0.866732120513916,""source_actor_id"":""VID20260804140425::s13"",""source_score"":null},{""class_code"":""suspicious_activity"",""frame_index"":106,""timestamp_ms"":13266,""score"":0.8698717951774597,""source_actor_id"":""VID20260804140425::s13"",""source_score"":null},{""class_code"":""suspicious_activity"",""frame_index"":107,""timestamp_ms"":13400,""score"":0.8698717951774597,""source_actor_id"":""VID20260804140425::s13"",""source_score"":null},{""class_code"":""suspicious_activity"",""frame_index"":108,""timestamp_ms"":13500,""score"":0.866732120513916,""source_actor_id"":""VID20260804140425::s13"",""source_score"":null},{""class_code"":""suspicious_activity"",""frame_index"":109,""timestamp_ms"":13634,""score"":0.8648775219917297,""source_actor_id"":""VID20260804140425::s13"",""source_score"":null},{""class_code"":""suspicious_activity"",""frame_index"":110,""timestamp_ms"":13768,""score"":0.866732120513916,""source_actor_id"":""VID20260804140425::s13"",""source_score"":null},{""class_code"":""suspicious_activity"",""frame_index"":111,""timestamp_ms"":13901,""score"":0.866732120513916,""source_actor_id"":""VID20260804140425::s13"",""source_score"":null},{""class_code"":""suspicious_activity"",""frame_index"":112,""timestamp_ms"":14002,""score"":0.8648775219917297,""source_actor_id"":""VID20260804140425::s13"",""source_score"":null},{""class_code"":""suspicious_activity"",""frame_index"":113,""timestamp_ms"":14135,""score"":0.8763762712478638,""source_actor_id"":""VID20260804140425::s13"",""source_score"":null},{""class_code"":""suspicious_activity"",""frame_index"":114,""timestamp_ms"":14269,""score"":0.8543726801872253,""source_actor_id"":""VID20260804140425::s13"",""source_score"":null}]",59,7385,s13,4,116,True,suspicious_activity
VID20260804140425,s14,suspicious_activity,c5,,,,,,,[],,,,4,116,True,c5
VID20260804140451,s13,suspicious_activity,suspicious_activity,suspicious_activity,s13,125,15639,0.9556174874305725,,"[{""class_code"":""suspicious_activity"",""frame_index"":82,""timestamp_ms"":10259,""score"":0.8096766471862793,""source_actor_id"":""VID20260804140451::s13"",""source_score"":null},{""class_code"":""suspicious_activity"",""frame_index"":83,""timestamp_ms"":10393,""score"":0.807206392288208,""source_actor_id"":""VID20260804140451::s13"",""source_score"":null},{""class_code"":""suspicious_activity"",""frame_index"":84,""timestamp_ms"":10527,""score"":0.8375129103660583,""source_actor_id"":""VID20260804140451::s13"",""source_score"":null},{""class_code"":""suspicious_activity"",""frame_index"":87,""timestamp_ms"":10894,""score"":0.8466971516609192,""source_actor_id"":""VID20260804140451::s13"",""source_score"":null},{""class_code"":""suspicious_activity"",""frame_index"":88,""timestamp_ms"":11028,""score"":0.8466971516609192,""source_actor_id"":""VID20260804140451::s13"",""source_score"":null},{""class_code"":""suspicious_activity"",""frame_index"":89,""timestamp_ms"":11127,""score"":0.8565792441368103,""source_actor_id"":""VID20260804140451::s13"",""source_score"":null},{""class_code"":""suspicious_activity"",""frame_index"":90,""timestamp_ms"":11262,""score"":0.8565792441368103,""source_actor_id"":""VID20260804140451::s13"",""source_score"":null},{""class_code"":""suspicious_activity"",""frame_index"":91,""timestamp_ms"":11395,""score"":0.8565792441368103,""source_actor_id"":""VID20260804140451::s13"",""source_score"":null},{""class_code"":""suspicious_activity"",""frame_index"":92,""timestamp_ms"":11529,""score"":0.8435616493225098,""source_actor_id"":""VID20260804140451::s13"",""source_score"":null},{""class_code"":""suspicious_activity"",""frame_index"":93,""timestamp_ms"":11629,""score"":0.8435616493225098,""source_actor_id"":""VID20260804140451::s13"",""source_score"":null},{""class_code"":""suspicious_activity"",""frame_index"":94,""timestamp_ms"":11763,""score"":0.8435616493225098,""source_actor_id"":""VID20260804140451::s13"",""source_score"":null},{""class_code"":""suspicious_activity"",""frame_index"":96,""timestamp_ms"":12030,""score"":0.8500893712043762,""source_actor_id"":""VID20260804140451::s13"",""source_score"":null},{""class_code"":""suspicious_activity"",""frame_index"":97,""timestamp_ms"":12130,""score"":0.8486437797546387,""source_actor_id"":""VID20260804140451::s13"",""source_score"":null},{""class_code"":""suspicious_activity"",""frame_index"":98,""timestamp_ms"":12264,""score"":0.8486437797546387,""source_actor_id"":""VID20260804140451::s13"",""source_score"":null},{""class_code"":""suspicious_activity"",""frame_index"":99,""timestamp_ms"":12398,""score"":0.8486437797546387,""source_actor_id"":""VID20260804140451::s13"",""source_score"":null},{""class_code"":""suspicious_activity"",""frame_index"":100,""timestamp_ms"":12532,""score"":0.8601201176643372,""source_actor_id"":""VID20260804140451::s13"",""source_score"":null},{""class_code"":""suspicious_activity"",""frame_index"":101,""timestamp_ms"":12632,""score"":0.8641974925994873,""source_actor_id"":""VID20260804140451::s13"",""source_score"":null},{""class_code"":""suspicious_activity"",""frame_index"":102,""timestamp_ms"":12765,""score"":0.8755911588668823,""source_actor_id"":""VID20260804140451::s13"",""source_score"":null},{""class_code"":""suspicious_activity"",""frame_index"":103,""timestamp_ms"":12899,""score"":0.8755911588668823,""source_actor_id"":""VID20260804140451::s13"",""source_score"":null},{""class_code"":""suspicious_activity"",""frame_index"":104,""timestamp_ms"":13033,""score"":0.8755911588668823,""source_actor_id"":""VID20260804140451::s13"",""source_score"":null},{""class_code"":""suspicious_activity"",""frame_index"":105,""timestamp_ms"":13133,""score"":0.8755911588668823,""source_actor_id"":""VID20260804140451::s13"",""source_score"":null},{""class_code"":""suspicious_activity"",""frame_index"":106,""timestamp_ms"":13267,""score"":0.878553032875061,""source_actor_id"":""VID20260804140451::s13"",""source_score"":null},{""class_code"":""suspicious_activity"",""frame_index"":107,""timestamp_ms"":13400,""score"":0.8768396973609924,""source_actor_id"":""VID20260804140451::s13"",""source_score"":null},{""class_code"":""suspicious_activity"",""frame_index"":108,""timestamp_ms"":13501,""score"":0.8768396973609924,""source_actor_id"":""VID20260804140451::s13"",""source_score"":null},{""class_code"":""suspicious_activity"",""frame_index"":109,""timestamp_ms"":13634,""score"":0.8788160085678101,""source_actor_id"":""VID20260804140451::s13"",""source_score"":null},{""class_code"":""suspicious_activity"",""frame_index"":110,""timestamp_ms"":13768,""score"":0.8788160085678101,""source_actor_id"":""VID20260804140451::s13"",""source_score"":null},{""class_code"":""suspicious_activity"",""frame_index"":113,""timestamp_ms"":14135,""score"":0.9274299740791321,""source_actor_id"":""VID20260804140451::s13"",""source_score"":null},{""class_code"":""suspicious_activity"",""frame_index"":114,""timestamp_ms"":14269,""score"":0.8806399703025818,""source_actor_id"":""VID20260804140451::s13"",""source_score"":null},{""class_code"":""suspicious_activity"",""frame_index"":115,""timestamp_ms"":14403,""score"":0.893738865852356,""source_actor_id"":""VID20260804140451::s13"",""source_score"":null},{""class_code"":""suspicious_activity"",""frame_index"":116,""timestamp_ms"":14503,""score"":0.893738865852356,""source_actor_id"":""VID20260804140451::s13"",""source_score"":null},{""class_code"":""suspicious_activity"",""frame_index"":117,""timestamp_ms"":14637,""score"":0.893738865852356,""source_actor_id"":""VID20260804140451::s13"",""source_score"":null},{""class_code"":""suspicious_activity"",""frame_index"":118,""timestamp_ms"":14770,""score"":0.893738865852356,""source_actor_id"":""VID20260804140451::s13"",""source_score"":null},{""class_code"":""suspicious_activity"",""frame_index"":119,""timestamp_ms"":14904,""score"":0.9052420854568481,""source_actor_id"":""VID20260804140451::s13"",""source_score"":null},{""class_code"":""suspicious_activity"",""frame_index"":124,""timestamp_ms"":15506,""score"":0.8919026851654053,""source_actor_id"":""VID20260804140451::s13"",""source_score"":null},{""class_code"":""suspicious_activity"",""frame_index"":125,""timestamp_ms"":15639,""score"":0.9556174874305725,""source_actor_id"":""VID20260804140451::s13"",""source_score"":null}]",82,10259,s13,4,122,True,suspicious_activity
VID20260804140451,s14,suspicious_activity,c5,suspicious_activity,s14,38,4778,0.7210167050361633,,"[{""class_code"":""suspicious_activity"",""frame_index"":4,""timestamp_ms"":501,""score"":0.6727365255355835,""source_actor_id"":""VID20260804140451::s14"",""source_score"":null},{""class_code"":""suspicious_activity"",""frame_index"":5,""timestamp_ms"":635,""score"":0.6811837553977966,""source_actor_id"":""VID20260804140451::s14"",""source_score"":null},{""class_code"":""suspicious_activity"",""frame_index"":16,""timestamp_ms"":2005,""score"":0.6701568961143494,""source_actor_id"":""VID20260804140451::s14"",""source_score"":null},{""class_code"":""suspicious_activity"",""frame_index"":17,""timestamp_ms"":2138,""score"":0.6641333103179932,""source_actor_id"":""VID20260804140451::s14"",""source_score"":null},{""class_code"":""suspicious_activity"",""frame_index"":18,""timestamp_ms"":2272,""score"":0.6894544959068298,""source_actor_id"":""VID20260804140451::s14"",""source_score"":null},{""class_code"":""suspicious_activity"",""frame_index"":19,""timestamp_ms"":2405,""score"":0.6891189813613892,""source_actor_id"":""VID20260804140451::s14"",""source_score"":null},{""class_code"":""suspicious_activity"",""frame_index"":20,""timestamp_ms"":2506,""score"":0.701760470867157,""source_actor_id"":""VID20260804140451::s14"",""source_score"":null},{""class_code"":""suspicious_activity"",""frame_index"":21,""timestamp_ms"":2640,""score"":0.7096644639968872,""source_actor_id"":""VID20260804140451::s14"",""source_score"":null},{""class_code"":""suspicious_activity"",""frame_index"":22,""timestamp_ms"":2773,""score"":0.6972134113311768,""source_actor_id"":""VID20260804140451::s14"",""source_score"":null},{""class_code"":""suspicious_activity"",""frame_index"":23,""timestamp_ms"":2907,""score"":0.6972134113311768,""source_actor_id"":""VID20260804140451::s14"",""source_score"":null},{""class_code"":""suspicious_activity"",""frame_index"":24,""timestamp_ms"":3007,""score"":0.6972134113311768,""source_actor_id"":""VID20260804140451::s14"",""source_score"":null},{""class_code"":""suspicious_activity"",""frame_index"":25,""timestamp_ms"":3141,""score"":0.6972134113311768,""source_actor_id"":""VID20260804140451::s14"",""source_score"":null},{""class_code"":""suspicious_activity"",""frame_index"":26,""timestamp_ms"":3275,""score"":0.6972134113311768,""source_actor_id"":""VID20260804140451::s14"",""source_score"":null},{""class_code"":""suspicious_activity"",""frame_index"":27,""timestamp_ms"":3375,""score"":0.6763788461685181,""source_actor_id"":""VID20260804140451::s14"",""source_score"":null},{""class_code"":""suspicious_activity"",""frame_index"":28,""timestamp_ms"":3509,""score"":0.6896342635154724,""source_actor_id"":""VID20260804140451::s14"",""source_score"":null},{""class_code"":""suspicious_activity"",""frame_index"":29,""timestamp_ms"":3642,""score"":0.6817697882652283,""source_actor_id"":""VID20260804140451::s14"",""source_score"":null},{""class_code"":""suspicious_activity"",""frame_index"":30,""timestamp_ms"":3776,""score"":0.7116708159446716,""source_actor_id"":""VID20260804140451::s14"",""source_score"":null},{""class_code"":""suspicious_activity"",""frame_index"":31,""timestamp_ms"":3876,""score"":0.7116708159446716,""source_actor_id"":""VID20260804140451::s14"",""source_score"":null},{""class_code"":""suspicious_activity"",""frame_index"":32,""timestamp_ms"":4010,""score"":0.713578999042511,""source_actor_id"":""VID20260804140451::s14"",""source_score"":null},{""class_code"":""suspicious_activity"",""frame_index"":33,""timestamp_ms"":4143,""score"":0.6696010828018188,""source_actor_id"":""VID20260804140451::s14"",""source_score"":null},{""class_code"":""suspicious_activity"",""frame_index"":36,""timestamp_ms"":4511,""score"":0.6892253160476685,""source_actor_id"":""VID20260804140451::s14"",""source_score"":null},{""class_code"":""suspicious_activity"",""frame_index"":37,""timestamp_ms"":4645,""score"":0.699383020401001,""source_actor_id"":""VID20260804140451::s14"",""source_score"":null},{""class_code"":""suspicious_activity"",""frame_index"":38,""timestamp_ms"":4778,""score"":0.7210167050361633,""source_actor_id"":""VID20260804140451::s14"",""source_score"":null}]",4,501,s14,4,122,True,suspicious_activity
VID20260804140536,s13,c5,c5,suspicious_activity,s13,100,12532,0.699819028377533,,"[{""class_code"":""suspicious_activity"",""frame_index"":93,""timestamp_ms"":11629,""score"":0.6628076434135437,""source_actor_id"":""VID20260804140536::s13"",""source_score"":null},{""class_code"":""suspicious_activity"",""frame_index"":94,""timestamp_ms"":11763,""score"":0.6628076434135437,""source_actor_id"":""VID20260804140536::s13"",""source_score"":null},{""class_code"":""suspicious_activity"",""frame_index"":95,""timestamp_ms"":11897,""score"":0.6628076434135437,""source_actor_id"":""VID20260804140536::s13"",""source_score"":null},{""class_code"":""suspicious_activity"",""frame_index"":96,""timestamp_ms"":12030,""score"":0.6628076434135437,""source_actor_id"":""VID20260804140536::s13"",""source_score"":null},{""class_code"":""suspicious_activity"",""frame_index"":97,""timestamp_ms"":12131,""score"":0.6628076434135437,""source_actor_id"":""VID20260804140536::s13"",""source_score"":null},{""class_code"":""suspicious_activity"",""frame_index"":98,""timestamp_ms"":12264,""score"":0.6936224102973938,""source_actor_id"":""VID20260804140536::s13"",""source_score"":null},{""class_code"":""suspicious_activity"",""frame_index"":99,""timestamp_ms"":12398,""score"":0.6936224102973938,""source_actor_id"":""VID20260804140536::s13"",""source_score"":null},{""class_code"":""suspicious_activity"",""frame_index"":100,""timestamp_ms"":12532,""score"":0.699819028377533,""source_actor_id"":""VID20260804140536::s13"",""source_score"":null}]",93,11629,s13,4,101,True,suspicious_activity
VID20260804140536,s14,c3,c5,c3,s14,20,2506,0.9877108931541443,,"[{""class_code"":""c3"",""frame_index"":13,""timestamp_ms"":1637,""score"":0.9570911526679993,""source_actor_id"":""VID20260804140536::s14"",""source_score"":null},{""class_code"":""c3"",""frame_index"":14,""timestamp_ms"":1771,""score"":0.9551043510437012,""source_actor_id"":""VID20260804140536::s14"",""source_score"":null},{""class_code"":""c3"",""frame_index"":15,""timestamp_ms"":1905,""score"":0.9586500525474548,""source_actor_id"":""VID20260804140536::s14"",""source_score"":null},{""class_code"":""c3"",""frame_index"":16,""timestamp_ms"":2005,""score"":0.9724303483963013,""source_actor_id"":""VID20260804140536::s14"",""source_score"":null},{""class_code"":""c3"",""frame_index"":17,""timestamp_ms"":2139,""score"":0.9873535633087158,""source_actor_id"":""VID20260804140536::s14"",""source_score"":null},{""class_code"":""c3"",""frame_index"":18,""timestamp_ms"":2272,""score"":0.9874479174613953,""source_actor_id"":""VID20260804140536::s14"",""source_score"":null},{""class_code"":""c3"",""frame_index"":19,""timestamp_ms"":2405,""score"":0.9877108931541443,""source_actor_id"":""VID20260804140536::s14"",""source_score"":null},{""class_code"":""c3"",""frame_index"":20,""timestamp_ms"":2506,""score"":0.9877108931541443,""source_actor_id"":""VID20260804140536::s14"",""source_score"":null},{""class_code"":""c3"",""frame_index"":21,""timestamp_ms"":2640,""score"":0.9870026111602783,""source_actor_id"":""VID20260804140536::s14"",""source_score"":null},{""class_code"":""c3"",""frame_index"":22,""timestamp_ms"":2773,""score"":0.9772323966026306,""source_actor_id"":""VID20260804140536::s14"",""source_score"":null},{""class_code"":""c3"",""frame_index"":23,""timestamp_ms"":2907,""score"":0.9773420691490173,""source_actor_id"":""VID20260804140536::s14"",""source_score"":null},{""class_code"":""c3"",""frame_index"":24,""timestamp_ms"":3007,""score"":0.978565514087677,""source_actor_id"":""VID20260804140536::s14"",""source_score"":null},{""class_code"":""c3"",""frame_index"":25,""timestamp_ms"":3141,""score"":0.977590024471283,""source_actor_id"":""VID20260804140536::s14"",""source_score"":null},{""class_code"":""c3"",""frame_index"":26,""timestamp_ms"":3275,""score"":0.9808136820793152,""source_actor_id"":""VID20260804140536::s14"",""source_score"":null},{""class_code"":""c3"",""frame_index"":27,""timestamp_ms"":3375,""score"":0.9808136820793152,""source_actor_id"":""VID20260804140536::s14"",""source_score"":null},{""class_code"":""c3"",""frame_index"":28,""timestamp_ms"":3509,""score"":0.974365770816803,""source_actor_id"":""VID20260804140536::s14"",""source_score"":null},{""class_code"":""c3"",""frame_index"":29,""timestamp_ms"":3642,""score"":0.9742537140846252,""source_actor_id"":""VID20260804140536::s14"",""source_score"":null},{""class_code"":""c3"",""frame_index"":30,""timestamp_ms"":3776,""score"":0.980985164642334,""source_actor_id"":""VID20260804140536::s14"",""source_score"":null},{""class_code"":""c3"",""frame_index"":31,""timestamp_ms"":3876,""score"":0.9822256565093994,""source_actor_id"":""VID20260804140536::s14"",""source_score"":null},{""class_code"":""c3"",""frame_index"":32,""timestamp_ms"":4010,""score"":0.9810551404953003,""source_actor_id"":""VID20260804140536::s14"",""source_score"":null},{""class_code"":""c3"",""frame_index"":33,""timestamp_ms"":4144,""score"":0.9626518487930298,""source_actor_id"":""VID20260804140536::s14"",""source_score"":null},{""class_code"":""c3"",""frame_index"":34,""timestamp_ms"":4277,""score"":0.9394762516021729,""source_actor_id"":""VID20260804140536::s14"",""source_score"":null},{""class_code"":""c3"",""frame_index"":35,""timestamp_ms"":4377,""score"":0.9108148813247681,""source_actor_id"":""VID20260804140536::s14"",""source_score"":null},{""class_code"":""c3"",""frame_index"":36,""timestamp_ms"":4511,""score"":0.8750281929969788,""source_actor_id"":""VID20260804140536::s14"",""source_score"":null},{""class_code"":""c3"",""frame_index"":37,""timestamp_ms"":4645,""score"":0.8750281929969788,""source_actor_id"":""VID20260804140536::s14"",""source_score"":null},{""class_code"":""c3"",""frame_index"":38,""timestamp_ms"":4779,""score"":0.8750281929969788,""source_actor_id"":""VID20260804140536::s14"",""source_score"":null},{""class_code"":""c3"",""frame_index"":39,""timestamp_ms"":4879,""score"":0.8750281929969788,""source_actor_id"":""VID20260804140536::s14"",""source_score"":null},{""class_code"":""c3"",""frame_index"":40,""timestamp_ms"":5012,""score"":0.863899827003479,""source_actor_id"":""VID20260804140536::s14"",""source_score"":null},{""class_code"":""c3"",""frame_index"":41,""timestamp_ms"":5147,""score"":0.9013088941574097,""source_actor_id"":""VID20260804140536::s14"",""source_score"":null},{""class_code"":""c3"",""frame_index"":42,""timestamp_ms"":5280,""score"":0.8593042492866516,""source_actor_id"":""VID20260804140536::s14"",""source_score"":null},{""class_code"":""c3"",""frame_index"":43,""timestamp_ms"":5380,""score"":0.8421592116355896,""source_actor_id"":""VID20260804140536::s14"",""source_score"":null},{""class_code"":""c3"",""frame_index"":44,""timestamp_ms"":5514,""score"":0.8421592116355896,""source_actor_id"":""VID20260804140536::s14"",""source_score"":null},{""class_code"":""c3"",""frame_index"":45,""timestamp_ms"":5647,""score"":0.8249582648277283,""source_actor_id"":""VID20260804140536::s14"",""source_score"":null},{""class_code"":""c3"",""frame_index"":46,""timestamp_ms"":5781,""score"":0.78764408826828,""source_actor_id"":""VID20260804140536::s14"",""source_score"":null},{""class_code"":""c3"",""frame_index"":47,""timestamp_ms"":5881,""score"":0.879280149936676,""source_actor_id"":""VID20260804140536::s14"",""source_score"":null},{""class_code"":""c3"",""frame_index"":48,""timestamp_ms"":6015,""score"":0.881392776966095,""source_actor_id"":""VID20260804140536::s14"",""source_score"":null},{""class_code"":""c3"",""frame_index"":49,""timestamp_ms"":6149,""score"":0.9023894667625427,""source_actor_id"":""VID20260804140536::s14"",""source_score"":null},{""class_code"":""c3"",""frame_index"":50,""timestamp_ms"":6282,""score"":0.8973444104194641,""source_actor_id"":""VID20260804140536::s14"",""source_score"":null},{""class_code"":""c3"",""frame_index"":65,""timestamp_ms"":8154,""score"":0.9146207571029663,""source_actor_id"":""VID20260804140536::s14"",""source_score"":null},{""class_code"":""c3"",""frame_index"":66,""timestamp_ms"":8254,""score"":0.901393711566925,""source_actor_id"":""VID20260804140536::s14"",""source_score"":null},{""class_code"":""c3"",""frame_index"":67,""timestamp_ms"":8387,""score"":0.8912296295166016,""source_actor_id"":""VID20260804140536::s14"",""source_score"":null},{""class_code"":""c3"",""frame_index"":68,""timestamp_ms"":8522,""score"":0.8948452472686768,""source_actor_id"":""VID20260804140536::s14"",""source_score"":null},{""class_code"":""c3"",""frame_index"":69,""timestamp_ms"":8655,""score"":0.8975365161895752,""source_actor_id"":""VID20260804140536::s14"",""source_score"":null},{""class_code"":""c3"",""frame_index"":70,""timestamp_ms"":8755,""score"":0.8820250034332275,""source_actor_id"":""VID20260804140536::s14"",""source_score"":null},{""class_code"":""c3"",""frame_index"":71,""timestamp_ms"":8889,""score"":0.8820250034332275,""source_actor_id"":""VID20260804140536::s14"",""source_score"":null},{""class_code"":""c3"",""frame_index"":72,""timestamp_ms"":9022,""score"":0.8947473168373108,""source_actor_id"":""VID20260804140536::s14"",""source_score"":null},{""class_code"":""c3"",""frame_index"":73,""timestamp_ms"":9157,""score"":0.913159966468811,""source_actor_id"":""VID20260804140536::s14"",""source_score"":null},{""class_code"":""c3"",""frame_index"":74,""timestamp_ms"":9257,""score"":0.948613703250885,""source_actor_id"":""VID20260804140536::s14"",""source_score"":null},{""class_code"":""c3"",""frame_index"":75,""timestamp_ms"":9390,""score"":0.9115450382232666,""source_actor_id"":""VID20260804140536::s14"",""source_score"":null},{""class_code"":""c3"",""frame_index"":76,""timestamp_ms"":9524,""score"":0.9181193113327026,""source_actor_id"":""VID20260804140536::s14"",""source_score"":null},{""class_code"":""c3"",""frame_index"":77,""timestamp_ms"":9657,""score"":0.9206028580665588,""source_actor_id"":""VID20260804140536::s14"",""source_score"":null},{""class_code"":""c3"",""frame_index"":78,""timestamp_ms"":9758,""score"":0.8764040470123291,""source_actor_id"":""VID20260804140536::s14"",""source_score"":null},{""class_code"":""c3"",""frame_index"":79,""timestamp_ms"":9892,""score"":0.8764040470123291,""source_actor_id"":""VID20260804140536::s14"",""source_score"":null},{""class_code"":""c3"",""frame_index"":80,""timestamp_ms"":10025,""score"":0.8719695806503296,""source_actor_id"":""VID20260804140536::s14"",""source_score"":null},{""class_code"":""c3"",""frame_index"":81,""timestamp_ms"":10125,""score"":0.8845077753067017,""source_actor_id"":""VID20260804140536::s14"",""source_score"":null},{""class_code"":""c3"",""frame_index"":82,""timestamp_ms"":10259,""score"":0.8997480273246765,""source_actor_id"":""VID20260804140536::s14"",""source_score"":null},{""class_code"":""c3"",""frame_index"":83,""timestamp_ms"":10392,""score"":0.9064160585403442,""source_actor_id"":""VID20260804140536::s14"",""source_score"":null},{""class_code"":""c3"",""frame_index"":84,""timestamp_ms"":10527,""score"":0.9064160585403442,""source_actor_id"":""VID20260804140536::s14"",""source_score"":null},{""class_code"":""c3"",""frame_index"":85,""timestamp_ms"":10627,""score"":0.9064160585403442,""source_actor_id"":""VID20260804140536::s14"",""source_score"":null},{""class_code"":""c3"",""frame_index"":86,""timestamp_ms"":10760,""score"":0.9037604928016663,""source_actor_id"":""VID20260804140536::s14"",""source_score"":null},{""class_code"":""c3"",""frame_index"":87,""timestamp_ms"":10894,""score"":0.893240749835968,""source_actor_id"":""VID20260804140536::s14"",""source_score"":null},{""class_code"":""c3"",""frame_index"":88,""timestamp_ms"":11028,""score"":0.893240749835968,""source_actor_id"":""VID20260804140536::s14"",""source_score"":null},{""class_code"":""c3"",""frame_index"":89,""timestamp_ms"":11128,""score"":0.922000527381897,""source_actor_id"":""VID20260804140536::s14"",""source_score"":null},{""class_code"":""c3"",""frame_index"":90,""timestamp_ms"":11262,""score"":0.9041702151298523,""source_actor_id"":""VID20260804140536::s14"",""source_score"":null},{""class_code"":""c3"",""frame_index"":91,""timestamp_ms"":11395,""score"":0.9039477705955505,""source_actor_id"":""VID20260804140536::s14"",""source_score"":null},{""class_code"":""c3"",""frame_index"":92,""timestamp_ms"":11529,""score"":0.9082342982292175,""source_actor_id"":""VID20260804140536::s14"",""source_score"":null},{""class_code"":""c3"",""frame_index"":93,""timestamp_ms"":11629,""score"":0.9572150707244873,""source_actor_id"":""VID20260804140536::s14"",""source_score"":null},{""class_code"":""c3"",""frame_index"":94,""timestamp_ms"":11763,""score"":0.9170238971710205,""source_actor_id"":""VID20260804140536::s14"",""source_score"":null},{""class_code"":""c3"",""frame_index"":95,""timestamp_ms"":11897,""score"":0.92393958568573,""source_actor_id"":""VID20260804140536::s14"",""source_score"":null},{""class_code"":""c3"",""frame_index"":96,""timestamp_ms"":12030,""score"":0.9267252087593079,""source_actor_id"":""VID20260804140536::s14"",""source_score"":null},{""class_code"":""c3"",""frame_index"":97,""timestamp_ms"":12131,""score"":0.9201102256774902,""source_actor_id"":""VID20260804140536::s14"",""source_score"":null},{""class_code"":""c3"",""frame_index"":98,""timestamp_ms"":12264,""score"":0.9086178541183472,""source_actor_id"":""VID20260804140536::s14"",""source_score"":null},{""class_code"":""c3"",""frame_index"":99,""timestamp_ms"":12398,""score"":0.9198220372200012,""source_actor_id"":""VID20260804140536::s14"",""source_score"":null},{""class_code"":""c3"",""frame_index"":100,""timestamp_ms"":12532,""score"":0.9198220372200012,""source_actor_id"":""VID20260804140536::s14"",""source_score"":null},{""class_code"":""c3"",""frame_index"":101,""timestamp_ms"":12632,""score"":0.9138160943984985,""source_actor_id"":""VID20260804140536::s14"",""source_score"":null}]",13,1637,s14,4,101,True,c3
VID20260804140559,s13,c3,c5,c3,s13,14,1771,0.9768994450569153,,"[{""class_code"":""c3"",""frame_index"":12,""timestamp_ms"":1503,""score"":0.9714035987854004,""source_actor_id"":""VID20260804140559::s13"",""source_score"":null},{""class_code"":""c3"",""frame_index"":13,""timestamp_ms"":1637,""score"":0.9722064137458801,""source_actor_id"":""VID20260804140559::s13"",""source_score"":null},{""class_code"":""c3"",""frame_index"":14,""timestamp_ms"":1771,""score"":0.9768994450569153,""source_actor_id"":""VID20260804140559::s13"",""source_score"":null},{""class_code"":""c3"",""frame_index"":15,""timestamp_ms"":1904,""score"":0.95173579454422,""source_actor_id"":""VID20260804140559::s13"",""source_score"":null},{""class_code"":""c3"",""frame_index"":16,""timestamp_ms"":2005,""score"":0.949161946773529,""source_actor_id"":""VID20260804140559::s13"",""source_score"":null},{""class_code"":""c3"",""frame_index"":17,""timestamp_ms"":2138,""score"":0.9578239917755127,""source_actor_id"":""VID20260804140559::s13"",""source_score"":null},{""class_code"":""c3"",""frame_index"":18,""timestamp_ms"":2272,""score"":0.9613825678825378,""source_actor_id"":""VID20260804140559::s13"",""source_score"":null},{""class_code"":""c3"",""frame_index"":19,""timestamp_ms"":2406,""score"":0.9613825678825378,""source_actor_id"":""VID20260804140559::s13"",""source_score"":null},{""class_code"":""c3"",""frame_index"":20,""timestamp_ms"":2506,""score"":0.9580044746398926,""source_actor_id"":""VID20260804140559::s13"",""source_score"":null},{""class_code"":""c3"",""frame_index"":21,""timestamp_ms"":2639,""score"":0.9580044746398926,""source_actor_id"":""VID20260804140559::s13"",""source_score"":null},{""class_code"":""c3"",""frame_index"":22,""timestamp_ms"":2773,""score"":0.9586657285690308,""source_actor_id"":""VID20260804140559::s13"",""source_score"":null},{""class_code"":""c3"",""frame_index"":23,""timestamp_ms"":2907,""score"":0.9581893086433411,""source_actor_id"":""VID20260804140559::s13"",""source_score"":null},{""class_code"":""c3"",""frame_index"":24,""timestamp_ms"":3007,""score"":0.9556868076324463,""source_actor_id"":""VID20260804140559::s13"",""source_score"":null},{""class_code"":""c3"",""frame_index"":25,""timestamp_ms"":3141,""score"":0.9597281217575073,""source_actor_id"":""VID20260804140559::s13"",""source_score"":null},{""class_code"":""c3"",""frame_index"":26,""timestamp_ms"":3274,""score"":0.9631322026252747,""source_actor_id"":""VID20260804140559::s13"",""source_score"":null},{""class_code"":""c3"",""frame_index"":27,""timestamp_ms"":3375,""score"":0.9137352108955383,""source_actor_id"":""VID20260804140559::s13"",""source_score"":null},{""class_code"":""c3"",""frame_index"":28,""timestamp_ms"":3508,""score"":0.9249004125595093,""source_actor_id"":""VID20260804140559::s13"",""source_score"":null},{""class_code"":""c3"",""frame_index"":29,""timestamp_ms"":3642,""score"":0.9280608296394348,""source_actor_id"":""VID20260804140559::s13"",""source_score"":null},{""class_code"":""c3"",""frame_index"":30,""timestamp_ms"":3776,""score"":0.8749691247940063,""source_actor_id"":""VID20260804140559::s13"",""source_score"":null},{""class_code"":""c3"",""frame_index"":31,""timestamp_ms"":3876,""score"":0.8832560777664185,""source_actor_id"":""VID20260804140559::s13"",""source_score"":null},{""class_code"":""c3"",""frame_index"":32,""timestamp_ms"":4010,""score"":0.8555185198783875,""source_actor_id"":""VID20260804140559::s13"",""source_score"":null},{""class_code"":""c3"",""frame_index"":33,""timestamp_ms"":4143,""score"":0.7107411623001099,""source_actor_id"":""VID20260804140559::s13"",""source_score"":null},{""class_code"":""c3"",""frame_index"":34,""timestamp_ms"":4277,""score"":0.6893027424812317,""source_actor_id"":""VID20260804140559::s13"",""source_score"":null},{""class_code"":""c3"",""frame_index"":35,""timestamp_ms"":4378,""score"":0.6532235741615295,""source_actor_id"":""VID20260804140559::s13"",""source_score"":null},{""class_code"":""c3"",""frame_index"":36,""timestamp_ms"":4511,""score"":0.649878203868866,""source_actor_id"":""VID20260804140559::s13"",""source_score"":null},{""class_code"":""c3"",""frame_index"":37,""timestamp_ms"":4644,""score"":0.6259390115737915,""source_actor_id"":""VID20260804140559::s13"",""source_score"":null},{""class_code"":""c3"",""frame_index"":38,""timestamp_ms"":4778,""score"":0.6173685193061829,""source_actor_id"":""VID20260804140559::s13"",""source_score"":null},{""class_code"":""c3"",""frame_index"":39,""timestamp_ms"":4878,""score"":0.7134548425674438,""source_actor_id"":""VID20260804140559::s13"",""source_score"":null},{""class_code"":""c3"",""frame_index"":40,""timestamp_ms"":5012,""score"":0.7134548425674438,""source_actor_id"":""VID20260804140559::s13"",""source_score"":null},{""class_code"":""c3"",""frame_index"":41,""timestamp_ms"":5146,""score"":0.7840012311935425,""source_actor_id"":""VID20260804140559::s13"",""source_score"":null},{""class_code"":""c3"",""frame_index"":42,""timestamp_ms"":5279,""score"":0.7764151096343994,""source_actor_id"":""VID20260804140559::s13"",""source_score"":null},{""class_code"":""c3"",""frame_index"":43,""timestamp_ms"":5380,""score"":0.7807055115699768,""source_actor_id"":""VID20260804140559::s13"",""source_score"":null},{""class_code"":""c3"",""frame_index"":44,""timestamp_ms"":5514,""score"":0.7807055115699768,""source_actor_id"":""VID20260804140559::s13"",""source_score"":null},{""class_code"":""c3"",""frame_index"":45,""timestamp_ms"":5647,""score"":0.7649024128913879,""source_actor_id"":""VID20260804140559::s13"",""source_score"":null},{""class_code"":""c3"",""frame_index"":46,""timestamp_ms"":5781,""score"":0.7798801064491272,""source_actor_id"":""VID20260804140559::s13"",""source_score"":null},{""class_code"":""c3"",""frame_index"":47,""timestamp_ms"":5881,""score"":0.7798801064491272,""source_actor_id"":""VID20260804140559::s13"",""source_score"":null},{""class_code"":""c3"",""frame_index"":48,""timestamp_ms"":6015,""score"":0.7798801064491272,""source_actor_id"":""VID20260804140559::s13"",""source_score"":null},{""class_code"":""c3"",""frame_index"":49,""timestamp_ms"":6149,""score"":0.7055474519729614,""source_actor_id"":""VID20260804140559::s13"",""source_score"":null},{""class_code"":""c3"",""frame_index"":50,""timestamp_ms"":6282,""score"":0.7478495836257935,""source_actor_id"":""VID20260804140559::s13"",""source_score"":null},{""class_code"":""c3"",""frame_index"":65,""timestamp_ms"":8154,""score"":0.3041277527809143,""source_actor_id"":""VID20260804140559::s13"",""source_score"":null},{""class_code"":""c3"",""frame_index"":66,""timestamp_ms"":8254,""score"":0.3041277527809143,""source_actor_id"":""VID20260804140559::s13"",""source_score"":null},{""class_code"":""c3"",""frame_index"":67,""timestamp_ms"":8388,""score"":0.2982494533061981,""source_actor_id"":""VID20260804140559::s13"",""source_score"":null},{""class_code"":""c3"",""frame_index"":68,""timestamp_ms"":8521,""score"":0.279386967420578,""source_actor_id"":""VID20260804140559::s13"",""source_score"":null},{""class_code"":""c3"",""frame_index"":72,""timestamp_ms"":9022,""score"":0.5079327821731567,""source_actor_id"":""VID20260804140559::s13"",""source_score"":null},{""class_code"":""c3"",""frame_index"":73,""timestamp_ms"":9156,""score"":0.6365563273429871,""source_actor_id"":""VID20260804140559::s13"",""source_score"":null},{""class_code"":""c3"",""frame_index"":74,""timestamp_ms"":9256,""score"":0.6365563273429871,""source_actor_id"":""VID20260804140559::s13"",""source_score"":null},{""class_code"":""c3"",""frame_index"":75,""timestamp_ms"":9390,""score"":0.5733237862586975,""source_actor_id"":""VID20260804140559::s13"",""source_score"":null},{""class_code"":""c3"",""frame_index"":76,""timestamp_ms"":9524,""score"":0.5310634970664978,""source_actor_id"":""VID20260804140559::s13"",""source_score"":null},{""class_code"":""c3"",""frame_index"":77,""timestamp_ms"":9657,""score"":0.6752386093139648,""source_actor_id"":""VID20260804140559::s13"",""source_score"":null},{""class_code"":""c3"",""frame_index"":78,""timestamp_ms"":9758,""score"":0.7031235098838806,""source_actor_id"":""VID20260804140559::s13"",""source_score"":null},{""class_code"":""c3"",""frame_index"":79,""timestamp_ms"":9891,""score"":0.7122213840484619,""source_actor_id"":""VID20260804140559::s13"",""source_score"":null},{""class_code"":""c3"",""frame_index"":80,""timestamp_ms"":10025,""score"":0.695594310760498,""source_actor_id"":""VID20260804140559::s13"",""source_score"":null},{""class_code"":""c3"",""frame_index"":81,""timestamp_ms"":10125,""score"":0.7163659334182739,""source_actor_id"":""VID20260804140559::s13"",""source_score"":null},{""class_code"":""c3"",""frame_index"":90,""timestamp_ms"":11261,""score"":0.7280871272087097,""source_actor_id"":""VID20260804140559::s13"",""source_score"":null},{""class_code"":""c3"",""frame_index"":91,""timestamp_ms"":11396,""score"":0.7446271777153015,""source_actor_id"":""VID20260804140559::s13"",""source_score"":null},{""class_code"":""c3"",""frame_index"":92,""timestamp_ms"":11529,""score"":0.7416529655456543,""source_actor_id"":""VID20260804140559::s13"",""source_score"":null},{""class_code"":""c3"",""frame_index"":93,""timestamp_ms"":11629,""score"":0.7693836092948914,""source_actor_id"":""VID20260804140559::s13"",""source_score"":null},{""class_code"":""c3"",""frame_index"":94,""timestamp_ms"":11763,""score"":0.7693836092948914,""source_actor_id"":""VID20260804140559::s13"",""source_score"":null},{""class_code"":""c3"",""frame_index"":95,""timestamp_ms"":11896,""score"":0.7454694509506226,""source_actor_id"":""VID20260804140559::s13"",""source_score"":null},{""class_code"":""c3"",""frame_index"":96,""timestamp_ms"":12030,""score"":0.7454694509506226,""source_actor_id"":""VID20260804140559::s13"",""source_score"":null},{""class_code"":""c3"",""frame_index"":97,""timestamp_ms"":12131,""score"":0.7693836092948914,""source_actor_id"":""VID20260804140559::s13"",""source_score"":null},{""class_code"":""c3"",""frame_index"":98,""timestamp_ms"":12264,""score"":0.7693836092948914,""source_actor_id"":""VID20260804140559::s13"",""source_score"":null},{""class_code"":""c3"",""frame_index"":99,""timestamp_ms"":12398,""score"":0.7301976084709167,""source_actor_id"":""VID20260804140559::s13"",""source_score"":null},{""class_code"":""c3"",""frame_index"":100,""timestamp_ms"":12531,""score"":0.7938076853752136,""source_actor_id"":""VID20260804140559::s13"",""source_score"":null},{""class_code"":""c3"",""frame_index"":101,""timestamp_ms"":12631,""score"":0.766861617565155,""source_actor_id"":""VID20260804140559::s13"",""source_score"":null},{""class_code"":""c3"",""frame_index"":102,""timestamp_ms"":12766,""score"":0.7549429535865784,""source_actor_id"":""VID20260804140559::s13"",""source_score"":null},{""class_code"":""c3"",""frame_index"":103,""timestamp_ms"":12899,""score"":0.7248968482017517,""source_actor_id"":""VID20260804140559::s13"",""source_score"":null},{""class_code"":""c3"",""frame_index"":104,""timestamp_ms"":13033,""score"":0.7427811622619629,""source_actor_id"":""VID20260804140559::s13"",""source_score"":null},{""class_code"":""c3"",""frame_index"":105,""timestamp_ms"":13133,""score"":0.7902984023094177,""source_actor_id"":""VID20260804140559::s13"",""source_score"":null},{""class_code"":""c3"",""frame_index"":106,""timestamp_ms"":13266,""score"":0.7902984023094177,""source_actor_id"":""VID20260804140559::s13"",""source_score"":null},{""class_code"":""c3"",""frame_index"":107,""timestamp_ms"":13401,""score"":0.6015902161598206,""source_actor_id"":""VID20260804140559::s13"",""source_score"":null},{""class_code"":""c3"",""frame_index"":108,""timestamp_ms"":13501,""score"":0.6593064069747925,""source_actor_id"":""VID20260804140559::s13"",""source_score"":null},{""class_code"":""c3"",""frame_index"":109,""timestamp_ms"":13634,""score"":0.6845704317092896,""source_actor_id"":""VID20260804140559::s13"",""source_score"":null},{""class_code"":""c3"",""frame_index"":110,""timestamp_ms"":13768,""score"":0.7416380643844604,""source_actor_id"":""VID20260804140559::s13"",""source_score"":null},{""class_code"":""c3"",""frame_index"":111,""timestamp_ms"":13902,""score"":0.7416380643844604,""source_actor_id"":""VID20260804140559::s13"",""source_score"":null},{""class_code"":""c3"",""frame_index"":112,""timestamp_ms"":14001,""score"":0.7416380643844604,""source_actor_id"":""VID20260804140559::s13"",""source_score"":null},{""class_code"":""c3"",""frame_index"":113,""timestamp_ms"":14136,""score"":0.6783260107040405,""source_actor_id"":""VID20260804140559::s13"",""source_score"":null}]",12,1503,s13,4,114,True,c3
VID20260804140559,s14,c5,c5,,,,,,,[],,,,4,114,True,c5
WIN_20260726_11_41_55_Pro,s10,c2,c5,c2,s10,115,14400,0.9957777261734009,0.9957777261734009,"[{""class_code"":""c2"",""frame_index"":106,""timestamp_ms"":13264,""score"":0.9591261148452759,""source_actor_id"":""WIN_20260726_11_41_55_Pro::s10"",""source_score"":0.9591261148452759},{""class_code"":""c2"",""frame_index"":107,""timestamp_ms"":13392,""score"":0.9799046516418457,""source_actor_id"":""WIN_20260726_11_41_55_Pro::s10"",""source_score"":0.9799046516418457},{""class_code"":""c2"",""frame_index"":108,""timestamp_ms"":13504,""score"":0.9799046516418457,""source_actor_id"":""WIN_20260726_11_41_55_Pro::s10"",""source_score"":0.9799046516418457},{""class_code"":""c2"",""frame_index"":109,""timestamp_ms"":13632,""score"":0.9799046516418457,""source_actor_id"":""WIN_20260726_11_41_55_Pro::s10"",""source_score"":0.9799046516418457},{""class_code"":""c2"",""frame_index"":112,""timestamp_ms"":14000,""score"":0.9956106543540955,""source_actor_id"":""WIN_20260726_11_41_55_Pro::s9"",""source_score"":0.9657450318336487},{""class_code"":""c2"",""frame_index"":113,""timestamp_ms"":14128,""score"":0.9956106543540955,""source_actor_id"":""WIN_20260726_11_41_55_Pro::s10"",""source_score"":0.9956106543540955},{""class_code"":""c2"",""frame_index"":114,""timestamp_ms"":14272,""score"":0.9957777261734009,""source_actor_id"":""WIN_20260726_11_41_55_Pro::s10"",""source_score"":0.9957777261734009},{""class_code"":""c2"",""frame_index"":115,""timestamp_ms"":14400,""score"":0.9957777261734009,""source_actor_id"":""WIN_20260726_11_41_55_Pro::s10"",""source_score"":0.9957777261734009},{""class_code"":""c2"",""frame_index"":116,""timestamp_ms"":14528,""score"":0.9956637024879456,""source_actor_id"":""WIN_20260726_11_41_55_Pro::s10"",""source_score"":0.9956637024879456}]",106,13264,s10,4,153,True,c2
WIN_20260726_11_41_55_Pro,s9,c2,c5,c2,s10,114,14272,0.9822984933853149,0.9957777261734009,"[{""class_code"":""c3"",""frame_index"":62,""timestamp_ms"":7760,""score"":0.7492755651473999,""source_actor_id"":""WIN_20260726_11_41_55_Pro::s9"",""source_score"":null},{""class_code"":""c3"",""frame_index"":63,""timestamp_ms"":7904,""score"":0.8131549954414368,""source_actor_id"":""WIN_20260726_11_41_55_Pro::s9"",""source_score"":null},{""class_code"":""c3"",""frame_index"":64,""timestamp_ms"":8000,""score"":0.4556640386581421,""source_actor_id"":""WIN_20260726_11_41_55_Pro::s9"",""source_score"":null},{""class_code"":""c3"",""frame_index"":65,""timestamp_ms"":8128,""score"":0.4311286509037018,""source_actor_id"":""WIN_20260726_11_41_55_Pro::s9"",""source_score"":null},{""class_code"":""c3"",""frame_index"":66,""timestamp_ms"":8272,""score"":0.29671889543533325,""source_actor_id"":""WIN_20260726_11_41_55_Pro::s9"",""source_score"":null},{""class_code"":""c3"",""frame_index"":75,""timestamp_ms"":9406,""score"":0.2615523934364319,""source_actor_id"":""WIN_20260726_11_41_55_Pro::s9"",""source_score"":null},{""class_code"":""c3"",""frame_index"":76,""timestamp_ms"":9504,""score"":0.4019280672073364,""source_actor_id"":""WIN_20260726_11_41_55_Pro::s9"",""source_score"":null},{""class_code"":""c3"",""frame_index"":77,""timestamp_ms"":9632,""score"":0.4087333679199219,""source_actor_id"":""WIN_20260726_11_41_55_Pro::s9"",""source_score"":null},{""class_code"":""c3"",""frame_index"":78,""timestamp_ms"":9760,""score"":0.5593985319137573,""source_actor_id"":""WIN_20260726_11_41_55_Pro::s9"",""source_score"":null},{""class_code"":""c3"",""frame_index"":79,""timestamp_ms"":9904,""score"":0.625357985496521,""source_actor_id"":""WIN_20260726_11_41_55_Pro::s9"",""source_score"":null},{""class_code"":""suspicious_activity"",""frame_index"":86,""timestamp_ms"":10768,""score"":0.7977879047393799,""source_actor_id"":""WIN_20260726_11_41_55_Pro::s9"",""source_score"":null},{""class_code"":""suspicious_activity"",""frame_index"":87,""timestamp_ms"":10896,""score"":0.8102949857711792,""source_actor_id"":""WIN_20260726_11_41_55_Pro::s9"",""source_score"":null},{""class_code"":""suspicious_activity"",""frame_index"":88,""timestamp_ms"":11038,""score"":0.8102949857711792,""source_actor_id"":""WIN_20260726_11_41_55_Pro::s9"",""source_score"":null},{""class_code"":""suspicious_activity"",""frame_index"":89,""timestamp_ms"":11136,""score"":0.8102949857711792,""source_actor_id"":""WIN_20260726_11_41_55_Pro::s9"",""source_score"":null},{""class_code"":""suspicious_activity"",""frame_index"":90,""timestamp_ms"":11264,""score"":0.7553213238716125,""source_actor_id"":""WIN_20260726_11_41_55_Pro::s9"",""source_score"":null},{""class_code"":""suspicious_activity"",""frame_index"":91,""timestamp_ms"":11392,""score"":0.7553213238716125,""source_actor_id"":""WIN_20260726_11_41_55_Pro::s9"",""source_score"":null},{""class_code"":""suspicious_activity"",""frame_index"":92,""timestamp_ms"":11504,""score"":0.7553213238716125,""source_actor_id"":""WIN_20260726_11_41_55_Pro::s9"",""source_score"":null},{""class_code"":""suspicious_activity"",""frame_index"":93,""timestamp_ms"":11632,""score"":0.7617915868759155,""source_actor_id"":""WIN_20260726_11_41_55_Pro::s9"",""source_score"":null},{""class_code"":""suspicious_activity"",""frame_index"":94,""timestamp_ms"":11760,""score"":0.7513529062271118,""source_actor_id"":""WIN_20260726_11_41_55_Pro::s9"",""source_score"":null},{""class_code"":""suspicious_activity"",""frame_index"":95,""timestamp_ms"":11904,""score"":0.7513529062271118,""source_actor_id"":""WIN_20260726_11_41_55_Pro::s9"",""source_score"":null},{""class_code"":""c2"",""frame_index"":106,""timestamp_ms"":13264,""score"":0.18577954173088074,""source_actor_id"":""WIN_20260726_11_41_55_Pro::s10"",""source_score"":0.9591261148452759},{""class_code"":""c2"",""frame_index"":107,""timestamp_ms"":13392,""score"":0.18577954173088074,""source_actor_id"":""WIN_20260726_11_41_55_Pro::s10"",""source_score"":0.9799046516418457},{""class_code"":""c2"",""frame_index"":108,""timestamp_ms"":13504,""score"":0.18036691844463348,""source_actor_id"":""WIN_20260726_11_41_55_Pro::s10"",""source_score"":0.9799046516418457},{""class_code"":""c2"",""frame_index"":109,""timestamp_ms"":13632,""score"":0.48215413093566895,""source_actor_id"":""WIN_20260726_11_41_55_Pro::s10"",""source_score"":0.9799046516418457},{""class_code"":""c2"",""frame_index"":112,""timestamp_ms"":14000,""score"":0.9657450318336487,""source_actor_id"":""WIN_20260726_11_41_55_Pro::s9"",""source_score"":0.9657450318336487},{""class_code"":""c2"",""frame_index"":113,""timestamp_ms"":14128,""score"":0.9680556654930115,""source_actor_id"":""WIN_20260726_11_41_55_Pro::s10"",""source_score"":0.9956106543540955},{""class_code"":""c2"",""frame_index"":114,""timestamp_ms"":14272,""score"":0.9822984933853149,""source_actor_id"":""WIN_20260726_11_41_55_Pro::s10"",""source_score"":0.9957777261734009},{""class_code"":""c2"",""frame_index"":115,""timestamp_ms"":14400,""score"":0.9812900424003601,""source_actor_id"":""WIN_20260726_11_41_55_Pro::s10"",""source_score"":0.9957777261734009},{""class_code"":""c2"",""frame_index"":116,""timestamp_ms"":14528,""score"":0.9812900424003601,""source_actor_id"":""WIN_20260726_11_41_55_Pro::s10"",""source_score"":0.9956637024879456}]",62,7760,s10,4,153,True,c2
WIN_20260726_11_42_21_Pro,s10,c2,c5,c2,s10,30,3776,0.9917860627174377,0.9917860627174377,"[{""class_code"":""c2"",""frame_index"":26,""timestamp_ms"":3264,""score"":0.9559838175773621,""source_actor_id"":""WIN_20260726_11_42_21_Pro::s10"",""source_score"":0.9559838175773621},{""class_code"":""c2"",""frame_index"":27,""timestamp_ms"":3376,""score"":0.9659111499786377,""source_actor_id"":""WIN_20260726_11_42_21_Pro::s10"",""source_score"":0.9659111499786377},{""class_code"":""c2"",""frame_index"":28,""timestamp_ms"":3504,""score"":0.9666063189506531,""source_actor_id"":""WIN_20260726_11_42_21_Pro::s10"",""source_score"":0.9666063189506531},{""class_code"":""c2"",""frame_index"":29,""timestamp_ms"":3632,""score"":0.9883812069892883,""source_actor_id"":""WIN_20260726_11_42_21_Pro::s10"",""source_score"":0.9883812069892883},{""class_code"":""c2"",""frame_index"":30,""timestamp_ms"":3776,""score"":0.9917860627174377,""source_actor_id"":""WIN_20260726_11_42_21_Pro::s10"",""source_score"":0.9917860627174377},{""class_code"":""c2"",""frame_index"":31,""timestamp_ms"":3904,""score"":0.9917520880699158,""source_actor_id"":""WIN_20260726_11_42_21_Pro::s10"",""source_score"":0.9917520880699158},{""class_code"":""c2"",""frame_index"":33,""timestamp_ms"":4142,""score"":0.9882738590240479,""source_actor_id"":""WIN_20260726_11_42_21_Pro::s10"",""source_score"":0.9882738590240479},{""class_code"":""c2"",""frame_index"":40,""timestamp_ms"":5008,""score"":0.9868041276931763,""source_actor_id"":""WIN_20260726_11_42_21_Pro::s10"",""source_score"":0.9868041276931763},{""class_code"":""c2"",""frame_index"":41,""timestamp_ms"":5136,""score"":0.9868041276931763,""source_actor_id"":""WIN_20260726_11_42_21_Pro::s10"",""source_score"":0.9868041276931763},{""class_code"":""c2"",""frame_index"":42,""timestamp_ms"":5264,""score"":0.9871850609779358,""source_actor_id"":""WIN_20260726_11_42_21_Pro::s10"",""source_score"":0.9871850609779358}]",26,3264,s10,4,96,True,c2
WIN_20260726_11_42_21_Pro,s9,c2,c5,c2,s10,42,5264,0.9814642071723938,0.9871850609779358,"[{""class_code"":""c2"",""frame_index"":26,""timestamp_ms"":3264,""score"":0.7605845332145691,""source_actor_id"":""WIN_20260726_11_42_21_Pro::s10"",""source_score"":0.9559838175773621},{""class_code"":""c2"",""frame_index"":27,""timestamp_ms"":3376,""score"":0.7605845332145691,""source_actor_id"":""WIN_20260726_11_42_21_Pro::s10"",""source_score"":0.9659111499786377},{""class_code"":""c2"",""frame_index"":28,""timestamp_ms"":3504,""score"":0.7535998225212097,""source_actor_id"":""WIN_20260726_11_42_21_Pro::s10"",""source_score"":0.9666063189506531},{""class_code"":""c2"",""frame_index"":29,""timestamp_ms"":3632,""score"":0.9032872915267944,""source_actor_id"":""WIN_20260726_11_42_21_Pro::s10"",""source_score"":0.9883812069892883},{""class_code"":""c2"",""frame_index"":30,""timestamp_ms"":3776,""score"":0.9649097323417664,""source_actor_id"":""WIN_20260726_11_42_21_Pro::s10"",""source_score"":0.9917860627174377},{""class_code"":""c2"",""frame_index"":31,""timestamp_ms"":3904,""score"":0.9660941362380981,""source_actor_id"":""WIN_20260726_11_42_21_Pro::s10"",""source_score"":0.9917520880699158},{""class_code"":""c2"",""frame_index"":33,""timestamp_ms"":4142,""score"":0.9606983661651611,""source_actor_id"":""WIN_20260726_11_42_21_Pro::s10"",""source_score"":0.9882738590240479},{""class_code"":""c2"",""frame_index"":40,""timestamp_ms"":5008,""score"":0.9814642071723938,""source_actor_id"":""WIN_20260726_11_42_21_Pro::s10"",""source_score"":0.9868041276931763},{""class_code"":""c2"",""frame_index"":41,""timestamp_ms"":5136,""score"":0.9814642071723938,""source_actor_id"":""WIN_20260726_11_42_21_Pro::s10"",""source_score"":0.9868041276931763},{""class_code"":""c2"",""frame_index"":42,""timestamp_ms"":5264,""score"":0.9814642071723938,""source_actor_id"":""WIN_20260726_11_42_21_Pro::s10"",""source_score"":0.9871850609779358}]",26,3264,s10,4,96,True,c2
WIN_20260726_11_43_37_Pro,s10,c2,c5,c2,s9,45,5632,0.9876152276992798,0.98036789894104,"[{""class_code"":""c2"",""frame_index"":23,""timestamp_ms"":2896,""score"":0.8664908409118652,""source_actor_id"":""WIN_20260726_11_43_37_Pro::s9"",""source_score"":0.7930629253387451},{""class_code"":""c2"",""frame_index"":24,""timestamp_ms"":3024,""score"":0.8758323192596436,""source_actor_id"":""WIN_20260726_11_43_37_Pro::s9"",""source_score"":0.8246657252311707},{""class_code"":""c2"",""frame_index"":25,""timestamp_ms"":3135,""score"":0.8758323192596436,""source_actor_id"":""WIN_20260726_11_43_37_Pro::s9"",""source_score"":0.846784234046936},{""class_code"":""c2"",""frame_index"":26,""timestamp_ms"":3264,""score"":0.9359340071678162,""source_actor_id"":""WIN_20260726_11_43_37_Pro::s9"",""source_score"":0.9320546984672546},{""class_code"":""c2"",""frame_index"":28,""timestamp_ms"":3502,""score"":0.9837671518325806,""source_actor_id"":""WIN_20260726_11_43_37_Pro::s10"",""source_score"":0.9837671518325806},{""class_code"":""c2"",""frame_index"":29,""timestamp_ms"":3632,""score"":0.9844276309013367,""source_actor_id"":""WIN_20260726_11_43_37_Pro::s10"",""source_score"":0.9844276309013367},{""class_code"":""c2"",""frame_index"":30,""timestamp_ms"":3760,""score"":0.9844276309013367,""source_actor_id"":""WIN_20260726_11_43_37_Pro::s10"",""source_score"":0.9844276309013367},{""class_code"":""c2"",""frame_index"":31,""timestamp_ms"":3902,""score"":0.9844276309013367,""source_actor_id"":""WIN_20260726_11_43_37_Pro::s10"",""source_score"":0.9844276309013367},{""class_code"":""c2"",""frame_index"":32,""timestamp_ms"":4000,""score"":0.985466480255127,""source_actor_id"":""WIN_20260726_11_43_37_Pro::s10"",""source_score"":0.985466480255127},{""class_code"":""c2"",""frame_index"":33,""timestamp_ms"":4128,""score"":0.9870288372039795,""source_actor_id"":""WIN_20260726_11_43_37_Pro::s10"",""source_score"":0.9870288372039795},{""class_code"":""c2"",""frame_index"":34,""timestamp_ms"":4256,""score"":0.987231969833374,""source_actor_id"":""WIN_20260726_11_43_37_Pro::s10"",""source_score"":0.987231969833374},{""class_code"":""c2"",""frame_index"":35,""timestamp_ms"":4400,""score"":0.987231969833374,""source_actor_id"":""WIN_20260726_11_43_37_Pro::s9"",""source_score"":0.9622690081596375},{""class_code"":""c2"",""frame_index"":36,""timestamp_ms"":4528,""score"":0.9868555665016174,""source_actor_id"":""WIN_20260726_11_43_37_Pro::s9"",""source_score"":0.9622690081596375},{""class_code"":""c2"",""frame_index"":37,""timestamp_ms"":4656,""score"":0.9864516258239746,""source_actor_id"":""WIN_20260726_11_43_37_Pro::s10"",""source_score"":0.9864516258239746},{""class_code"":""c2"",""frame_index"":38,""timestamp_ms"":4768,""score"":0.9827772378921509,""source_actor_id"":""WIN_20260726_11_43_37_Pro::s9"",""source_score"":0.9715822339057922},{""class_code"":""c2"",""frame_index"":39,""timestamp_ms"":4896,""score"":0.9769424200057983,""source_actor_id"":""WIN_20260726_11_43_37_Pro::s9"",""source_score"":0.9715822339057922},{""class_code"":""c2"",""frame_index"":41,""timestamp_ms"":5136,""score"":0.9862226843833923,""source_actor_id"":""WIN_20260726_11_43_37_Pro::s9"",""source_score"":0.9874371290206909},{""class_code"":""c2"",""frame_index"":42,""timestamp_ms"":5264,""score"":0.9863479137420654,""source_actor_id"":""WIN_20260726_11_43_37_Pro::s9"",""source_score"":0.9883933663368225},{""class_code"":""c2"",""frame_index"":43,""timestamp_ms"":5392,""score"":0.9861773252487183,""source_actor_id"":""WIN_20260726_11_43_37_Pro::s9"",""source_score"":0.9725565910339355},{""class_code"":""c2"",""frame_index"":45,""timestamp_ms"":5632,""score"":0.9876152276992798,""source_actor_id"":""WIN_20260726_11_43_37_Pro::s9"",""source_score"":0.98036789894104},{""class_code"":""c2"",""frame_index"":46,""timestamp_ms"":5760,""score"":0.9754197597503662,""source_actor_id"":""WIN_20260726_11_43_37_Pro::s9"",""source_score"":0.9713426232337952},{""class_code"":""c2"",""frame_index"":47,""timestamp_ms"":5902,""score"":0.98008131980896,""source_actor_id"":""WIN_20260726_11_43_37_Pro::s9"",""source_score"":0.9829915165901184},{""class_code"":""c2"",""frame_index"":48,""timestamp_ms"":6000,""score"":0.9794871211051941,""source_actor_id"":""WIN_20260726_11_43_37_Pro::s9"",""source_score"":0.9657281041145325},{""class_code"":""suspicious_activity"",""frame_index"":71,""timestamp_ms"":8896,""score"":0.6807053089141846,""source_actor_id"":""WIN_20260726_11_43_37_Pro::s10"",""source_score"":null},{""class_code"":""suspicious_activity"",""frame_index"":76,""timestamp_ms"":9534,""score"":0.6788656711578369,""source_actor_id"":""WIN_20260726_11_43_37_Pro::s10"",""source_score"":null},{""class_code"":""suspicious_activity"",""frame_index"":77,""timestamp_ms"":9632,""score"":0.6788656711578369,""source_actor_id"":""WIN_20260726_11_43_37_Pro::s10"",""source_score"":null},{""class_code"":""suspicious_activity"",""frame_index"":78,""timestamp_ms"":9760,""score"":0.6788656711578369,""source_actor_id"":""WIN_20260726_11_43_37_Pro::s10"",""source_score"":null},{""class_code"":""suspicious_activity"",""frame_index"":80,""timestamp_ms"":10000,""score"":0.6768638491630554,""source_actor_id"":""WIN_20260726_11_43_37_Pro::s10"",""source_score"":null},{""class_code"":""c3"",""frame_index"":106,""timestamp_ms"":13264,""score"":0.9532750844955444,""source_actor_id"":""WIN_20260726_11_43_37_Pro::s10"",""source_score"":null},{""class_code"":""c3"",""frame_index"":107,""timestamp_ms"":13392,""score"":0.9600104689598083,""source_actor_id"":""WIN_20260726_11_43_37_Pro::s10"",""source_score"":null},{""class_code"":""c3"",""frame_index"":144,""timestamp_ms"":18032,""score"":0.9799247980117798,""source_actor_id"":""WIN_20260726_11_43_37_Pro::s10"",""source_score"":null},{""class_code"":""c3"",""frame_index"":145,""timestamp_ms"":18128,""score"":0.980813205242157,""source_actor_id"":""WIN_20260726_11_43_37_Pro::s10"",""source_score"":null},{""class_code"":""c3"",""frame_index"":146,""timestamp_ms"":18256,""score"":0.9814494252204895,""source_actor_id"":""WIN_20260726_11_43_37_Pro::s10"",""source_score"":null},{""class_code"":""c3"",""frame_index"":147,""timestamp_ms"":18399,""score"":0.9816492199897766,""source_actor_id"":""WIN_20260726_11_43_37_Pro::s10"",""source_score"":null},{""class_code"":""c3"",""frame_index"":249,""timestamp_ms"":31152,""score"":0.8191659450531006,""source_actor_id"":""WIN_20260726_11_43_37_Pro::s10"",""source_score"":null},{""class_code"":""c3"",""frame_index"":250,""timestamp_ms"":31280,""score"":0.2886599004268646,""source_actor_id"":""WIN_20260726_11_43_37_Pro::s10"",""source_score"":null},{""class_code"":""suspicious_activity"",""frame_index"":273,""timestamp_ms"":34127,""score"":0.671696662902832,""source_actor_id"":""WIN_20260726_11_43_37_Pro::s10"",""source_score"":null}]",23,2896,s9,4,292,True,c2
WIN_20260726_11_43_37_Pro,s9,c2,suspicious_activity,c2,s9,42,5264,0.9883933663368225,0.9883933663368225,"[{""class_code"":""c3"",""frame_index"":11,""timestamp_ms"":1392,""score"":0.29234057664871216,""source_actor_id"":""WIN_20260726_11_43_37_Pro::s9"",""source_score"":null},{""class_code"":""c3"",""frame_index"":12,""timestamp_ms"":1503,""score"":0.7236201167106628,""source_actor_id"":""WIN_20260726_11_43_37_Pro::s9"",""source_score"":null},{""class_code"":""c3"",""frame_index"":13,""timestamp_ms"":1631,""score"":0.4091215133666992,""source_actor_id"":""WIN_20260726_11_43_37_Pro::s9"",""source_score"":null},{""class_code"":""c2"",""frame_index"":23,""timestamp_ms"":2896,""score"":0.7930629253387451,""source_actor_id"":""WIN_20260726_11_43_37_Pro::s9"",""source_score"":0.7930629253387451},{""class_code"":""c2"",""frame_index"":24,""timestamp_ms"":3024,""score"":0.8246657252311707,""source_actor_id"":""WIN_20260726_11_43_37_Pro::s9"",""source_score"":0.8246657252311707},{""class_code"":""c2"",""frame_index"":25,""timestamp_ms"":3135,""score"":0.846784234046936,""source_actor_id"":""WIN_20260726_11_43_37_Pro::s9"",""source_score"":0.846784234046936},{""class_code"":""c2"",""frame_index"":26,""timestamp_ms"":3264,""score"":0.9320546984672546,""source_actor_id"":""WIN_20260726_11_43_37_Pro::s9"",""source_score"":0.9320546984672546},{""class_code"":""c2"",""frame_index"":28,""timestamp_ms"":3502,""score"":0.9730758666992188,""source_actor_id"":""WIN_20260726_11_43_37_Pro::s10"",""source_score"":0.9837671518325806},{""class_code"":""c2"",""frame_index"":29,""timestamp_ms"":3632,""score"":0.9730758666992188,""source_actor_id"":""WIN_20260726_11_43_37_Pro::s10"",""source_score"":0.9844276309013367},{""class_code"":""c2"",""frame_index"":30,""timestamp_ms"":3760,""score"":0.9730758666992188,""source_actor_id"":""WIN_20260726_11_43_37_Pro::s10"",""source_score"":0.9844276309013367},{""class_code"":""c2"",""frame_index"":31,""timestamp_ms"":3902,""score"":0.9730758666992188,""source_actor_id"":""WIN_20260726_11_43_37_Pro::s10"",""source_score"":0.9844276309013367},{""class_code"":""c2"",""frame_index"":32,""timestamp_ms"":4000,""score"":0.9730758666992188,""source_actor_id"":""WIN_20260726_11_43_37_Pro::s10"",""source_score"":0.985466480255127},{""class_code"":""c2"",""frame_index"":33,""timestamp_ms"":4128,""score"":0.9742796421051025,""source_actor_id"":""WIN_20260726_11_43_37_Pro::s10"",""source_score"":0.9870288372039795},{""class_code"":""c2"",""frame_index"":34,""timestamp_ms"":4256,""score"":0.9622690081596375,""source_actor_id"":""WIN_20260726_11_43_37_Pro::s10"",""source_score"":0.987231969833374},{""class_code"":""c2"",""frame_index"":35,""timestamp_ms"":4400,""score"":0.9622690081596375,""source_actor_id"":""WIN_20260726_11_43_37_Pro::s9"",""source_score"":0.9622690081596375},{""class_code"":""c2"",""frame_index"":36,""timestamp_ms"":4528,""score"":0.9622690081596375,""source_actor_id"":""WIN_20260726_11_43_37_Pro::s9"",""source_score"":0.9622690081596375},{""class_code"":""c2"",""frame_index"":37,""timestamp_ms"":4656,""score"":0.9622690081596375,""source_actor_id"":""WIN_20260726_11_43_37_Pro::s10"",""source_score"":0.9864516258239746},{""class_code"":""c2"",""frame_index"":38,""timestamp_ms"":4768,""score"":0.9715822339057922,""source_actor_id"":""WIN_20260726_11_43_37_Pro::s9"",""source_score"":0.9715822339057922},{""class_code"":""c2"",""frame_index"":39,""timestamp_ms"":4896,""score"":0.9715822339057922,""source_actor_id"":""WIN_20260726_11_43_37_Pro::s9"",""source_score"":0.9715822339057922},{""class_code"":""c2"",""frame_index"":41,""timestamp_ms"":5136,""score"":0.9874371290206909,""source_actor_id"":""WIN_20260726_11_43_37_Pro::s9"",""source_score"":0.9874371290206909},{""class_code"":""c2"",""frame_index"":42,""timestamp_ms"":5264,""score"":0.9883933663368225,""source_actor_id"":""WIN_20260726_11_43_37_Pro::s9"",""source_score"":0.9883933663368225},{""class_code"":""c2"",""frame_index"":43,""timestamp_ms"":5392,""score"":0.9725565910339355,""source_actor_id"":""WIN_20260726_11_43_37_Pro::s9"",""source_score"":0.9725565910339355},{""class_code"":""c2"",""frame_index"":45,""timestamp_ms"":5632,""score"":0.98036789894104,""source_actor_id"":""WIN_20260726_11_43_37_Pro::s9"",""source_score"":0.98036789894104},{""class_code"":""c2"",""frame_index"":46,""timestamp_ms"":5760,""score"":0.9713426232337952,""source_actor_id"":""WIN_20260726_11_43_37_Pro::s9"",""source_score"":0.9713426232337952},{""class_code"":""c2"",""frame_index"":47,""timestamp_ms"":5902,""score"":0.9829915165901184,""source_actor_id"":""WIN_20260726_11_43_37_Pro::s9"",""source_score"":0.9829915165901184},{""class_code"":""c2"",""frame_index"":48,""timestamp_ms"":6000,""score"":0.9657281041145325,""source_actor_id"":""WIN_20260726_11_43_37_Pro::s9"",""source_score"":0.9657281041145325},{""class_code"":""suspicious_activity"",""frame_index"":248,""timestamp_ms"":31024,""score"":0.8640139698982239,""source_actor_id"":""WIN_20260726_11_43_37_Pro::s9"",""source_score"":null},{""class_code"":""suspicious_activity"",""frame_index"":249,""timestamp_ms"":31152,""score"":0.8640139698982239,""source_actor_id"":""WIN_20260726_11_43_37_Pro::s9"",""source_score"":null},{""class_code"":""suspicious_activity"",""frame_index"":250,""timestamp_ms"":31280,""score"":0.8560988903045654,""source_actor_id"":""WIN_20260726_11_43_37_Pro::s9"",""source_score"":null},{""class_code"":""suspicious_activity"",""frame_index"":251,""timestamp_ms"":31392,""score"":0.8644441366195679,""source_actor_id"":""WIN_20260726_11_43_37_Pro::s9"",""source_score"":null},{""class_code"":""suspicious_activity"",""frame_index"":252,""timestamp_ms"":31520,""score"":0.8738185167312622,""source_actor_id"":""WIN_20260726_11_43_37_Pro::s9"",""source_score"":null},{""class_code"":""suspicious_activity"",""frame_index"":253,""timestamp_ms"":31648,""score"":0.8317740559577942,""source_actor_id"":""WIN_20260726_11_43_37_Pro::s9"",""source_score"":null},{""class_code"":""suspicious_activity"",""frame_index"":254,""timestamp_ms"":31760,""score"":0.8227109909057617,""source_actor_id"":""WIN_20260726_11_43_37_Pro::s9"",""source_score"":null},{""class_code"":""suspicious_activity"",""frame_index"":255,""timestamp_ms"":31888,""score"":0.8227109909057617,""source_actor_id"":""WIN_20260726_11_43_37_Pro::s9"",""source_score"":null},{""class_code"":""suspicious_activity"",""frame_index"":256,""timestamp_ms"":32016,""score"":0.8227109909057617,""source_actor_id"":""WIN_20260726_11_43_37_Pro::s9"",""source_score"":null},{""class_code"":""suspicious_activity"",""frame_index"":257,""timestamp_ms"":32127,""score"":0.8227109909057617,""source_actor_id"":""WIN_20260726_11_43_37_Pro::s9"",""source_score"":null},{""class_code"":""suspicious_activity"",""frame_index"":258,""timestamp_ms"":32256,""score"":0.8227109909057617,""source_actor_id"":""WIN_20260726_11_43_37_Pro::s9"",""source_score"":null},{""class_code"":""suspicious_activity"",""frame_index"":259,""timestamp_ms"":32384,""score"":0.8227109909057617,""source_actor_id"":""WIN_20260726_11_43_37_Pro::s9"",""source_score"":null},{""class_code"":""suspicious_activity"",""frame_index"":260,""timestamp_ms"":32527,""score"":0.7899997234344482,""source_actor_id"":""WIN_20260726_11_43_37_Pro::s9"",""source_score"":null},{""class_code"":""suspicious_activity"",""frame_index"":261,""timestamp_ms"":32656,""score"":0.7934007048606873,""source_actor_id"":""WIN_20260726_11_43_37_Pro::s9"",""source_score"":null},{""class_code"":""suspicious_activity"",""frame_index"":262,""timestamp_ms"":32752,""score"":0.7802025079727173,""source_actor_id"":""WIN_20260726_11_43_37_Pro::s9"",""source_score"":null},{""class_code"":""suspicious_activity"",""frame_index"":263,""timestamp_ms"":32880,""score"":0.8397411108016968,""source_actor_id"":""WIN_20260726_11_43_37_Pro::s9"",""source_score"":null},{""class_code"":""suspicious_activity"",""frame_index"":264,""timestamp_ms"":33024,""score"":0.8263433575630188,""source_actor_id"":""WIN_20260726_11_43_37_Pro::s9"",""source_score"":null},{""class_code"":""suspicious_activity"",""frame_index"":265,""timestamp_ms"":33152,""score"":0.8547323346138,""source_actor_id"":""WIN_20260726_11_43_37_Pro::s9"",""source_score"":null},{""class_code"":""suspicious_activity"",""frame_index"":266,""timestamp_ms"":33280,""score"":0.780101478099823,""source_actor_id"":""WIN_20260726_11_43_37_Pro::s9"",""source_score"":null},{""class_code"":""suspicious_activity"",""frame_index"":267,""timestamp_ms"":33392,""score"":0.764124870300293,""source_actor_id"":""WIN_20260726_11_43_37_Pro::s9"",""source_score"":null},{""class_code"":""suspicious_activity"",""frame_index"":271,""timestamp_ms"":33888,""score"":0.7518413066864014,""source_actor_id"":""WIN_20260726_11_43_37_Pro::s9"",""source_score"":null},{""class_code"":""suspicious_activity"",""frame_index"":272,""timestamp_ms"":34016,""score"":0.7832629084587097,""source_actor_id"":""WIN_20260726_11_43_37_Pro::s9"",""source_score"":null},{""class_code"":""suspicious_activity"",""frame_index"":273,""timestamp_ms"":34127,""score"":0.7116552591323853,""source_actor_id"":""WIN_20260726_11_43_37_Pro::s9"",""source_score"":null},{""class_code"":""suspicious_activity"",""frame_index"":274,""timestamp_ms"":34256,""score"":0.6690434813499451,""source_actor_id"":""WIN_20260726_11_43_37_Pro::s9"",""source_score"":null},{""class_code"":""suspicious_activity"",""frame_index"":293,""timestamp_ms"":36656,""score"":0.7390118837356567,""source_actor_id"":""WIN_20260726_11_43_37_Pro::s9"",""source_score"":null},{""class_code"":""suspicious_activity"",""frame_index"":294,""timestamp_ms"":36752,""score"":0.7390118837356567,""source_actor_id"":""WIN_20260726_11_43_37_Pro::s9"",""source_score"":null},{""class_code"":""suspicious_activity"",""frame_index"":295,""timestamp_ms"":36880,""score"":0.7334180474281311,""source_actor_id"":""WIN_20260726_11_43_37_Pro::s9"",""source_score"":null}]",11,1392,s9,4,292,True,c2
WIN_20260726_11_45_35_Pro,s10,c2,c5,c2,s10,82,10272,0.9882491827011108,0.9882491827011108,"[{""class_code"":""c2"",""frame_index"":34,""timestamp_ms"":4272,""score"":0.9285919666290283,""source_actor_id"":""WIN_20260726_11_45_35_Pro::s10"",""source_score"":0.9285919666290283},{""class_code"":""c2"",""frame_index"":35,""timestamp_ms"":4400,""score"":0.9418935179710388,""source_actor_id"":""WIN_20260726_11_45_35_Pro::s10"",""source_score"":0.9418935179710388},{""class_code"":""c2"",""frame_index"":36,""timestamp_ms"":4510,""score"":0.9838877320289612,""source_actor_id"":""WIN_20260726_11_45_35_Pro::s10"",""source_score"":0.9838877320289612},{""class_code"":""c2"",""frame_index"":37,""timestamp_ms"":4639,""score"":0.9841392636299133,""source_actor_id"":""WIN_20260726_11_45_35_Pro::s10"",""source_score"":0.9841392636299133},{""class_code"":""c2"",""frame_index"":38,""timestamp_ms"":4767,""score"":0.9836732149124146,""source_actor_id"":""WIN_20260726_11_45_35_Pro::s10"",""source_score"":0.9836732149124146},{""class_code"":""c2"",""frame_index"":39,""timestamp_ms"":4910,""score"":0.9859456419944763,""source_actor_id"":""WIN_20260726_11_45_35_Pro::s10"",""source_score"":0.9859456419944763},{""class_code"":""c2"",""frame_index"":40,""timestamp_ms"":5008,""score"":0.9859456419944763,""source_actor_id"":""WIN_20260726_11_45_35_Pro::s9"",""source_score"":0.975583553314209},{""class_code"":""c2"",""frame_index"":41,""timestamp_ms"":5136,""score"":0.9873082041740417,""source_actor_id"":""WIN_20260726_11_45_35_Pro::s10"",""source_score"":0.9873082041740417},{""class_code"":""c2"",""frame_index"":80,""timestamp_ms"":10000,""score"":0.7810208797454834,""source_actor_id"":""WIN_20260726_11_45_35_Pro::s9"",""source_score"":0.9230462312698364},{""class_code"":""c2"",""frame_index"":81,""timestamp_ms"":10142,""score"":0.9870677590370178,""source_actor_id"":""WIN_20260726_11_45_35_Pro::s10"",""source_score"":0.9870677590370178},{""class_code"":""c2"",""frame_index"":82,""timestamp_ms"":10272,""score"":0.9882491827011108,""source_actor_id"":""WIN_20260726_11_45_35_Pro::s10"",""source_score"":0.9882491827011108},{""class_code"":""c2"",""frame_index"":83,""timestamp_ms"":10400,""score"":0.987592875957489,""source_actor_id"":""WIN_20260726_11_45_35_Pro::s10"",""source_score"":0.987592875957489},{""class_code"":""c2"",""frame_index"":84,""timestamp_ms"":10528,""score"":0.9865270256996155,""source_actor_id"":""WIN_20260726_11_45_35_Pro::s10"",""source_score"":0.9865270256996155},{""class_code"":""c2"",""frame_index"":85,""timestamp_ms"":10640,""score"":0.9753921031951904,""source_actor_id"":""WIN_20260726_11_45_35_Pro::s10"",""source_score"":0.9753921031951904},{""class_code"":""c2"",""frame_index"":86,""timestamp_ms"":10768,""score"":0.9856760501861572,""source_actor_id"":""WIN_20260726_11_45_35_Pro::s10"",""source_score"":0.9856760501861572},{""class_code"":""c2"",""frame_index"":87,""timestamp_ms"":10896,""score"":0.9864641427993774,""source_actor_id"":""WIN_20260726_11_45_35_Pro::s10"",""source_score"":0.9864641427993774},{""class_code"":""c2"",""frame_index"":132,""timestamp_ms"":16528,""score"":0.6599105000495911,""source_actor_id"":""WIN_20260726_11_45_35_Pro::s10"",""source_score"":0.6599105000495911},{""class_code"":""c2"",""frame_index"":140,""timestamp_ms"":17504,""score"":0.6953479647636414,""source_actor_id"":""WIN_20260726_11_45_35_Pro::s10"",""source_score"":0.6953479647636414},{""class_code"":""c2"",""frame_index"":173,""timestamp_ms"":21632,""score"":0.17357848584651947,""source_actor_id"":""WIN_20260726_11_45_35_Pro::s9"",""source_score"":0.5894967317581177},{""class_code"":""c2"",""frame_index"":175,""timestamp_ms"":21904,""score"":0.4303400218486786,""source_actor_id"":""WIN_20260726_11_45_35_Pro::s9"",""source_score"":0.5930233597755432},{""class_code"":""c2"",""frame_index"":177,""timestamp_ms"":22128,""score"":0.6614925265312195,""source_actor_id"":""WIN_20260726_11_45_35_Pro::s10"",""source_score"":0.6614925265312195},{""class_code"":""c2"",""frame_index"":178,""timestamp_ms"":22271,""score"":0.6947901844978333,""source_actor_id"":""WIN_20260726_11_45_35_Pro::s10"",""source_score"":0.6947901844978333},{""class_code"":""c2"",""frame_index"":179,""timestamp_ms"":22400,""score"":0.7057207822799683,""source_actor_id"":""WIN_20260726_11_45_35_Pro::s10"",""source_score"":0.7057207822799683},{""class_code"":""c2"",""frame_index"":180,""timestamp_ms"":22528,""score"":0.7087375521659851,""source_actor_id"":""WIN_20260726_11_45_35_Pro::s10"",""source_score"":0.7087375521659851},{""class_code"":""c2"",""frame_index"":182,""timestamp_ms"":22768,""score"":0.7148252129554749,""source_actor_id"":""WIN_20260726_11_45_35_Pro::s9"",""source_score"":0.35271838307380676}]",34,4272,s10,4,218,True,c2
WIN_20260726_11_45_35_Pro,s9,c2,c5,c2,s10,87,10896,0.9840863347053528,0.9864641427993774,"[{""class_code"":""suspicious_activity"",""frame_index"":8,""timestamp_ms"":1007,""score"":0.9795311689376831,""source_actor_id"":""WIN_20260726_11_45_35_Pro::s9"",""source_score"":null},{""class_code"":""suspicious_activity"",""frame_index"":9,""timestamp_ms"":1135,""score"":0.9795311689376831,""source_actor_id"":""WIN_20260726_11_45_35_Pro::s9"",""source_score"":null},{""class_code"":""suspicious_activity"",""frame_index"":10,""timestamp_ms"":1278,""score"":0.9795311689376831,""source_actor_id"":""WIN_20260726_11_45_35_Pro::s9"",""source_score"":null},{""class_code"":""suspicious_activity"",""frame_index"":11,""timestamp_ms"":1375,""score"":0.9795311689376831,""source_actor_id"":""WIN_20260726_11_45_35_Pro::s9"",""source_score"":null},{""class_code"":""suspicious_activity"",""frame_index"":12,""timestamp_ms"":1503,""score"":0.9795311689376831,""source_actor_id"":""WIN_20260726_11_45_35_Pro::s9"",""source_score"":null},{""class_code"":""suspicious_activity"",""frame_index"":13,""timestamp_ms"":1631,""score"":0.9795311689376831,""source_actor_id"":""WIN_20260726_11_45_35_Pro::s9"",""source_score"":null},{""class_code"":""suspicious_activity"",""frame_index"":14,""timestamp_ms"":1775,""score"":0.9792307019233704,""source_actor_id"":""WIN_20260726_11_45_35_Pro::s9"",""source_score"":null},{""class_code"":""suspicious_activity"",""frame_index"":15,""timestamp_ms"":1904,""score"":0.9802300930023193,""source_actor_id"":""WIN_20260726_11_45_35_Pro::s9"",""source_score"":null},{""class_code"":""suspicious_activity"",""frame_index"":16,""timestamp_ms"":2000,""score"":0.9780409336090088,""source_actor_id"":""WIN_20260726_11_45_35_Pro::s9"",""source_score"":null},{""class_code"":""suspicious_activity"",""frame_index"":17,""timestamp_ms"":2143,""score"":0.9780409336090088,""source_actor_id"":""WIN_20260726_11_45_35_Pro::s9"",""source_score"":null},{""class_code"":""suspicious_activity"",""frame_index"":18,""timestamp_ms"":2271,""score"":0.9770458340644836,""source_actor_id"":""WIN_20260726_11_45_35_Pro::s9"",""source_score"":null},{""class_code"":""suspicious_activity"",""frame_index"":19,""timestamp_ms"":2399,""score"":0.9757674932479858,""source_actor_id"":""WIN_20260726_11_45_35_Pro::s9"",""source_score"":null},{""class_code"":""suspicious_activity"",""frame_index"":20,""timestamp_ms"":2511,""score"":0.9758992195129395,""source_actor_id"":""WIN_20260726_11_45_35_Pro::s9"",""source_score"":null},{""class_code"":""suspicious_activity"",""frame_index"":21,""timestamp_ms"":2639,""score"":0.9755780100822449,""source_actor_id"":""WIN_20260726_11_45_35_Pro::s9"",""source_score"":null},{""class_code"":""suspicious_activity"",""frame_index"":22,""timestamp_ms"":2768,""score"":0.9549580216407776,""source_actor_id"":""WIN_20260726_11_45_35_Pro::s9"",""source_score"":null},{""class_code"":""suspicious_activity"",""frame_index"":23,""timestamp_ms"":2910,""score"":0.9443888664245605,""source_actor_id"":""WIN_20260726_11_45_35_Pro::s9"",""source_score"":null},{""class_code"":""suspicious_activity"",""frame_index"":24,""timestamp_ms"":3007,""score"":0.9335057735443115,""source_actor_id"":""WIN_20260726_11_45_35_Pro::s9"",""source_score"":null},{""class_code"":""suspicious_activity"",""frame_index"":25,""timestamp_ms"":3135,""score"":0.9785211086273193,""source_actor_id"":""WIN_20260726_11_45_35_Pro::s9"",""source_score"":null},{""class_code"":""suspicious_activity"",""frame_index"":26,""timestamp_ms"":3264,""score"":0.9785211086273193,""source_actor_id"":""WIN_20260726_11_45_35_Pro::s9"",""source_score"":null},{""class_code"":""suspicious_activity"",""frame_index"":27,""timestamp_ms"":3375,""score"":0.9785211086273193,""source_actor_id"":""WIN_20260726_11_45_35_Pro::s9"",""source_score"":null},{""class_code"":""suspicious_activity"",""frame_index"":28,""timestamp_ms"":3503,""score"":0.9785211086273193,""source_actor_id"":""WIN_20260726_11_45_35_Pro::s9"",""source_score"":null},{""class_code"":""suspicious_activity"",""frame_index"":29,""timestamp_ms"":3632,""score"":0.9785211086273193,""source_actor_id"":""WIN_20260726_11_45_35_Pro::s9"",""source_score"":null},{""class_code"":""suspicious_activity"",""frame_index"":30,""timestamp_ms"":3775,""score"":0.9693936109542847,""source_actor_id"":""WIN_20260726_11_45_35_Pro::s9"",""source_score"":null},{""class_code"":""suspicious_activity"",""frame_index"":31,""timestamp_ms"":3903,""score"":0.9571196436882019,""source_actor_id"":""WIN_20260726_11_45_35_Pro::s9"",""source_score"":null},{""class_code"":""c2"",""frame_index"":34,""timestamp_ms"":4272,""score"":0.8546584844589233,""source_actor_id"":""WIN_20260726_11_45_35_Pro::s10"",""source_score"":0.9285919666290283},{""class_code"":""c2"",""frame_index"":35,""timestamp_ms"":4400,""score"":0.8687360882759094,""source_actor_id"":""WIN_20260726_11_45_35_Pro::s10"",""source_score"":0.9418935179710388},{""class_code"":""c2"",""frame_index"":36,""timestamp_ms"":4510,""score"":0.9538626670837402,""source_actor_id"":""WIN_20260726_11_45_35_Pro::s10"",""source_score"":0.9838877320289612},{""class_code"":""c2"",""frame_index"":37,""timestamp_ms"":4639,""score"":0.9737016558647156,""source_actor_id"":""WIN_20260726_11_45_35_Pro::s10"",""source_score"":0.9841392636299133},{""class_code"":""c2"",""frame_index"":38,""timestamp_ms"":4767,""score"":0.9737016558647156,""source_actor_id"":""WIN_20260726_11_45_35_Pro::s10"",""source_score"":0.9836732149124146},{""class_code"":""c2"",""frame_index"":39,""timestamp_ms"":4910,""score"":0.9696242213249207,""source_actor_id"":""WIN_20260726_11_45_35_Pro::s10"",""source_score"":0.9859456419944763},{""class_code"":""c2"",""frame_index"":40,""timestamp_ms"":5008,""score"":0.975583553314209,""source_actor_id"":""WIN_20260726_11_45_35_Pro::s9"",""source_score"":0.975583553314209},{""class_code"":""c2"",""frame_index"":41,""timestamp_ms"":5136,""score"":0.9751625657081604,""source_actor_id"":""WIN_20260726_11_45_35_Pro::s10"",""source_score"":0.9873082041740417},{""class_code"":""c2"",""frame_index"":80,""timestamp_ms"":10000,""score"":0.9230462312698364,""source_actor_id"":""WIN_20260726_11_45_35_Pro::s9"",""source_score"":0.9230462312698364},{""class_code"":""c2"",""frame_index"":81,""timestamp_ms"":10142,""score"":0.975124716758728,""source_actor_id"":""WIN_20260726_11_45_35_Pro::s10"",""source_score"":0.9870677590370178},{""class_code"":""c2"",""frame_index"":82,""timestamp_ms"":10272,""score"":0.975124716758728,""source_actor_id"":""WIN_20260726_11_45_35_Pro::s10"",""source_score"":0.9882491827011108},{""class_code"":""c2"",""frame_index"":83,""timestamp_ms"":10400,""score"":0.9793421626091003,""source_actor_id"":""WIN_20260726_11_45_35_Pro::s10"",""source_score"":0.987592875957489},{""class_code"":""c2"",""frame_index"":84,""timestamp_ms"":10528,""score"":0.9785773754119873,""source_actor_id"":""WIN_20260726_11_45_35_Pro::s10"",""source_score"":0.9865270256996155},{""class_code"":""c2"",""frame_index"":85,""timestamp_ms"":10640,""score"":0.9840863347053528,""source_actor_id"":""WIN_20260726_11_45_35_Pro::s10"",""source_score"":0.9753921031951904},{""class_code"":""c2"",""frame_index"":86,""timestamp_ms"":10768,""score"":0.9840863347053528,""source_actor_id"":""WIN_20260726_11_45_35_Pro::s10"",""source_score"":0.9856760501861572},{""class_code"":""c2"",""frame_index"":87,""timestamp_ms"":10896,""score"":0.9840863347053528,""source_actor_id"":""WIN_20260726_11_45_35_Pro::s10"",""source_score"":0.9864641427993774},{""class_code"":""c2"",""frame_index"":132,""timestamp_ms"":16528,""score"":0.5843720436096191,""source_actor_id"":""WIN_20260726_11_45_35_Pro::s10"",""source_score"":0.6599105000495911},{""class_code"":""c2"",""frame_index"":140,""timestamp_ms"":17504,""score"":0.9618549346923828,""source_actor_id"":""WIN_20260726_11_45_35_Pro::s10"",""source_score"":0.6953479647636414},{""class_code"":""suspicious_activity"",""frame_index"":161,""timestamp_ms"":20128,""score"":0.8675858974456787,""source_actor_id"":""WIN_20260726_11_45_35_Pro::s9"",""source_score"":null},{""class_code"":""suspicious_activity"",""frame_index"":162,""timestamp_ms"":20272,""score"":0.8994202017784119,""source_actor_id"":""WIN_20260726_11_45_35_Pro::s9"",""source_score"":null},{""class_code"":""suspicious_activity"",""frame_index"":163,""timestamp_ms"":20400,""score"":0.9367069602012634,""source_actor_id"":""WIN_20260726_11_45_35_Pro::s9"",""source_score"":null},{""class_code"":""suspicious_activity"",""frame_index"":164,""timestamp_ms"":20528,""score"":0.9635656476020813,""source_actor_id"":""WIN_20260726_11_45_35_Pro::s9"",""source_score"":null},{""class_code"":""suspicious_activity"",""frame_index"":165,""timestamp_ms"":20639,""score"":0.9734083414077759,""source_actor_id"":""WIN_20260726_11_45_35_Pro::s9"",""source_score"":null},{""class_code"":""suspicious_activity"",""frame_index"":166,""timestamp_ms"":20768,""score"":0.9616367220878601,""source_actor_id"":""WIN_20260726_11_45_35_Pro::s9"",""source_score"":null},{""class_code"":""suspicious_activity"",""frame_index"":167,""timestamp_ms"":20896,""score"":0.9712713956832886,""source_actor_id"":""WIN_20260726_11_45_35_Pro::s9"",""source_score"":null},{""class_code"":""c2"",""frame_index"":173,""timestamp_ms"":21632,""score"":0.5894967317581177,""source_actor_id"":""WIN_20260726_11_45_35_Pro::s9"",""source_score"":0.5894967317581177},{""class_code"":""c2"",""frame_index"":175,""timestamp_ms"":21904,""score"":0.5930233597755432,""source_actor_id"":""WIN_20260726_11_45_35_Pro::s9"",""source_score"":0.5930233597755432},{""class_code"":""c2"",""frame_index"":177,""timestamp_ms"":22128,""score"":0.3974486291408539,""source_actor_id"":""WIN_20260726_11_45_35_Pro::s10"",""source_score"":0.6614925265312195},{""class_code"":""c2"",""frame_index"":178,""timestamp_ms"":22271,""score"":0.3595634996891022,""source_actor_id"":""WIN_20260726_11_45_35_Pro::s10"",""source_score"":0.6947901844978333},{""class_code"":""c2"",""frame_index"":179,""timestamp_ms"":22400,""score"":0.3716278076171875,""source_actor_id"":""WIN_20260726_11_45_35_Pro::s10"",""source_score"":0.7057207822799683},{""class_code"":""c2"",""frame_index"":180,""timestamp_ms"":22528,""score"":0.3716278076171875,""source_actor_id"":""WIN_20260726_11_45_35_Pro::s10"",""source_score"":0.7087375521659851},{""class_code"":""c2"",""frame_index"":182,""timestamp_ms"":22768,""score"":0.35271838307380676,""source_actor_id"":""WIN_20260726_11_45_35_Pro::s9"",""source_score"":0.35271838307380676},{""class_code"":""suspicious_activity"",""frame_index"":207,""timestamp_ms"":25904,""score"":0.791091799736023,""source_actor_id"":""WIN_20260726_11_45_35_Pro::s9"",""source_score"":null}]",8,1007,s10,4,218,True,c2
WIN_20260726_11_47_30_Pro,s10,suspicious_activity,c5,suspicious_activity,s10,269,33649,0.971444845199585,,"[{""class_code"":""suspicious_activity"",""frame_index"":248,""timestamp_ms"":31024,""score"":0.7023731470108032,""source_actor_id"":""WIN_20260726_11_47_30_Pro::s10"",""source_score"":null},{""class_code"":""suspicious_activity"",""frame_index"":249,""timestamp_ms"":31152,""score"":0.9077951312065125,""source_actor_id"":""WIN_20260726_11_47_30_Pro::s10"",""source_score"":null},{""class_code"":""suspicious_activity"",""frame_index"":250,""timestamp_ms"":31280,""score"":0.9088222980499268,""source_actor_id"":""WIN_20260726_11_47_30_Pro::s10"",""source_score"":null},{""class_code"":""suspicious_activity"",""frame_index"":251,""timestamp_ms"":31392,""score"":0.9243921041488647,""source_actor_id"":""WIN_20260726_11_47_30_Pro::s10"",""source_score"":null},{""class_code"":""suspicious_activity"",""frame_index"":252,""timestamp_ms"":31520,""score"":0.9074085354804993,""source_actor_id"":""WIN_20260726_11_47_30_Pro::s10"",""source_score"":null},{""class_code"":""suspicious_activity"",""frame_index"":253,""timestamp_ms"":31648,""score"":0.8918372988700867,""source_actor_id"":""WIN_20260726_11_47_30_Pro::s10"",""source_score"":null},{""class_code"":""suspicious_activity"",""frame_index"":254,""timestamp_ms"":31760,""score"":0.9182271361351013,""source_actor_id"":""WIN_20260726_11_47_30_Pro::s10"",""source_score"":null},{""class_code"":""suspicious_activity"",""frame_index"":255,""timestamp_ms"":31888,""score"":0.9182271361351013,""source_actor_id"":""WIN_20260726_11_47_30_Pro::s10"",""source_score"":null},{""class_code"":""suspicious_activity"",""frame_index"":256,""timestamp_ms"":32016,""score"":0.9182271361351013,""source_actor_id"":""WIN_20260726_11_47_30_Pro::s10"",""source_score"":null},{""class_code"":""suspicious_activity"",""frame_index"":257,""timestamp_ms"":32159,""score"":0.9182271361351013,""source_actor_id"":""WIN_20260726_11_47_30_Pro::s10"",""source_score"":null},{""class_code"":""suspicious_activity"",""frame_index"":258,""timestamp_ms"":32256,""score"":0.9222754240036011,""source_actor_id"":""WIN_20260726_11_47_30_Pro::s10"",""source_score"":null},{""class_code"":""suspicious_activity"",""frame_index"":259,""timestamp_ms"":32384,""score"":0.9342436194419861,""source_actor_id"":""WIN_20260726_11_47_30_Pro::s10"",""source_score"":null},{""class_code"":""suspicious_activity"",""frame_index"":260,""timestamp_ms"":32512,""score"":0.9342436194419861,""source_actor_id"":""WIN_20260726_11_47_30_Pro::s10"",""source_score"":null},{""class_code"":""suspicious_activity"",""frame_index"":261,""timestamp_ms"":32656,""score"":0.9342436194419861,""source_actor_id"":""WIN_20260726_11_47_30_Pro::s10"",""source_score"":null},{""class_code"":""suspicious_activity"",""frame_index"":262,""timestamp_ms"":32752,""score"":0.9519084095954895,""source_actor_id"":""WIN_20260726_11_47_30_Pro::s10"",""source_score"":null},{""class_code"":""suspicious_activity"",""frame_index"":263,""timestamp_ms"":32880,""score"":0.9519084095954895,""source_actor_id"":""WIN_20260726_11_47_30_Pro::s10"",""source_score"":null},{""class_code"":""suspicious_activity"",""frame_index"":264,""timestamp_ms"":33024,""score"":0.9533567428588867,""source_actor_id"":""WIN_20260726_11_47_30_Pro::s10"",""source_score"":null},{""class_code"":""suspicious_activity"",""frame_index"":265,""timestamp_ms"":33152,""score"":0.9533567428588867,""source_actor_id"":""WIN_20260726_11_47_30_Pro::s10"",""source_score"":null},{""class_code"":""suspicious_activity"",""frame_index"":266,""timestamp_ms"":33280,""score"":0.9576910138130188,""source_actor_id"":""WIN_20260726_11_47_30_Pro::s10"",""source_score"":null},{""class_code"":""suspicious_activity"",""frame_index"":267,""timestamp_ms"":33392,""score"":0.9576910138130188,""source_actor_id"":""WIN_20260726_11_47_30_Pro::s10"",""source_score"":null},{""class_code"":""suspicious_activity"",""frame_index"":268,""timestamp_ms"":33520,""score"":0.9638537168502808,""source_actor_id"":""WIN_20260726_11_47_30_Pro::s10"",""source_score"":null},{""class_code"":""suspicious_activity"",""frame_index"":269,""timestamp_ms"":33649,""score"":0.971444845199585,""source_actor_id"":""WIN_20260726_11_47_30_Pro::s10"",""source_score"":null},{""class_code"":""suspicious_activity"",""frame_index"":270,""timestamp_ms"":33759,""score"":0.9659551978111267,""source_actor_id"":""WIN_20260726_11_47_30_Pro::s10"",""source_score"":null},{""class_code"":""suspicious_activity"",""frame_index"":271,""timestamp_ms"":33889,""score"":0.9531245231628418,""source_actor_id"":""WIN_20260726_11_47_30_Pro::s10"",""source_score"":null},{""class_code"":""suspicious_activity"",""frame_index"":272,""timestamp_ms"":34016,""score"":0.9531245231628418,""source_actor_id"":""WIN_20260726_11_47_30_Pro::s10"",""source_score"":null},{""class_code"":""suspicious_activity"",""frame_index"":273,""timestamp_ms"":34159,""score"":0.9531245231628418,""source_actor_id"":""WIN_20260726_11_47_30_Pro::s10"",""source_score"":null},{""class_code"":""suspicious_activity"",""frame_index"":274,""timestamp_ms"":34256,""score"":0.9542419910430908,""source_actor_id"":""WIN_20260726_11_47_30_Pro::s10"",""source_score"":null},{""class_code"":""suspicious_activity"",""frame_index"":275,""timestamp_ms"":34384,""score"":0.9531089067459106,""source_actor_id"":""WIN_20260726_11_47_30_Pro::s10"",""source_score"":null},{""class_code"":""suspicious_activity"",""frame_index"":276,""timestamp_ms"":34512,""score"":0.9531089067459106,""source_actor_id"":""WIN_20260726_11_47_30_Pro::s10"",""source_score"":null},{""class_code"":""suspicious_activity"",""frame_index"":277,""timestamp_ms"":34656,""score"":0.9531089067459106,""source_actor_id"":""WIN_20260726_11_47_30_Pro::s10"",""source_score"":null},{""class_code"":""suspicious_activity"",""frame_index"":278,""timestamp_ms"":34752,""score"":0.9531089067459106,""source_actor_id"":""WIN_20260726_11_47_30_Pro::s10"",""source_score"":null},{""class_code"":""suspicious_activity"",""frame_index"":279,""timestamp_ms"":34881,""score"":0.9572232961654663,""source_actor_id"":""WIN_20260726_11_47_30_Pro::s10"",""source_score"":null},{""class_code"":""suspicious_activity"",""frame_index"":280,""timestamp_ms"":35024,""score"":0.9507347941398621,""source_actor_id"":""WIN_20260726_11_47_30_Pro::s10"",""source_score"":null},{""class_code"":""suspicious_activity"",""frame_index"":281,""timestamp_ms"":35152,""score"":0.9507347941398621,""source_actor_id"":""WIN_20260726_11_47_30_Pro::s10"",""source_score"":null},{""class_code"":""suspicious_activity"",""frame_index"":282,""timestamp_ms"":35280,""score"":0.9507347941398621,""source_actor_id"":""WIN_20260726_11_47_30_Pro::s10"",""source_score"":null}]",248,31024,s10,4,747,True,suspicious_activity
WIN_20260726_11_47_30_Pro,s9,suspicious_activity,suspicious_activity,suspicious_activity,s9,714,89266,0.9789918065071106,,"[{""class_code"":""suspicious_activity"",""frame_index"":283,""timestamp_ms"":35392,""score"":0.7234730124473572,""source_actor_id"":""WIN_20260726_11_47_30_Pro::s9"",""source_score"":null},{""class_code"":""suspicious_activity"",""frame_index"":284,""timestamp_ms"":35521,""score"":0.7366691827774048,""source_actor_id"":""WIN_20260726_11_47_30_Pro::s9"",""source_score"":null},{""class_code"":""suspicious_activity"",""frame_index"":285,""timestamp_ms"":35648,""score"":0.6674579381942749,""source_actor_id"":""WIN_20260726_11_47_30_Pro::s9"",""source_score"":null},{""class_code"":""suspicious_activity"",""frame_index"":286,""timestamp_ms"":35791,""score"":0.6996053457260132,""source_actor_id"":""WIN_20260726_11_47_30_Pro::s9"",""source_score"":null},{""class_code"":""suspicious_activity"",""frame_index"":287,""timestamp_ms"":35888,""score"":0.7052899599075317,""source_actor_id"":""WIN_20260726_11_47_30_Pro::s9"",""source_score"":null},{""class_code"":""suspicious_activity"",""frame_index"":288,""timestamp_ms"":36017,""score"":0.7120853066444397,""source_actor_id"":""WIN_20260726_11_47_30_Pro::s9"",""source_score"":null},{""class_code"":""suspicious_activity"",""frame_index"":289,""timestamp_ms"":36144,""score"":0.7120853066444397,""source_actor_id"":""WIN_20260726_11_47_30_Pro::s9"",""source_score"":null},{""class_code"":""suspicious_activity"",""frame_index"":290,""timestamp_ms"":36256,""score"":0.7067410349845886,""source_actor_id"":""WIN_20260726_11_47_30_Pro::s9"",""source_score"":null},{""class_code"":""suspicious_activity"",""frame_index"":291,""timestamp_ms"":36384,""score"":0.7067410349845886,""source_actor_id"":""WIN_20260726_11_47_30_Pro::s9"",""source_score"":null},{""class_code"":""suspicious_activity"",""frame_index"":292,""timestamp_ms"":36512,""score"":0.800723135471344,""source_actor_id"":""WIN_20260726_11_47_30_Pro::s9"",""source_score"":null},{""class_code"":""suspicious_activity"",""frame_index"":293,""timestamp_ms"":36656,""score"":0.800723135471344,""source_actor_id"":""WIN_20260726_11_47_30_Pro::s9"",""source_score"":null},{""class_code"":""suspicious_activity"",""frame_index"":294,""timestamp_ms"":36753,""score"":0.7873138785362244,""source_actor_id"":""WIN_20260726_11_47_30_Pro::s9"",""source_score"":null},{""class_code"":""suspicious_activity"",""frame_index"":295,""timestamp_ms"":36881,""score"":0.7845937609672546,""source_actor_id"":""WIN_20260726_11_47_30_Pro::s9"",""source_score"":null},{""class_code"":""suspicious_activity"",""frame_index"":296,""timestamp_ms"":37024,""score"":0.9022478461265564,""source_actor_id"":""WIN_20260726_11_47_30_Pro::s9"",""source_score"":null},{""class_code"":""suspicious_activity"",""frame_index"":297,""timestamp_ms"":37153,""score"":0.8979461789131165,""source_actor_id"":""WIN_20260726_11_47_30_Pro::s9"",""source_score"":null},{""class_code"":""suspicious_activity"",""frame_index"":298,""timestamp_ms"":37280,""score"":0.8412775993347168,""source_actor_id"":""WIN_20260726_11_47_30_Pro::s9"",""source_score"":null},{""class_code"":""suspicious_activity"",""frame_index"":299,""timestamp_ms"":37391,""score"":0.7907641530036926,""source_actor_id"":""WIN_20260726_11_47_30_Pro::s9"",""source_score"":null},{""class_code"":""suspicious_activity"",""frame_index"":300,""timestamp_ms"":37521,""score"":0.6612369418144226,""source_actor_id"":""WIN_20260726_11_47_30_Pro::s9"",""source_score"":null},{""class_code"":""suspicious_activity"",""frame_index"":302,""timestamp_ms"":37791,""score"":0.6854729056358337,""source_actor_id"":""WIN_20260726_11_47_30_Pro::s9"",""source_score"":null},{""class_code"":""suspicious_activity"",""frame_index"":303,""timestamp_ms"":37889,""score"":0.6932657361030579,""source_actor_id"":""WIN_20260726_11_47_30_Pro::s9"",""source_score"":null},{""class_code"":""suspicious_activity"",""frame_index"":304,""timestamp_ms"":38017,""score"":0.6932657361030579,""source_actor_id"":""WIN_20260726_11_47_30_Pro::s9"",""source_score"":null},{""class_code"":""suspicious_activity"",""frame_index"":305,""timestamp_ms"":38145,""score"":0.6932657361030579,""source_actor_id"":""WIN_20260726_11_47_30_Pro::s9"",""source_score"":null},{""class_code"":""suspicious_activity"",""frame_index"":306,""timestamp_ms"":38256,""score"":0.6932657361030579,""source_actor_id"":""WIN_20260726_11_47_30_Pro::s9"",""source_score"":null},{""class_code"":""suspicious_activity"",""frame_index"":323,""timestamp_ms"":40385,""score"":0.6624345779418945,""source_actor_id"":""WIN_20260726_11_47_30_Pro::s9"",""source_score"":null},{""class_code"":""suspicious_activity"",""frame_index"":324,""timestamp_ms"":40513,""score"":0.6624345779418945,""source_actor_id"":""WIN_20260726_11_47_30_Pro::s9"",""source_score"":null},{""class_code"":""suspicious_activity"",""frame_index"":325,""timestamp_ms"":40656,""score"":0.6624345779418945,""source_actor_id"":""WIN_20260726_11_47_30_Pro::s9"",""source_score"":null},{""class_code"":""suspicious_activity"",""frame_index"":329,""timestamp_ms"":41153,""score"":0.8711838126182556,""source_actor_id"":""WIN_20260726_11_47_30_Pro::s9"",""source_score"":null},{""class_code"":""suspicious_activity"",""frame_index"":330,""timestamp_ms"":41281,""score"":0.8033465147018433,""source_actor_id"":""WIN_20260726_11_47_30_Pro::s9"",""source_score"":null},{""class_code"":""suspicious_activity"",""frame_index"":331,""timestamp_ms"":41377,""score"":0.89509516954422,""source_actor_id"":""WIN_20260726_11_47_30_Pro::s9"",""source_score"":null},{""class_code"":""suspicious_activity"",""frame_index"":332,""timestamp_ms"":41521,""score"":0.9009242057800293,""source_actor_id"":""WIN_20260726_11_47_30_Pro::s9"",""source_score"":null},{""class_code"":""suspicious_activity"",""frame_index"":333,""timestamp_ms"":41649,""score"":0.7662883996963501,""source_actor_id"":""WIN_20260726_11_47_30_Pro::s9"",""source_score"":null},{""class_code"":""suspicious_activity"",""frame_index"":334,""timestamp_ms"":41777,""score"":0.7434409260749817,""source_actor_id"":""WIN_20260726_11_47_30_Pro::s9"",""source_score"":null},{""class_code"":""suspicious_activity"",""frame_index"":335,""timestamp_ms"":41889,""score"":0.7434409260749817,""source_actor_id"":""WIN_20260726_11_47_30_Pro::s9"",""source_score"":null},{""class_code"":""suspicious_activity"",""frame_index"":336,""timestamp_ms"":42017,""score"":0.7434409260749817,""source_actor_id"":""WIN_20260726_11_47_30_Pro::s9"",""source_score"":null},{""class_code"":""suspicious_activity"",""frame_index"":337,""timestamp_ms"":42145,""score"":0.7434409260749817,""source_actor_id"":""WIN_20260726_11_47_30_Pro::s9"",""source_score"":null},{""class_code"":""suspicious_activity"",""frame_index"":400,""timestamp_ms"":50017,""score"":0.7272700667381287,""source_actor_id"":""WIN_20260726_11_47_30_Pro::s9"",""source_score"":null},{""class_code"":""suspicious_activity"",""frame_index"":401,""timestamp_ms"":50145,""score"":0.7272700667381287,""source_actor_id"":""WIN_20260726_11_47_30_Pro::s9"",""source_score"":null},{""class_code"":""suspicious_activity"",""frame_index"":404,""timestamp_ms"":50513,""score"":0.7652466893196106,""source_actor_id"":""WIN_20260726_11_47_30_Pro::s9"",""source_score"":null},{""class_code"":""suspicious_activity"",""frame_index"":405,""timestamp_ms"":50641,""score"":0.6651523113250732,""source_actor_id"":""WIN_20260726_11_47_30_Pro::s9"",""source_score"":null},{""class_code"":""suspicious_activity"",""frame_index"":406,""timestamp_ms"":50753,""score"":0.6762564182281494,""source_actor_id"":""WIN_20260726_11_47_30_Pro::s9"",""source_score"":null},{""class_code"":""suspicious_activity"",""frame_index"":456,""timestamp_ms"":57009,""score"":0.8747938275337219,""source_actor_id"":""WIN_20260726_11_47_30_Pro::s9"",""source_score"":null},{""class_code"":""suspicious_activity"",""frame_index"":457,""timestamp_ms"":57152,""score"":0.8854480981826782,""source_actor_id"":""WIN_20260726_11_47_30_Pro::s9"",""source_score"":null},{""class_code"":""suspicious_activity"",""frame_index"":458,""timestamp_ms"":57281,""score"":0.8854480981826782,""source_actor_id"":""WIN_20260726_11_47_30_Pro::s9"",""source_score"":null},{""class_code"":""suspicious_activity"",""frame_index"":459,""timestamp_ms"":57377,""score"":0.8854480981826782,""source_actor_id"":""WIN_20260726_11_47_30_Pro::s9"",""source_score"":null},{""class_code"":""suspicious_activity"",""frame_index"":460,""timestamp_ms"":57505,""score"":0.8854480981826782,""source_actor_id"":""WIN_20260726_11_47_30_Pro::s9"",""source_score"":null},{""class_code"":""suspicious_activity"",""frame_index"":461,""timestamp_ms"":57649,""score"":0.8946937322616577,""source_actor_id"":""WIN_20260726_11_47_30_Pro::s9"",""source_score"":null},{""class_code"":""suspicious_activity"",""frame_index"":462,""timestamp_ms"":57777,""score"":0.9010378122329712,""source_actor_id"":""WIN_20260726_11_47_30_Pro::s9"",""source_score"":null},{""class_code"":""suspicious_activity"",""frame_index"":463,""timestamp_ms"":57905,""score"":0.9010378122329712,""source_actor_id"":""WIN_20260726_11_47_30_Pro::s9"",""source_score"":null},{""class_code"":""suspicious_activity"",""frame_index"":464,""timestamp_ms"":58017,""score"":0.8823760747909546,""source_actor_id"":""WIN_20260726_11_47_30_Pro::s9"",""source_score"":null},{""class_code"":""suspicious_activity"",""frame_index"":465,""timestamp_ms"":58145,""score"":0.8026155829429626,""source_actor_id"":""WIN_20260726_11_47_30_Pro::s9"",""source_score"":null},{""class_code"":""suspicious_activity"",""frame_index"":466,""timestamp_ms"":58273,""score"":0.8623972535133362,""source_actor_id"":""WIN_20260726_11_47_30_Pro::s9"",""source_score"":null},{""class_code"":""suspicious_activity"",""frame_index"":467,""timestamp_ms"":58385,""score"":0.8900315761566162,""source_actor_id"":""WIN_20260726_11_47_30_Pro::s9"",""source_score"":null},{""class_code"":""suspicious_activity"",""frame_index"":468,""timestamp_ms"":58513,""score"":0.9456719756126404,""source_actor_id"":""WIN_20260726_11_47_30_Pro::s9"",""source_score"":null},{""class_code"":""suspicious_activity"",""frame_index"":469,""timestamp_ms"":58641,""score"":0.9521290063858032,""source_actor_id"":""WIN_20260726_11_47_30_Pro::s9"",""source_score"":null},{""class_code"":""suspicious_activity"",""frame_index"":470,""timestamp_ms"":58752,""score"":0.9248017072677612,""source_actor_id"":""WIN_20260726_11_47_30_Pro::s9"",""source_score"":null},{""class_code"":""suspicious_activity"",""frame_index"":471,""timestamp_ms"":58881,""score"":0.9463861584663391,""source_actor_id"":""WIN_20260726_11_47_30_Pro::s9"",""source_score"":null},{""class_code"":""suspicious_activity"",""frame_index"":472,""timestamp_ms"":59009,""score"":0.9494433403015137,""source_actor_id"":""WIN_20260726_11_47_30_Pro::s9"",""source_score"":null},{""class_code"":""suspicious_activity"",""frame_index"":473,""timestamp_ms"":59137,""score"":0.9742087721824646,""source_actor_id"":""WIN_20260726_11_47_30_Pro::s9"",""source_score"":null},{""class_code"":""suspicious_activity"",""frame_index"":474,""timestamp_ms"":59281,""score"":0.9463434815406799,""source_actor_id"":""WIN_20260726_11_47_30_Pro::s9"",""source_score"":null},{""class_code"":""suspicious_activity"",""frame_index"":475,""timestamp_ms"":59377,""score"":0.9430019855499268,""source_actor_id"":""WIN_20260726_11_47_30_Pro::s9"",""source_score"":null},{""class_code"":""suspicious_activity"",""frame_index"":476,""timestamp_ms"":59505,""score"":0.9425313472747803,""source_actor_id"":""WIN_20260726_11_47_30_Pro::s9"",""source_score"":null},{""class_code"":""suspicious_activity"",""frame_index"":477,""timestamp_ms"":59649,""score"":0.9571529626846313,""source_actor_id"":""WIN_20260726_11_47_30_Pro::s9"",""source_score"":null},{""class_code"":""suspicious_activity"",""frame_index"":478,""timestamp_ms"":59777,""score"":0.9487366676330566,""source_actor_id"":""WIN_20260726_11_47_30_Pro::s9"",""source_score"":null},{""class_code"":""suspicious_activity"",""frame_index"":479,""timestamp_ms"":59905,""score"":0.959479033946991,""source_actor_id"":""WIN_20260726_11_47_30_Pro::s9"",""source_score"":null},{""class_code"":""suspicious_activity"",""frame_index"":590,""timestamp_ms"":73777,""score"":0.8069310188293457,""source_actor_id"":""WIN_20260726_11_47_30_Pro::s9"",""source_score"":null},{""class_code"":""suspicious_activity"",""frame_index"":591,""timestamp_ms"":73906,""score"":0.8700933456420898,""source_actor_id"":""WIN_20260726_11_47_30_Pro::s9"",""source_score"":null},{""class_code"":""suspicious_activity"",""frame_index"":592,""timestamp_ms"":74001,""score"":0.9043589234352112,""source_actor_id"":""WIN_20260726_11_47_30_Pro::s9"",""source_score"":null},{""class_code"":""suspicious_activity"",""frame_index"":593,""timestamp_ms"":74145,""score"":0.9079679846763611,""source_actor_id"":""WIN_20260726_11_47_30_Pro::s9"",""source_score"":null},{""class_code"":""suspicious_activity"",""frame_index"":594,""timestamp_ms"":74274,""score"":0.9079679846763611,""source_actor_id"":""WIN_20260726_11_47_30_Pro::s9"",""source_score"":null},{""class_code"":""suspicious_activity"",""frame_index"":595,""timestamp_ms"":74402,""score"":0.9120385050773621,""source_actor_id"":""WIN_20260726_11_47_30_Pro::s9"",""source_score"":null},{""class_code"":""suspicious_activity"",""frame_index"":596,""timestamp_ms"":74512,""score"":0.922045111656189,""source_actor_id"":""WIN_20260726_11_47_30_Pro::s9"",""source_score"":null},{""class_code"":""suspicious_activity"",""frame_index"":597,""timestamp_ms"":74642,""score"":0.9262188076972961,""source_actor_id"":""WIN_20260726_11_47_30_Pro::s9"",""source_score"":null},{""class_code"":""suspicious_activity"",""frame_index"":598,""timestamp_ms"":74770,""score"":0.9262188076972961,""source_actor_id"":""WIN_20260726_11_47_30_Pro::s9"",""source_score"":null},{""class_code"":""suspicious_activity"",""frame_index"":599,""timestamp_ms"":74912,""score"":0.930452823638916,""source_actor_id"":""WIN_20260726_11_47_30_Pro::s9"",""source_score"":null},{""class_code"":""suspicious_activity"",""frame_index"":600,""timestamp_ms"":75009,""score"":0.9252647757530212,""source_actor_id"":""WIN_20260726_11_47_30_Pro::s9"",""source_score"":null},{""class_code"":""suspicious_activity"",""frame_index"":601,""timestamp_ms"":75138,""score"":0.9248695969581604,""source_actor_id"":""WIN_20260726_11_47_30_Pro::s9"",""source_score"":null},{""class_code"":""suspicious_activity"",""frame_index"":602,""timestamp_ms"":75266,""score"":0.9148882627487183,""source_actor_id"":""WIN_20260726_11_47_30_Pro::s9"",""source_score"":null},{""class_code"":""suspicious_activity"",""frame_index"":603,""timestamp_ms"":75377,""score"":0.8008108139038086,""source_actor_id"":""WIN_20260726_11_47_30_Pro::s9"",""source_score"":null},{""class_code"":""suspicious_activity"",""frame_index"":636,""timestamp_ms"":79506,""score"":0.7602952122688293,""source_actor_id"":""WIN_20260726_11_47_30_Pro::s9"",""source_score"":null},{""class_code"":""suspicious_activity"",""frame_index"":637,""timestamp_ms"":79634,""score"":0.6878151297569275,""source_actor_id"":""WIN_20260726_11_47_30_Pro::s9"",""source_score"":null},{""class_code"":""suspicious_activity"",""frame_index"":650,""timestamp_ms"":81266,""score"":0.7916820645332336,""source_actor_id"":""WIN_20260726_11_47_30_Pro::s9"",""source_score"":null},{""class_code"":""suspicious_activity"",""frame_index"":651,""timestamp_ms"":81378,""score"":0.7916820645332336,""source_actor_id"":""WIN_20260726_11_47_30_Pro::s9"",""source_score"":null},{""class_code"":""suspicious_activity"",""frame_index"":652,""timestamp_ms"":81506,""score"":0.6937336325645447,""source_actor_id"":""WIN_20260726_11_47_30_Pro::s9"",""source_score"":null},{""class_code"":""suspicious_activity"",""frame_index"":653,""timestamp_ms"":81634,""score"":0.7423798441886902,""source_actor_id"":""WIN_20260726_11_47_30_Pro::s9"",""source_score"":null},{""class_code"":""suspicious_activity"",""frame_index"":654,""timestamp_ms"":81778,""score"":0.7987633347511292,""source_actor_id"":""WIN_20260726_11_47_30_Pro::s9"",""source_score"":null},{""class_code"":""suspicious_activity"",""frame_index"":655,""timestamp_ms"":81906,""score"":0.8112334609031677,""source_actor_id"":""WIN_20260726_11_47_30_Pro::s9"",""source_score"":null},{""class_code"":""suspicious_activity"",""frame_index"":656,""timestamp_ms"":82002,""score"":0.8226719498634338,""source_actor_id"":""WIN_20260726_11_47_30_Pro::s9"",""source_score"":null},{""class_code"":""suspicious_activity"",""frame_index"":657,""timestamp_ms"":82144,""score"":0.8186123371124268,""source_actor_id"":""WIN_20260726_11_47_30_Pro::s9"",""source_score"":null},{""class_code"":""suspicious_activity"",""frame_index"":658,""timestamp_ms"":82274,""score"":0.8186123371124268,""source_actor_id"":""WIN_20260726_11_47_30_Pro::s9"",""source_score"":null},{""class_code"":""suspicious_activity"",""frame_index"":659,""timestamp_ms"":82402,""score"":0.7717549800872803,""source_actor_id"":""WIN_20260726_11_47_30_Pro::s9"",""source_score"":null},{""class_code"":""suspicious_activity"",""frame_index"":660,""timestamp_ms"":82530,""score"":0.7509864568710327,""source_actor_id"":""WIN_20260726_11_47_30_Pro::s9"",""source_score"":null},{""class_code"":""suspicious_activity"",""frame_index"":685,""timestamp_ms"":85634,""score"":0.6724525690078735,""source_actor_id"":""WIN_20260726_11_47_30_Pro::s9"",""source_score"":null},{""class_code"":""suspicious_activity"",""frame_index"":690,""timestamp_ms"":86274,""score"":0.7141387462615967,""source_actor_id"":""WIN_20260726_11_47_30_Pro::s9"",""source_score"":null},{""class_code"":""suspicious_activity"",""frame_index"":691,""timestamp_ms"":86402,""score"":0.6655454039573669,""source_actor_id"":""WIN_20260726_11_47_30_Pro::s9"",""source_score"":null},{""class_code"":""suspicious_activity"",""frame_index"":692,""timestamp_ms"":86530,""score"":0.7617757320404053,""source_actor_id"":""WIN_20260726_11_47_30_Pro::s9"",""source_score"":null},{""class_code"":""suspicious_activity"",""frame_index"":693,""timestamp_ms"":86642,""score"":0.7922163009643555,""source_actor_id"":""WIN_20260726_11_47_30_Pro::s9"",""source_score"":null},{""class_code"":""suspicious_activity"",""frame_index"":694,""timestamp_ms"":86770,""score"":0.7567460536956787,""source_actor_id"":""WIN_20260726_11_47_30_Pro::s9"",""source_score"":null},{""class_code"":""suspicious_activity"",""frame_index"":695,""timestamp_ms"":86898,""score"":0.7596282362937927,""source_actor_id"":""WIN_20260726_11_47_30_Pro::s9"",""source_score"":null},{""class_code"":""suspicious_activity"",""frame_index"":696,""timestamp_ms"":87008,""score"":0.7583682537078857,""source_actor_id"":""WIN_20260726_11_47_30_Pro::s9"",""source_score"":null},{""class_code"":""suspicious_activity"",""frame_index"":697,""timestamp_ms"":87138,""score"":0.7645593285560608,""source_actor_id"":""WIN_20260726_11_47_30_Pro::s9"",""source_score"":null},{""class_code"":""suspicious_activity"",""frame_index"":698,""timestamp_ms"":87266,""score"":0.878669798374176,""source_actor_id"":""WIN_20260726_11_47_30_Pro::s9"",""source_score"":null},{""class_code"":""suspicious_activity"",""frame_index"":699,""timestamp_ms"":87408,""score"":0.8970763087272644,""source_actor_id"":""WIN_20260726_11_47_30_Pro::s9"",""source_score"":null},{""class_code"":""suspicious_activity"",""frame_index"":700,""timestamp_ms"":87506,""score"":0.904183030128479,""source_actor_id"":""WIN_20260726_11_47_30_Pro::s9"",""source_score"":null},{""class_code"":""suspicious_activity"",""frame_index"":701,""timestamp_ms"":87634,""score"":0.904183030128479,""source_actor_id"":""WIN_20260726_11_47_30_Pro::s9"",""source_score"":null},{""class_code"":""suspicious_activity"",""frame_index"":702,""timestamp_ms"":87762,""score"":0.9080101251602173,""source_actor_id"":""WIN_20260726_11_47_30_Pro::s9"",""source_score"":null},{""class_code"":""suspicious_activity"",""frame_index"":703,""timestamp_ms"":87906,""score"":0.9332324266433716,""source_actor_id"":""WIN_20260726_11_47_30_Pro::s9"",""source_score"":null},{""class_code"":""suspicious_activity"",""frame_index"":704,""timestamp_ms"":88002,""score"":0.9527689218521118,""source_actor_id"":""WIN_20260726_11_47_30_Pro::s9"",""source_score"":null},{""class_code"":""suspicious_activity"",""frame_index"":705,""timestamp_ms"":88130,""score"":0.9724603295326233,""source_actor_id"":""WIN_20260726_11_47_30_Pro::s9"",""source_score"":null},{""class_code"":""suspicious_activity"",""frame_index"":706,""timestamp_ms"":88274,""score"":0.968262255191803,""source_actor_id"":""WIN_20260726_11_47_30_Pro::s9"",""source_score"":null},{""class_code"":""suspicious_activity"",""frame_index"":707,""timestamp_ms"":88402,""score"":0.9679780602455139,""source_actor_id"":""WIN_20260726_11_47_30_Pro::s9"",""source_score"":null},{""class_code"":""suspicious_activity"",""frame_index"":708,""timestamp_ms"":88530,""score"":0.9675163626670837,""source_actor_id"":""WIN_20260726_11_47_30_Pro::s9"",""source_score"":null},{""class_code"":""suspicious_activity"",""frame_index"":709,""timestamp_ms"":88642,""score"":0.9678749442100525,""source_actor_id"":""WIN_20260726_11_47_30_Pro::s9"",""source_score"":null},{""class_code"":""suspicious_activity"",""frame_index"":710,""timestamp_ms"":88770,""score"":0.9653502702713013,""source_actor_id"":""WIN_20260726_11_47_30_Pro::s9"",""source_score"":null},{""class_code"":""suspicious_activity"",""frame_index"":711,""timestamp_ms"":88898,""score"":0.9653502702713013,""source_actor_id"":""WIN_20260726_11_47_30_Pro::s9"",""source_score"":null},{""class_code"":""suspicious_activity"",""frame_index"":712,""timestamp_ms"":89008,""score"":0.9653502702713013,""source_actor_id"":""WIN_20260726_11_47_30_Pro::s9"",""source_score"":null},{""class_code"":""suspicious_activity"",""frame_index"":713,""timestamp_ms"":89138,""score"":0.9785543084144592,""source_actor_id"":""WIN_20260726_11_47_30_Pro::s9"",""source_score"":null},{""class_code"":""suspicious_activity"",""frame_index"":714,""timestamp_ms"":89266,""score"":0.9789918065071106,""source_actor_id"":""WIN_20260726_11_47_30_Pro::s9"",""source_score"":null},{""class_code"":""suspicious_activity"",""frame_index"":715,""timestamp_ms"":89408,""score"":0.9237357378005981,""source_actor_id"":""WIN_20260726_11_47_30_Pro::s9"",""source_score"":null},{""class_code"":""suspicious_activity"",""frame_index"":716,""timestamp_ms"":89506,""score"":0.9298861622810364,""source_actor_id"":""WIN_20260726_11_47_30_Pro::s9"",""source_score"":null},{""class_code"":""suspicious_activity"",""frame_index"":717,""timestamp_ms"":89634,""score"":0.9353423118591309,""source_actor_id"":""WIN_20260726_11_47_30_Pro::s9"",""source_score"":null},{""class_code"":""suspicious_activity"",""frame_index"":718,""timestamp_ms"":89762,""score"":0.9353423118591309,""source_actor_id"":""WIN_20260726_11_47_30_Pro::s9"",""source_score"":null},{""class_code"":""suspicious_activity"",""frame_index"":719,""timestamp_ms"":89906,""score"":0.9477308988571167,""source_actor_id"":""WIN_20260726_11_47_30_Pro::s9"",""source_score"":null},{""class_code"":""suspicious_activity"",""frame_index"":720,""timestamp_ms"":90002,""score"":0.9477308988571167,""source_actor_id"":""WIN_20260726_11_47_30_Pro::s9"",""source_score"":null},{""class_code"":""suspicious_activity"",""frame_index"":721,""timestamp_ms"":90130,""score"":0.9402274489402771,""source_actor_id"":""WIN_20260726_11_47_30_Pro::s9"",""source_score"":null},{""class_code"":""suspicious_activity"",""frame_index"":722,""timestamp_ms"":90274,""score"":0.9257227778434753,""source_actor_id"":""WIN_20260726_11_47_30_Pro::s9"",""source_score"":null},{""class_code"":""suspicious_activity"",""frame_index"":723,""timestamp_ms"":90402,""score"":0.9177066683769226,""source_actor_id"":""WIN_20260726_11_47_30_Pro::s9"",""source_score"":null},{""class_code"":""suspicious_activity"",""frame_index"":724,""timestamp_ms"":90530,""score"":0.9241739511489868,""source_actor_id"":""WIN_20260726_11_47_30_Pro::s9"",""source_score"":null},{""class_code"":""suspicious_activity"",""frame_index"":725,""timestamp_ms"":90641,""score"":0.9241739511489868,""source_actor_id"":""WIN_20260726_11_47_30_Pro::s9"",""source_score"":null},{""class_code"":""suspicious_activity"",""frame_index"":726,""timestamp_ms"":90770,""score"":0.91513991355896,""source_actor_id"":""WIN_20260726_11_47_30_Pro::s9"",""source_score"":null},{""class_code"":""suspicious_activity"",""frame_index"":727,""timestamp_ms"":90898,""score"":0.91513991355896,""source_actor_id"":""WIN_20260726_11_47_30_Pro::s9"",""source_score"":null},{""class_code"":""suspicious_activity"",""frame_index"":728,""timestamp_ms"":91041,""score"":0.7878493070602417,""source_actor_id"":""WIN_20260726_11_47_30_Pro::s9"",""source_score"":null},{""class_code"":""suspicious_activity"",""frame_index"":729,""timestamp_ms"":91138,""score"":0.7920311689376831,""source_actor_id"":""WIN_20260726_11_47_30_Pro::s9"",""source_score"":null},{""class_code"":""suspicious_activity"",""frame_index"":730,""timestamp_ms"":91266,""score"":0.8058559894561768,""source_actor_id"":""WIN_20260726_11_47_30_Pro::s9"",""source_score"":null},{""class_code"":""suspicious_activity"",""frame_index"":731,""timestamp_ms"":91394,""score"":0.7946323752403259,""source_actor_id"":""WIN_20260726_11_47_30_Pro::s9"",""source_score"":null},{""class_code"":""suspicious_activity"",""frame_index"":734,""timestamp_ms"":91762,""score"":0.6808115839958191,""source_actor_id"":""WIN_20260726_11_47_30_Pro::s9"",""source_score"":null},{""class_code"":""suspicious_activity"",""frame_index"":735,""timestamp_ms"":91906,""score"":0.6808115839958191,""source_actor_id"":""WIN_20260726_11_47_30_Pro::s9"",""source_score"":null},{""class_code"":""suspicious_activity"",""frame_index"":736,""timestamp_ms"":92002,""score"":0.802413284778595,""source_actor_id"":""WIN_20260726_11_47_30_Pro::s9"",""source_score"":null},{""class_code"":""suspicious_activity"",""frame_index"":737,""timestamp_ms"":92130,""score"":0.7851917743682861,""source_actor_id"":""WIN_20260726_11_47_30_Pro::s9"",""source_score"":null},{""class_code"":""suspicious_activity"",""frame_index"":738,""timestamp_ms"":92274,""score"":0.7851917743682861,""source_actor_id"":""WIN_20260726_11_47_30_Pro::s9"",""source_score"":null},{""class_code"":""suspicious_activity"",""frame_index"":739,""timestamp_ms"":92402,""score"":0.7851917743682861,""source_actor_id"":""WIN_20260726_11_47_30_Pro::s9"",""source_score"":null},{""class_code"":""suspicious_activity"",""frame_index"":740,""timestamp_ms"":92530,""score"":0.8333403468132019,""source_actor_id"":""WIN_20260726_11_47_30_Pro::s9"",""source_score"":null},{""class_code"":""suspicious_activity"",""frame_index"":741,""timestamp_ms"":92641,""score"":0.8333403468132019,""source_actor_id"":""WIN_20260726_11_47_30_Pro::s9"",""source_score"":null},{""class_code"":""suspicious_activity"",""frame_index"":742,""timestamp_ms"":92770,""score"":0.8333403468132019,""source_actor_id"":""WIN_20260726_11_47_30_Pro::s9"",""source_score"":null},{""class_code"":""suspicious_activity"",""frame_index"":743,""timestamp_ms"":92898,""score"":0.8339448571205139,""source_actor_id"":""WIN_20260726_11_47_30_Pro::s9"",""source_score"":null},{""class_code"":""suspicious_activity"",""frame_index"":744,""timestamp_ms"":93041,""score"":0.6908897757530212,""source_actor_id"":""WIN_20260726_11_47_30_Pro::s9"",""source_score"":null},{""class_code"":""suspicious_activity"",""frame_index"":748,""timestamp_ms"":93506,""score"":0.7448583841323853,""source_actor_id"":""WIN_20260726_11_47_30_Pro::s9"",""source_score"":null},{""class_code"":""suspicious_activity"",""frame_index"":749,""timestamp_ms"":93634,""score"":0.7597554922103882,""source_actor_id"":""WIN_20260726_11_47_30_Pro::s9"",""source_score"":null},{""class_code"":""suspicious_activity"",""frame_index"":750,""timestamp_ms"":93762,""score"":0.764418363571167,""source_actor_id"":""WIN_20260726_11_47_30_Pro::s9"",""source_score"":null}]",283,35392,s9,4,747,True,suspicious_activity
WIN_20260726_11_51_07_Pro,s10,c3,c5,c3,s10,75,9393,0.9832442402839661,,"[{""class_code"":""c3"",""frame_index"":19,""timestamp_ms"":2400,""score"":0.9738858938217163,""source_actor_id"":""WIN_20260726_11_51_07_Pro::s10"",""source_score"":null},{""class_code"":""c3"",""frame_index"":20,""timestamp_ms"":2529,""score"":0.9425676465034485,""source_actor_id"":""WIN_20260726_11_51_07_Pro::s10"",""source_score"":null},{""class_code"":""c3"",""frame_index"":21,""timestamp_ms"":2625,""score"":0.9598716497421265,""source_actor_id"":""WIN_20260726_11_51_07_Pro::s10"",""source_score"":null},{""class_code"":""c3"",""frame_index"":22,""timestamp_ms"":2753,""score"":0.9483159184455872,""source_actor_id"":""WIN_20260726_11_51_07_Pro::s10"",""source_score"":null},{""class_code"":""c3"",""frame_index"":23,""timestamp_ms"":2897,""score"":0.86644446849823,""source_actor_id"":""WIN_20260726_11_51_07_Pro::s10"",""source_score"":null},{""class_code"":""c3"",""frame_index"":60,""timestamp_ms"":7521,""score"":0.530160129070282,""source_actor_id"":""WIN_20260726_11_51_07_Pro::s10"",""source_score"":null},{""class_code"":""c3"",""frame_index"":61,""timestamp_ms"":7664,""score"":0.6371178030967712,""source_actor_id"":""WIN_20260726_11_51_07_Pro::s10"",""source_score"":null},{""class_code"":""c3"",""frame_index"":70,""timestamp_ms"":8753,""score"":0.9752861857414246,""source_actor_id"":""WIN_20260726_11_51_07_Pro::s10"",""source_score"":null},{""class_code"":""c3"",""frame_index"":71,""timestamp_ms"":8897,""score"":0.9752861857414246,""source_actor_id"":""WIN_20260726_11_51_07_Pro::s10"",""source_score"":null},{""class_code"":""c3"",""frame_index"":72,""timestamp_ms"":9025,""score"":0.9745950102806091,""source_actor_id"":""WIN_20260726_11_51_07_Pro::s10"",""source_score"":null},{""class_code"":""c3"",""frame_index"":73,""timestamp_ms"":9153,""score"":0.9745950102806091,""source_actor_id"":""WIN_20260726_11_51_07_Pro::s10"",""source_score"":null},{""class_code"":""c3"",""frame_index"":74,""timestamp_ms"":9264,""score"":0.9745950102806091,""source_actor_id"":""WIN_20260726_11_51_07_Pro::s10"",""source_score"":null},{""class_code"":""c3"",""frame_index"":75,""timestamp_ms"":9393,""score"":0.9832442402839661,""source_actor_id"":""WIN_20260726_11_51_07_Pro::s10"",""source_score"":null},{""class_code"":""c3"",""frame_index"":76,""timestamp_ms"":9521,""score"":0.9582050442695618,""source_actor_id"":""WIN_20260726_11_51_07_Pro::s10"",""source_score"":null},{""class_code"":""c3"",""frame_index"":77,""timestamp_ms"":9664,""score"":0.9475470185279846,""source_actor_id"":""WIN_20260726_11_51_07_Pro::s10"",""source_score"":null},{""class_code"":""c3"",""frame_index"":78,""timestamp_ms"":9761,""score"":0.791080117225647,""source_actor_id"":""WIN_20260726_11_51_07_Pro::s10"",""source_score"":null},{""class_code"":""c3"",""frame_index"":79,""timestamp_ms"":9889,""score"":0.38925236463546753,""source_actor_id"":""WIN_20260726_11_51_07_Pro::s10"",""source_score"":null},{""class_code"":""c3"",""frame_index"":100,""timestamp_ms"":12529,""score"":0.26126086711883545,""source_actor_id"":""WIN_20260726_11_51_07_Pro::s10"",""source_score"":null},{""class_code"":""c3"",""frame_index"":101,""timestamp_ms"":12625,""score"":0.2750779986381531,""source_actor_id"":""WIN_20260726_11_51_07_Pro::s10"",""source_score"":null},{""class_code"":""c3"",""frame_index"":102,""timestamp_ms"":12753,""score"":0.3462930917739868,""source_actor_id"":""WIN_20260726_11_51_07_Pro::s10"",""source_score"":null},{""class_code"":""c3"",""frame_index"":116,""timestamp_ms"":14529,""score"":0.9670729041099548,""source_actor_id"":""WIN_20260726_11_51_07_Pro::s10"",""source_score"":null},{""class_code"":""c3"",""frame_index"":117,""timestamp_ms"":14625,""score"":0.8278785943984985,""source_actor_id"":""WIN_20260726_11_51_07_Pro::s10"",""source_score"":null},{""class_code"":""c3"",""frame_index"":118,""timestamp_ms"":14753,""score"":0.8008320331573486,""source_actor_id"":""WIN_20260726_11_51_07_Pro::s10"",""source_score"":null}]",19,2400,s10,4,339,True,c3
WIN_20260726_11_51_07_Pro,s9,c5,c5,c3,s9,243,30386,0.9990432858467102,,"[{""class_code"":""suspicious_activity"",""frame_index"":4,""timestamp_ms"":529,""score"":0.945814847946167,""source_actor_id"":""WIN_20260726_11_51_07_Pro::s9"",""source_score"":null},{""class_code"":""suspicious_activity"",""frame_index"":5,""timestamp_ms"":625,""score"":0.9534988403320312,""source_actor_id"":""WIN_20260726_11_51_07_Pro::s9"",""source_score"":null},{""class_code"":""suspicious_activity"",""frame_index"":6,""timestamp_ms"":753,""score"":0.9727990627288818,""source_actor_id"":""WIN_20260726_11_51_07_Pro::s9"",""source_score"":null},{""class_code"":""suspicious_activity"",""frame_index"":7,""timestamp_ms"":897,""score"":0.9744675159454346,""source_actor_id"":""WIN_20260726_11_51_07_Pro::s9"",""source_score"":null},{""class_code"":""suspicious_activity"",""frame_index"":8,""timestamp_ms"":1025,""score"":0.9727990627288818,""source_actor_id"":""WIN_20260726_11_51_07_Pro::s9"",""source_score"":null},{""class_code"":""suspicious_activity"",""frame_index"":9,""timestamp_ms"":1153,""score"":0.9727990627288818,""source_actor_id"":""WIN_20260726_11_51_07_Pro::s9"",""source_score"":null},{""class_code"":""suspicious_activity"",""frame_index"":10,""timestamp_ms"":1265,""score"":0.9722503423690796,""source_actor_id"":""WIN_20260726_11_51_07_Pro::s9"",""source_score"":null},{""class_code"":""suspicious_activity"",""frame_index"":11,""timestamp_ms"":1393,""score"":0.9722503423690796,""source_actor_id"":""WIN_20260726_11_51_07_Pro::s9"",""source_score"":null},{""class_code"":""suspicious_activity"",""frame_index"":12,""timestamp_ms"":1521,""score"":0.9739515781402588,""source_actor_id"":""WIN_20260726_11_51_07_Pro::s9"",""source_score"":null},{""class_code"":""suspicious_activity"",""frame_index"":13,""timestamp_ms"":1633,""score"":0.9739515781402588,""source_actor_id"":""WIN_20260726_11_51_07_Pro::s9"",""source_score"":null},{""class_code"":""suspicious_activity"",""frame_index"":14,""timestamp_ms"":1761,""score"":0.9691506028175354,""source_actor_id"":""WIN_20260726_11_51_07_Pro::s9"",""source_score"":null},{""class_code"":""suspicious_activity"",""frame_index"":15,""timestamp_ms"":1889,""score"":0.9691506028175354,""source_actor_id"":""WIN_20260726_11_51_07_Pro::s9"",""source_score"":null},{""class_code"":""suspicious_activity"",""frame_index"":16,""timestamp_ms"":2000,""score"":0.9691506028175354,""source_actor_id"":""WIN_20260726_11_51_07_Pro::s9"",""source_score"":null},{""class_code"":""suspicious_activity"",""frame_index"":17,""timestamp_ms"":2129,""score"":0.973630428314209,""source_actor_id"":""WIN_20260726_11_51_07_Pro::s9"",""source_score"":null},{""class_code"":""suspicious_activity"",""frame_index"":18,""timestamp_ms"":2257,""score"":0.9769452810287476,""source_actor_id"":""WIN_20260726_11_51_07_Pro::s9"",""source_score"":null},{""class_code"":""suspicious_activity"",""frame_index"":19,""timestamp_ms"":2400,""score"":0.9769452810287476,""source_actor_id"":""WIN_20260726_11_51_07_Pro::s9"",""source_score"":null},{""class_code"":""suspicious_activity"",""frame_index"":20,""timestamp_ms"":2529,""score"":0.9805574417114258,""source_actor_id"":""WIN_20260726_11_51_07_Pro::s9"",""source_score"":null},{""class_code"":""suspicious_activity"",""frame_index"":21,""timestamp_ms"":2625,""score"":0.969404399394989,""source_actor_id"":""WIN_20260726_11_51_07_Pro::s9"",""source_score"":null},{""class_code"":""suspicious_activity"",""frame_index"":22,""timestamp_ms"":2753,""score"":0.969404399394989,""source_actor_id"":""WIN_20260726_11_51_07_Pro::s9"",""source_score"":null},{""class_code"":""suspicious_activity"",""frame_index"":23,""timestamp_ms"":2897,""score"":0.9659680128097534,""source_actor_id"":""WIN_20260726_11_51_07_Pro::s9"",""source_score"":null},{""class_code"":""suspicious_activity"",""frame_index"":24,""timestamp_ms"":3025,""score"":0.9658085107803345,""source_actor_id"":""WIN_20260726_11_51_07_Pro::s9"",""source_score"":null},{""class_code"":""suspicious_activity"",""frame_index"":25,""timestamp_ms"":3153,""score"":0.9657984972000122,""source_actor_id"":""WIN_20260726_11_51_07_Pro::s9"",""source_score"":null},{""class_code"":""suspicious_activity"",""frame_index"":26,""timestamp_ms"":3265,""score"":0.9530832767486572,""source_actor_id"":""WIN_20260726_11_51_07_Pro::s9"",""source_score"":null},{""class_code"":""suspicious_activity"",""frame_index"":27,""timestamp_ms"":3393,""score"":0.9458252191543579,""source_actor_id"":""WIN_20260726_11_51_07_Pro::s9"",""source_score"":null},{""class_code"":""suspicious_activity"",""frame_index"":28,""timestamp_ms"":3521,""score"":0.9467952847480774,""source_actor_id"":""WIN_20260726_11_51_07_Pro::s9"",""source_score"":null},{""class_code"":""suspicious_activity"",""frame_index"":29,""timestamp_ms"":3632,""score"":0.941493809223175,""source_actor_id"":""WIN_20260726_11_51_07_Pro::s9"",""source_score"":null},{""class_code"":""suspicious_activity"",""frame_index"":30,""timestamp_ms"":3761,""score"":0.941493809223175,""source_actor_id"":""WIN_20260726_11_51_07_Pro::s9"",""source_score"":null},{""class_code"":""suspicious_activity"",""frame_index"":31,""timestamp_ms"":3889,""score"":0.9343768358230591,""source_actor_id"":""WIN_20260726_11_51_07_Pro::s9"",""source_score"":null},{""class_code"":""suspicious_activity"",""frame_index"":32,""timestamp_ms"":4032,""score"":0.9157407879829407,""source_actor_id"":""WIN_20260726_11_51_07_Pro::s9"",""source_score"":null},{""class_code"":""suspicious_activity"",""frame_index"":33,""timestamp_ms"":4129,""score"":0.8753705024719238,""source_actor_id"":""WIN_20260726_11_51_07_Pro::s9"",""source_score"":null},{""class_code"":""suspicious_activity"",""frame_index"":34,""timestamp_ms"":4257,""score"":0.7983646392822266,""source_actor_id"":""WIN_20260726_11_51_07_Pro::s9"",""source_score"":null},{""class_code"":""suspicious_activity"",""frame_index"":35,""timestamp_ms"":4385,""score"":0.8342039585113525,""source_actor_id"":""WIN_20260726_11_51_07_Pro::s9"",""source_score"":null},{""class_code"":""suspicious_activity"",""frame_index"":36,""timestamp_ms"":4529,""score"":0.8357667326927185,""source_actor_id"":""WIN_20260726_11_51_07_Pro::s9"",""source_score"":null},{""class_code"":""suspicious_activity"",""frame_index"":37,""timestamp_ms"":4625,""score"":0.8357667326927185,""source_actor_id"":""WIN_20260726_11_51_07_Pro::s9"",""source_score"":null},{""class_code"":""suspicious_activity"",""frame_index"":38,""timestamp_ms"":4753,""score"":0.8357667326927185,""source_actor_id"":""WIN_20260726_11_51_07_Pro::s9"",""source_score"":null},{""class_code"":""suspicious_activity"",""frame_index"":39,""timestamp_ms"":4897,""score"":0.8386889696121216,""source_actor_id"":""WIN_20260726_11_51_07_Pro::s9"",""source_score"":null},{""class_code"":""suspicious_activity"",""frame_index"":40,""timestamp_ms"":5025,""score"":0.8755980730056763,""source_actor_id"":""WIN_20260726_11_51_07_Pro::s9"",""source_score"":null},{""class_code"":""suspicious_activity"",""frame_index"":41,""timestamp_ms"":5153,""score"":0.6610860228538513,""source_actor_id"":""WIN_20260726_11_51_07_Pro::s9"",""source_score"":null},{""class_code"":""suspicious_activity"",""frame_index"":42,""timestamp_ms"":5265,""score"":0.6610860228538513,""source_actor_id"":""WIN_20260726_11_51_07_Pro::s9"",""source_score"":null},{""class_code"":""suspicious_activity"",""frame_index"":44,""timestamp_ms"":5521,""score"":0.6610860228538513,""source_actor_id"":""WIN_20260726_11_51_07_Pro::s9"",""source_score"":null},{""class_code"":""suspicious_activity"",""frame_index"":45,""timestamp_ms"":5632,""score"":0.6664408445358276,""source_actor_id"":""WIN_20260726_11_51_07_Pro::s9"",""source_score"":null},{""class_code"":""suspicious_activity"",""frame_index"":46,""timestamp_ms"":5761,""score"":0.7748918533325195,""source_actor_id"":""WIN_20260726_11_51_07_Pro::s9"",""source_score"":null},{""class_code"":""suspicious_activity"",""frame_index"":47,""timestamp_ms"":5889,""score"":0.7748918533325195,""source_actor_id"":""WIN_20260726_11_51_07_Pro::s9"",""source_score"":null},{""class_code"":""suspicious_activity"",""frame_index"":48,""timestamp_ms"":6032,""score"":0.768890380859375,""source_actor_id"":""WIN_20260726_11_51_07_Pro::s9"",""source_score"":null},{""class_code"":""suspicious_activity"",""frame_index"":49,""timestamp_ms"":6129,""score"":0.7391889691352844,""source_actor_id"":""WIN_20260726_11_51_07_Pro::s9"",""source_score"":null},{""class_code"":""suspicious_activity"",""frame_index"":50,""timestamp_ms"":6257,""score"":0.7391889691352844,""source_actor_id"":""WIN_20260726_11_51_07_Pro::s9"",""source_score"":null},{""class_code"":""suspicious_activity"",""frame_index"":51,""timestamp_ms"":6385,""score"":0.7457066178321838,""source_actor_id"":""WIN_20260726_11_51_07_Pro::s9"",""source_score"":null},{""class_code"":""suspicious_activity"",""frame_index"":52,""timestamp_ms"":6529,""score"":0.7301421165466309,""source_actor_id"":""WIN_20260726_11_51_07_Pro::s9"",""source_score"":null},{""class_code"":""suspicious_activity"",""frame_index"":53,""timestamp_ms"":6625,""score"":0.7161065936088562,""source_actor_id"":""WIN_20260726_11_51_07_Pro::s9"",""source_score"":null},{""class_code"":""suspicious_activity"",""frame_index"":54,""timestamp_ms"":6753,""score"":0.7161065936088562,""source_actor_id"":""WIN_20260726_11_51_07_Pro::s9"",""source_score"":null},{""class_code"":""suspicious_activity"",""frame_index"":55,""timestamp_ms"":6897,""score"":0.7161065936088562,""source_actor_id"":""WIN_20260726_11_51_07_Pro::s9"",""source_score"":null},{""class_code"":""suspicious_activity"",""frame_index"":56,""timestamp_ms"":7025,""score"":0.7161065936088562,""source_actor_id"":""WIN_20260726_11_51_07_Pro::s9"",""source_score"":null},{""class_code"":""suspicious_activity"",""frame_index"":57,""timestamp_ms"":7153,""score"":0.7161065936088562,""source_actor_id"":""WIN_20260726_11_51_07_Pro::s9"",""source_score"":null},{""class_code"":""suspicious_activity"",""frame_index"":58,""timestamp_ms"":7264,""score"":0.7233734726905823,""source_actor_id"":""WIN_20260726_11_51_07_Pro::s9"",""source_score"":null},{""class_code"":""suspicious_activity"",""frame_index"":76,""timestamp_ms"":9521,""score"":0.7455640435218811,""source_actor_id"":""WIN_20260726_11_51_07_Pro::s9"",""source_score"":null},{""class_code"":""suspicious_activity"",""frame_index"":77,""timestamp_ms"":9664,""score"":0.7455640435218811,""source_actor_id"":""WIN_20260726_11_51_07_Pro::s9"",""source_score"":null},{""class_code"":""suspicious_activity"",""frame_index"":78,""timestamp_ms"":9761,""score"":0.7808040976524353,""source_actor_id"":""WIN_20260726_11_51_07_Pro::s9"",""source_score"":null},{""class_code"":""suspicious_activity"",""frame_index"":79,""timestamp_ms"":9889,""score"":0.7818629741668701,""source_actor_id"":""WIN_20260726_11_51_07_Pro::s9"",""source_score"":null},{""class_code"":""suspicious_activity"",""frame_index"":80,""timestamp_ms"":10017,""score"":0.7818629741668701,""source_actor_id"":""WIN_20260726_11_51_07_Pro::s9"",""source_score"":null},{""class_code"":""suspicious_activity"",""frame_index"":81,""timestamp_ms"":10129,""score"":0.7917178273200989,""source_actor_id"":""WIN_20260726_11_51_07_Pro::s9"",""source_score"":null},{""class_code"":""suspicious_activity"",""frame_index"":82,""timestamp_ms"":10257,""score"":0.7917178273200989,""source_actor_id"":""WIN_20260726_11_51_07_Pro::s9"",""source_score"":null},{""class_code"":""suspicious_activity"",""frame_index"":83,""timestamp_ms"":10385,""score"":0.7917178273200989,""source_actor_id"":""WIN_20260726_11_51_07_Pro::s9"",""source_score"":null},{""class_code"":""suspicious_activity"",""frame_index"":84,""timestamp_ms"":10529,""score"":0.7917178273200989,""source_actor_id"":""WIN_20260726_11_51_07_Pro::s9"",""source_score"":null},{""class_code"":""suspicious_activity"",""frame_index"":85,""timestamp_ms"":10625,""score"":0.7769284248352051,""source_actor_id"":""WIN_20260726_11_51_07_Pro::s9"",""source_score"":null},{""class_code"":""suspicious_activity"",""frame_index"":86,""timestamp_ms"":10753,""score"":0.869945764541626,""source_actor_id"":""WIN_20260726_11_51_07_Pro::s9"",""source_score"":null},{""class_code"":""suspicious_activity"",""frame_index"":87,""timestamp_ms"":10896,""score"":0.9135040640830994,""source_actor_id"":""WIN_20260726_11_51_07_Pro::s9"",""source_score"":null},{""class_code"":""suspicious_activity"",""frame_index"":88,""timestamp_ms"":11025,""score"":0.9135040640830994,""source_actor_id"":""WIN_20260726_11_51_07_Pro::s9"",""source_score"":null},{""class_code"":""suspicious_activity"",""frame_index"":89,""timestamp_ms"":11153,""score"":0.9135040640830994,""source_actor_id"":""WIN_20260726_11_51_07_Pro::s9"",""source_score"":null},{""class_code"":""suspicious_activity"",""frame_index"":90,""timestamp_ms"":11296,""score"":0.9135040640830994,""source_actor_id"":""WIN_20260726_11_51_07_Pro::s9"",""source_score"":null},{""class_code"":""suspicious_activity"",""frame_index"":91,""timestamp_ms"":11393,""score"":0.9135040640830994,""source_actor_id"":""WIN_20260726_11_51_07_Pro::s9"",""source_score"":null},{""class_code"":""suspicious_activity"",""frame_index"":92,""timestamp_ms"":11521,""score"":0.9063392281532288,""source_actor_id"":""WIN_20260726_11_51_07_Pro::s9"",""source_score"":null},{""class_code"":""suspicious_activity"",""frame_index"":93,""timestamp_ms"":11649,""score"":0.9063392281532288,""source_actor_id"":""WIN_20260726_11_51_07_Pro::s9"",""source_score"":null},{""class_code"":""suspicious_activity"",""frame_index"":94,""timestamp_ms"":11761,""score"":0.9063392281532288,""source_actor_id"":""WIN_20260726_11_51_07_Pro::s9"",""source_score"":null},{""class_code"":""suspicious_activity"",""frame_index"":95,""timestamp_ms"":11889,""score"":0.9271070957183838,""source_actor_id"":""WIN_20260726_11_51_07_Pro::s9"",""source_score"":null},{""class_code"":""suspicious_activity"",""frame_index"":96,""timestamp_ms"":12017,""score"":0.9000987410545349,""source_actor_id"":""WIN_20260726_11_51_07_Pro::s9"",""source_score"":null},{""class_code"":""suspicious_activity"",""frame_index"":97,""timestamp_ms"":12129,""score"":0.8633564710617065,""source_actor_id"":""WIN_20260726_11_51_07_Pro::s9"",""source_score"":null},{""class_code"":""suspicious_activity"",""frame_index"":98,""timestamp_ms"":12257,""score"":0.8733499050140381,""source_actor_id"":""WIN_20260726_11_51_07_Pro::s9"",""source_score"":null},{""class_code"":""suspicious_activity"",""frame_index"":99,""timestamp_ms"":12385,""score"":0.8733499050140381,""source_actor_id"":""WIN_20260726_11_51_07_Pro::s9"",""source_score"":null},{""class_code"":""suspicious_activity"",""frame_index"":100,""timestamp_ms"":12529,""score"":0.7361332774162292,""source_actor_id"":""WIN_20260726_11_51_07_Pro::s9"",""source_score"":null},{""class_code"":""suspicious_activity"",""frame_index"":101,""timestamp_ms"":12625,""score"":0.7361332774162292,""source_actor_id"":""WIN_20260726_11_51_07_Pro::s9"",""source_score"":null},{""class_code"":""suspicious_activity"",""frame_index"":102,""timestamp_ms"":12753,""score"":0.7339242100715637,""source_actor_id"":""WIN_20260726_11_51_07_Pro::s9"",""source_score"":null},{""class_code"":""suspicious_activity"",""frame_index"":103,""timestamp_ms"":12896,""score"":0.8592056035995483,""source_actor_id"":""WIN_20260726_11_51_07_Pro::s9"",""source_score"":null},{""class_code"":""suspicious_activity"",""frame_index"":104,""timestamp_ms"":13025,""score"":0.8592056035995483,""source_actor_id"":""WIN_20260726_11_51_07_Pro::s9"",""source_score"":null},{""class_code"":""suspicious_activity"",""frame_index"":105,""timestamp_ms"":13153,""score"":0.860572099685669,""source_actor_id"":""WIN_20260726_11_51_07_Pro::s9"",""source_score"":null},{""class_code"":""suspicious_activity"",""frame_index"":106,""timestamp_ms"":13296,""score"":0.860572099685669,""source_actor_id"":""WIN_20260726_11_51_07_Pro::s9"",""source_score"":null},{""class_code"":""suspicious_activity"",""frame_index"":107,""timestamp_ms"":13393,""score"":0.8764846920967102,""source_actor_id"":""WIN_20260726_11_51_07_Pro::s9"",""source_score"":null},{""class_code"":""suspicious_activity"",""frame_index"":108,""timestamp_ms"":13521,""score"":0.8764846920967102,""source_actor_id"":""WIN_20260726_11_51_07_Pro::s9"",""source_score"":null},{""class_code"":""suspicious_activity"",""frame_index"":109,""timestamp_ms"":13649,""score"":0.8764846920967102,""source_actor_id"":""WIN_20260726_11_51_07_Pro::s9"",""source_score"":null},{""class_code"":""suspicious_activity"",""frame_index"":110,""timestamp_ms"":13761,""score"":0.788923978805542,""source_actor_id"":""WIN_20260726_11_51_07_Pro::s9"",""source_score"":null},{""class_code"":""suspicious_activity"",""frame_index"":111,""timestamp_ms"":13889,""score"":0.8067852258682251,""source_actor_id"":""WIN_20260726_11_51_07_Pro::s9"",""source_score"":null},{""class_code"":""suspicious_activity"",""frame_index"":112,""timestamp_ms"":14017,""score"":0.7997254133224487,""source_actor_id"":""WIN_20260726_11_51_07_Pro::s9"",""source_score"":null},{""class_code"":""suspicious_activity"",""frame_index"":113,""timestamp_ms"":14129,""score"":0.7908932566642761,""source_actor_id"":""WIN_20260726_11_51_07_Pro::s9"",""source_score"":null},{""class_code"":""suspicious_activity"",""frame_index"":114,""timestamp_ms"":14257,""score"":0.7908932566642761,""source_actor_id"":""WIN_20260726_11_51_07_Pro::s9"",""source_score"":null},{""class_code"":""suspicious_activity"",""frame_index"":115,""timestamp_ms"":14385,""score"":0.7908932566642761,""source_actor_id"":""WIN_20260726_11_51_07_Pro::s9"",""source_score"":null},{""class_code"":""suspicious_activity"",""frame_index"":116,""timestamp_ms"":14529,""score"":0.8018591403961182,""source_actor_id"":""WIN_20260726_11_51_07_Pro::s9"",""source_score"":null},{""class_code"":""suspicious_activity"",""frame_index"":117,""timestamp_ms"":14625,""score"":0.8743581771850586,""source_actor_id"":""WIN_20260726_11_51_07_Pro::s9"",""source_score"":null},{""class_code"":""suspicious_activity"",""frame_index"":118,""timestamp_ms"":14753,""score"":0.9135173559188843,""source_actor_id"":""WIN_20260726_11_51_07_Pro::s9"",""source_score"":null},{""class_code"":""suspicious_activity"",""frame_index"":119,""timestamp_ms"":14881,""score"":0.907832682132721,""source_actor_id"":""WIN_20260726_11_51_07_Pro::s9"",""source_score"":null},{""class_code"":""suspicious_activity"",""frame_index"":120,""timestamp_ms"":15025,""score"":0.8622398972511292,""source_actor_id"":""WIN_20260726_11_51_07_Pro::s9"",""source_score"":null},{""class_code"":""suspicious_activity"",""frame_index"":121,""timestamp_ms"":15153,""score"":0.880721390247345,""source_actor_id"":""WIN_20260726_11_51_07_Pro::s9"",""source_score"":null},{""class_code"":""suspicious_activity"",""frame_index"":122,""timestamp_ms"":15282,""score"":0.8853667974472046,""source_actor_id"":""WIN_20260726_11_51_07_Pro::s9"",""source_score"":null},{""class_code"":""suspicious_activity"",""frame_index"":123,""timestamp_ms"":15393,""score"":0.8328715562820435,""source_actor_id"":""WIN_20260726_11_51_07_Pro::s9"",""source_score"":null},{""class_code"":""suspicious_activity"",""frame_index"":138,""timestamp_ms"":17281,""score"":0.681412935256958,""source_actor_id"":""WIN_20260726_11_51_07_Pro::s9"",""source_score"":null},{""class_code"":""suspicious_activity"",""frame_index"":139,""timestamp_ms"":17393,""score"":0.67168790102005,""source_actor_id"":""WIN_20260726_11_51_07_Pro::s9"",""source_score"":null},{""class_code"":""suspicious_activity"",""frame_index"":140,""timestamp_ms"":17521,""score"":0.6834214329719543,""source_actor_id"":""WIN_20260726_11_51_07_Pro::s9"",""source_score"":null},{""class_code"":""c3"",""frame_index"":144,""timestamp_ms"":18017,""score"":0.38541412353515625,""source_actor_id"":""WIN_20260726_11_51_07_Pro::s9"",""source_score"":null},{""class_code"":""c3"",""frame_index"":145,""timestamp_ms"":18128,""score"":0.9602534770965576,""source_actor_id"":""WIN_20260726_11_51_07_Pro::s9"",""source_score"":null},{""class_code"":""c3"",""frame_index"":146,""timestamp_ms"":18257,""score"":0.9836491346359253,""source_actor_id"":""WIN_20260726_11_51_07_Pro::s9"",""source_score"":null},{""class_code"":""c3"",""frame_index"":147,""timestamp_ms"":18385,""score"":0.9842345118522644,""source_actor_id"":""WIN_20260726_11_51_07_Pro::s9"",""source_score"":null},{""class_code"":""c3"",""frame_index"":148,""timestamp_ms"":18514,""score"":0.988304853439331,""source_actor_id"":""WIN_20260726_11_51_07_Pro::s9"",""source_score"":null},{""class_code"":""c3"",""frame_index"":149,""timestamp_ms"":18625,""score"":0.9883531928062439,""source_actor_id"":""WIN_20260726_11_51_07_Pro::s9"",""source_score"":null},{""class_code"":""c3"",""frame_index"":150,""timestamp_ms"":18753,""score"":0.9886080026626587,""source_actor_id"":""WIN_20260726_11_51_07_Pro::s9"",""source_score"":null},{""class_code"":""c3"",""frame_index"":151,""timestamp_ms"":18882,""score"":0.9886080026626587,""source_actor_id"":""WIN_20260726_11_51_07_Pro::s9"",""source_score"":null},{""class_code"":""c3"",""frame_index"":152,""timestamp_ms"":19025,""score"":0.984672486782074,""source_actor_id"":""WIN_20260726_11_51_07_Pro::s9"",""source_score"":null},{""class_code"":""c3"",""frame_index"":153,""timestamp_ms"":19153,""score"":0.9850113987922668,""source_actor_id"":""WIN_20260726_11_51_07_Pro::s9"",""source_score"":null},{""class_code"":""c3"",""frame_index"":154,""timestamp_ms"":19250,""score"":0.9883135557174683,""source_actor_id"":""WIN_20260726_11_51_07_Pro::s9"",""source_score"":null},{""class_code"":""c3"",""frame_index"":155,""timestamp_ms"":19393,""score"":0.9849100708961487,""source_actor_id"":""WIN_20260726_11_51_07_Pro::s9"",""source_score"":null},{""class_code"":""c3"",""frame_index"":156,""timestamp_ms"":19521,""score"":0.9883742332458496,""source_actor_id"":""WIN_20260726_11_51_07_Pro::s9"",""source_score"":null},{""class_code"":""c3"",""frame_index"":157,""timestamp_ms"":19650,""score"":0.9843591451644897,""source_actor_id"":""WIN_20260726_11_51_07_Pro::s9"",""source_score"":null},{""class_code"":""c3"",""frame_index"":158,""timestamp_ms"":19760,""score"":0.9843591451644897,""source_actor_id"":""WIN_20260726_11_51_07_Pro::s9"",""source_score"":null},{""class_code"":""c3"",""frame_index"":159,""timestamp_ms"":19889,""score"":0.9846845865249634,""source_actor_id"":""WIN_20260726_11_51_07_Pro::s9"",""source_score"":null},{""class_code"":""c3"",""frame_index"":160,""timestamp_ms"":20017,""score"":0.984886109828949,""source_actor_id"":""WIN_20260726_11_51_07_Pro::s9"",""source_score"":null},{""class_code"":""c3"",""frame_index"":161,""timestamp_ms"":20160,""score"":0.9866914749145508,""source_actor_id"":""WIN_20260726_11_51_07_Pro::s9"",""source_score"":null},{""class_code"":""c3"",""frame_index"":162,""timestamp_ms"":20257,""score"":0.9866914749145508,""source_actor_id"":""WIN_20260726_11_51_07_Pro::s9"",""source_score"":null},{""class_code"":""c3"",""frame_index"":163,""timestamp_ms"":20385,""score"":0.9905539155006409,""source_actor_id"":""WIN_20260726_11_51_07_Pro::s9"",""source_score"":null},{""class_code"":""c3"",""frame_index"":164,""timestamp_ms"":20514,""score"":0.9905539155006409,""source_actor_id"":""WIN_20260726_11_51_07_Pro::s9"",""source_score"":null},{""class_code"":""c3"",""frame_index"":165,""timestamp_ms"":20625,""score"":0.9723442196846008,""source_actor_id"":""WIN_20260726_11_51_07_Pro::s9"",""source_score"":null},{""class_code"":""c3"",""frame_index"":166,""timestamp_ms"":20753,""score"":0.9746101498603821,""source_actor_id"":""WIN_20260726_11_51_07_Pro::s9"",""source_score"":null},{""class_code"":""c3"",""frame_index"":167,""timestamp_ms"":20882,""score"":0.9746101498603821,""source_actor_id"":""WIN_20260726_11_51_07_Pro::s9"",""source_score"":null},{""class_code"":""c3"",""frame_index"":168,""timestamp_ms"":21025,""score"":0.9746101498603821,""source_actor_id"":""WIN_20260726_11_51_07_Pro::s9"",""source_score"":null},{""class_code"":""c3"",""frame_index"":169,""timestamp_ms"":21153,""score"":0.9757497310638428,""source_actor_id"":""WIN_20260726_11_51_07_Pro::s9"",""source_score"":null},{""class_code"":""c3"",""frame_index"":170,""timestamp_ms"":21250,""score"":0.9894826412200928,""source_actor_id"":""WIN_20260726_11_51_07_Pro::s9"",""source_score"":null},{""class_code"":""c3"",""frame_index"":171,""timestamp_ms"":21393,""score"":0.9894826412200928,""source_actor_id"":""WIN_20260726_11_51_07_Pro::s9"",""source_score"":null},{""class_code"":""c3"",""frame_index"":172,""timestamp_ms"":21521,""score"":0.988737940788269,""source_actor_id"":""WIN_20260726_11_51_07_Pro::s9"",""source_score"":null},{""class_code"":""c3"",""frame_index"":173,""timestamp_ms"":21649,""score"":0.9851669669151306,""source_actor_id"":""WIN_20260726_11_51_07_Pro::s9"",""source_score"":null},{""class_code"":""c3"",""frame_index"":174,""timestamp_ms"":21760,""score"":0.9840986132621765,""source_actor_id"":""WIN_20260726_11_51_07_Pro::s9"",""source_score"":null},{""class_code"":""c3"",""frame_index"":175,""timestamp_ms"":21890,""score"":0.9851192831993103,""source_actor_id"":""WIN_20260726_11_51_07_Pro::s9"",""source_score"":null},{""class_code"":""c3"",""frame_index"":176,""timestamp_ms"":22018,""score"":0.9877546429634094,""source_actor_id"":""WIN_20260726_11_51_07_Pro::s9"",""source_score"":null},{""class_code"":""c3"",""frame_index"":177,""timestamp_ms"":22160,""score"":0.9886820316314697,""source_actor_id"":""WIN_20260726_11_51_07_Pro::s9"",""source_score"":null},{""class_code"":""c3"",""frame_index"":178,""timestamp_ms"":22257,""score"":0.9886820316314697,""source_actor_id"":""WIN_20260726_11_51_07_Pro::s9"",""source_score"":null},{""class_code"":""c3"",""frame_index"":179,""timestamp_ms"":22386,""score"":0.9886820316314697,""source_actor_id"":""WIN_20260726_11_51_07_Pro::s9"",""source_score"":null},{""class_code"":""c3"",""frame_index"":180,""timestamp_ms"":22514,""score"":0.9912860989570618,""source_actor_id"":""WIN_20260726_11_51_07_Pro::s9"",""source_score"":null},{""class_code"":""c3"",""frame_index"":181,""timestamp_ms"":22625,""score"":0.9922173023223877,""source_actor_id"":""WIN_20260726_11_51_07_Pro::s9"",""source_score"":null},{""class_code"":""c3"",""frame_index"":182,""timestamp_ms"":22754,""score"":0.9917536973953247,""source_actor_id"":""WIN_20260726_11_51_07_Pro::s9"",""source_score"":null},{""class_code"":""c3"",""frame_index"":183,""timestamp_ms"":22882,""score"":0.9912223815917969,""source_actor_id"":""WIN_20260726_11_51_07_Pro::s9"",""source_score"":null},{""class_code"":""c3"",""frame_index"":184,""timestamp_ms"":23025,""score"":0.9911587834358215,""source_actor_id"":""WIN_20260726_11_51_07_Pro::s9"",""source_score"":null},{""class_code"":""c3"",""frame_index"":185,""timestamp_ms"":23153,""score"":0.9911587834358215,""source_actor_id"":""WIN_20260726_11_51_07_Pro::s9"",""source_score"":null},{""class_code"":""c3"",""frame_index"":186,""timestamp_ms"":23250,""score"":0.988436758518219,""source_actor_id"":""WIN_20260726_11_51_07_Pro::s9"",""source_score"":null},{""class_code"":""c3"",""frame_index"":187,""timestamp_ms"":23392,""score"":0.9886619448661804,""source_actor_id"":""WIN_20260726_11_51_07_Pro::s9"",""source_score"":null},{""class_code"":""c3"",""frame_index"":188,""timestamp_ms"":23521,""score"":0.9895700216293335,""source_actor_id"":""WIN_20260726_11_51_07_Pro::s9"",""source_score"":null},{""class_code"":""c3"",""frame_index"":189,""timestamp_ms"":23650,""score"":0.9890572428703308,""source_actor_id"":""WIN_20260726_11_51_07_Pro::s9"",""source_score"":null},{""class_code"":""c3"",""frame_index"":190,""timestamp_ms"":23792,""score"":0.9887158274650574,""source_actor_id"":""WIN_20260726_11_51_07_Pro::s9"",""source_score"":null},{""class_code"":""c3"",""frame_index"":191,""timestamp_ms"":23889,""score"":0.9895700216293335,""source_actor_id"":""WIN_20260726_11_51_07_Pro::s9"",""source_score"":null},{""class_code"":""c3"",""frame_index"":192,""timestamp_ms"":24018,""score"":0.9895700216293335,""source_actor_id"":""WIN_20260726_11_51_07_Pro::s9"",""source_score"":null},{""class_code"":""c3"",""frame_index"":193,""timestamp_ms"":24146,""score"":0.9878866672515869,""source_actor_id"":""WIN_20260726_11_51_07_Pro::s9"",""source_score"":null},{""class_code"":""c3"",""frame_index"":194,""timestamp_ms"":24257,""score"":0.9613967537879944,""source_actor_id"":""WIN_20260726_11_51_07_Pro::s9"",""source_score"":null},{""class_code"":""c3"",""frame_index"":195,""timestamp_ms"":24386,""score"":0.9521788358688354,""source_actor_id"":""WIN_20260726_11_51_07_Pro::s9"",""source_score"":null},{""class_code"":""c3"",""frame_index"":196,""timestamp_ms"":24514,""score"":0.9500080347061157,""source_actor_id"":""WIN_20260726_11_51_07_Pro::s9"",""source_score"":null},{""class_code"":""c3"",""frame_index"":197,""timestamp_ms"":24626,""score"":0.9487866759300232,""source_actor_id"":""WIN_20260726_11_51_07_Pro::s9"",""source_score"":null},{""class_code"":""c3"",""frame_index"":198,""timestamp_ms"":24754,""score"":0.947320282459259,""source_actor_id"":""WIN_20260726_11_51_07_Pro::s9"",""source_score"":null},{""class_code"":""c3"",""frame_index"":199,""timestamp_ms"":24882,""score"":0.9424671530723572,""source_actor_id"":""WIN_20260726_11_51_07_Pro::s9"",""source_score"":null},{""class_code"":""c3"",""frame_index"":200,""timestamp_ms"":25025,""score"":0.9362943172454834,""source_actor_id"":""WIN_20260726_11_51_07_Pro::s9"",""source_score"":null},{""class_code"":""c3"",""frame_index"":201,""timestamp_ms"":25154,""score"":0.9428138732910156,""source_actor_id"":""WIN_20260726_11_51_07_Pro::s9"",""source_score"":null},{""class_code"":""c3"",""frame_index"":202,""timestamp_ms"":25250,""score"":0.9484626650810242,""source_actor_id"":""WIN_20260726_11_51_07_Pro::s9"",""source_score"":null},{""class_code"":""c3"",""frame_index"":203,""timestamp_ms"":25392,""score"":0.9497630000114441,""source_actor_id"":""WIN_20260726_11_51_07_Pro::s9"",""source_score"":null},{""class_code"":""c3"",""frame_index"":204,""timestamp_ms"":25522,""score"":0.9497630000114441,""source_actor_id"":""WIN_20260726_11_51_07_Pro::s9"",""source_score"":null},{""class_code"":""c3"",""frame_index"":205,""timestamp_ms"":25650,""score"":0.9775006175041199,""source_actor_id"":""WIN_20260726_11_51_07_Pro::s9"",""source_score"":null},{""class_code"":""c3"",""frame_index"":216,""timestamp_ms"":27024,""score"":0.9817191958427429,""source_actor_id"":""WIN_20260726_11_51_07_Pro::s9"",""source_score"":null},{""class_code"":""c3"",""frame_index"":217,""timestamp_ms"":27154,""score"":0.9824612736701965,""source_actor_id"":""WIN_20260726_11_51_07_Pro::s9"",""source_score"":null},{""class_code"":""c3"",""frame_index"":218,""timestamp_ms"":27250,""score"":0.9853060245513916,""source_actor_id"":""WIN_20260726_11_51_07_Pro::s9"",""source_score"":null},{""class_code"":""c3"",""frame_index"":219,""timestamp_ms"":27378,""score"":0.9859636425971985,""source_actor_id"":""WIN_20260726_11_51_07_Pro::s9"",""source_score"":null},{""class_code"":""c3"",""frame_index"":220,""timestamp_ms"":27522,""score"":0.9910637140274048,""source_actor_id"":""WIN_20260726_11_51_07_Pro::s9"",""source_score"":null},{""class_code"":""c3"",""frame_index"":221,""timestamp_ms"":27650,""score"":0.9916002750396729,""source_actor_id"":""WIN_20260726_11_51_07_Pro::s9"",""source_score"":null},{""class_code"":""c3"",""frame_index"":222,""timestamp_ms"":27778,""score"":0.9913182258605957,""source_actor_id"":""WIN_20260726_11_51_07_Pro::s9"",""source_score"":null},{""class_code"":""c3"",""frame_index"":223,""timestamp_ms"":27890,""score"":0.991634726524353,""source_actor_id"":""WIN_20260726_11_51_07_Pro::s9"",""source_score"":null},{""class_code"":""c3"",""frame_index"":224,""timestamp_ms"":28018,""score"":0.991634726524353,""source_actor_id"":""WIN_20260726_11_51_07_Pro::s9"",""source_score"":null},{""class_code"":""c3"",""frame_index"":225,""timestamp_ms"":28146,""score"":0.991634726524353,""source_actor_id"":""WIN_20260726_11_51_07_Pro::s9"",""source_score"":null},{""class_code"":""c3"",""frame_index"":226,""timestamp_ms"":28258,""score"":0.9917587637901306,""source_actor_id"":""WIN_20260726_11_51_07_Pro::s9"",""source_score"":null},{""class_code"":""c3"",""frame_index"":227,""timestamp_ms"":28386,""score"":0.9918183088302612,""source_actor_id"":""WIN_20260726_11_51_07_Pro::s9"",""source_score"":null},{""class_code"":""c3"",""frame_index"":228,""timestamp_ms"":28514,""score"":0.9918183088302612,""source_actor_id"":""WIN_20260726_11_51_07_Pro::s9"",""source_score"":null},{""class_code"":""c3"",""frame_index"":229,""timestamp_ms"":28658,""score"":0.9918183088302612,""source_actor_id"":""WIN_20260726_11_51_07_Pro::s9"",""source_score"":null},{""class_code"":""c3"",""frame_index"":230,""timestamp_ms"":28754,""score"":0.9918183088302612,""source_actor_id"":""WIN_20260726_11_51_07_Pro::s9"",""source_score"":null},{""class_code"":""c3"",""frame_index"":231,""timestamp_ms"":28882,""score"":0.9919264316558838,""source_actor_id"":""WIN_20260726_11_51_07_Pro::s9"",""source_score"":null},{""class_code"":""c3"",""frame_index"":232,""timestamp_ms"":29024,""score"":0.9923058152198792,""source_actor_id"":""WIN_20260726_11_51_07_Pro::s9"",""source_score"":null},{""class_code"":""c3"",""frame_index"":233,""timestamp_ms"":29154,""score"":0.9941204190254211,""source_actor_id"":""WIN_20260726_11_51_07_Pro::s9"",""source_score"":null},{""class_code"":""c3"",""frame_index"":234,""timestamp_ms"":29250,""score"":0.9945131540298462,""source_actor_id"":""WIN_20260726_11_51_07_Pro::s9"",""source_score"":null},{""class_code"":""c3"",""frame_index"":235,""timestamp_ms"":29378,""score"":0.997967541217804,""source_actor_id"":""WIN_20260726_11_51_07_Pro::s9"",""source_score"":null},{""class_code"":""c3"",""frame_index"":236,""timestamp_ms"":29522,""score"":0.9979362487792969,""source_actor_id"":""WIN_20260726_11_51_07_Pro::s9"",""source_score"":null},{""class_code"":""c3"",""frame_index"":237,""timestamp_ms"":29650,""score"":0.9979177117347717,""source_actor_id"":""WIN_20260726_11_51_07_Pro::s9"",""source_score"":null},{""class_code"":""c3"",""frame_index"":238,""timestamp_ms"":29778,""score"":0.9944508075714111,""source_actor_id"":""WIN_20260726_11_51_07_Pro::s9"",""source_score"":null},{""class_code"":""c3"",""frame_index"":239,""timestamp_ms"":29890,""score"":0.9948101043701172,""source_actor_id"":""WIN_20260726_11_51_07_Pro::s9"",""source_score"":null},{""class_code"":""c3"",""frame_index"":240,""timestamp_ms"":30018,""score"":0.9948101043701172,""source_actor_id"":""WIN_20260726_11_51_07_Pro::s9"",""source_score"":null},{""class_code"":""c3"",""frame_index"":241,""timestamp_ms"":30146,""score"":0.9948101043701172,""source_actor_id"":""WIN_20260726_11_51_07_Pro::s9"",""source_score"":null},{""class_code"":""c3"",""frame_index"":242,""timestamp_ms"":30258,""score"":0.9949487447738647,""source_actor_id"":""WIN_20260726_11_51_07_Pro::s9"",""source_score"":null},{""class_code"":""c3"",""frame_index"":243,""timestamp_ms"":30386,""score"":0.9990432858467102,""source_actor_id"":""WIN_20260726_11_51_07_Pro::s9"",""source_score"":null},{""class_code"":""c3"",""frame_index"":244,""timestamp_ms"":30514,""score"":0.9985973238945007,""source_actor_id"":""WIN_20260726_11_51_07_Pro::s9"",""source_score"":null},{""class_code"":""c3"",""frame_index"":252,""timestamp_ms"":31522,""score"":0.9671749472618103,""source_actor_id"":""WIN_20260726_11_51_07_Pro::s9"",""source_score"":null},{""class_code"":""c3"",""frame_index"":286,""timestamp_ms"":35778,""score"":0.26962801814079285,""source_actor_id"":""WIN_20260726_11_51_07_Pro::s9"",""source_score"":null},{""class_code"":""c3"",""frame_index"":287,""timestamp_ms"":35888,""score"":0.5368797779083252,""source_actor_id"":""WIN_20260726_11_51_07_Pro::s9"",""source_score"":null},{""class_code"":""c3"",""frame_index"":288,""timestamp_ms"":36018,""score"":0.5767488479614258,""source_actor_id"":""WIN_20260726_11_51_07_Pro::s9"",""source_score"":null},{""class_code"":""c3"",""frame_index"":289,""timestamp_ms"":36146,""score"":0.5334768891334534,""source_actor_id"":""WIN_20260726_11_51_07_Pro::s9"",""source_score"":null},{""class_code"":""c3"",""frame_index"":290,""timestamp_ms"":36288,""score"":0.5873526334762573,""source_actor_id"":""WIN_20260726_11_51_07_Pro::s9"",""source_score"":null},{""class_code"":""c3"",""frame_index"":291,""timestamp_ms"":36386,""score"":0.5714535117149353,""source_actor_id"":""WIN_20260726_11_51_07_Pro::s9"",""source_score"":null},{""class_code"":""c3"",""frame_index"":292,""timestamp_ms"":36514,""score"":0.5714535117149353,""source_actor_id"":""WIN_20260726_11_51_07_Pro::s9"",""source_score"":null},{""class_code"":""c3"",""frame_index"":293,""timestamp_ms"":36642,""score"":0.2807595431804657,""source_actor_id"":""WIN_20260726_11_51_07_Pro::s9"",""source_score"":null},{""class_code"":""c3"",""frame_index"":295,""timestamp_ms"":36882,""score"":0.28225043416023254,""source_actor_id"":""WIN_20260726_11_51_07_Pro::s9"",""source_score"":null},{""class_code"":""c3"",""frame_index"":296,""timestamp_ms"":37010,""score"":0.39579036831855774,""source_actor_id"":""WIN_20260726_11_51_07_Pro::s9"",""source_score"":null},{""class_code"":""c3"",""frame_index"":297,""timestamp_ms"":37154,""score"":0.529974639415741,""source_actor_id"":""WIN_20260726_11_51_07_Pro::s9"",""source_score"":null},{""class_code"":""c3"",""frame_index"":298,""timestamp_ms"":37250,""score"":0.4183579087257385,""source_actor_id"":""WIN_20260726_11_51_07_Pro::s9"",""source_score"":null},{""class_code"":""c3"",""frame_index"":299,""timestamp_ms"":37378,""score"":0.5469970703125,""source_actor_id"":""WIN_20260726_11_51_07_Pro::s9"",""source_score"":null},{""class_code"":""c3"",""frame_index"":300,""timestamp_ms"":37522,""score"":0.5469970703125,""source_actor_id"":""WIN_20260726_11_51_07_Pro::s9"",""source_score"":null},{""class_code"":""c3"",""frame_index"":301,""timestamp_ms"":37650,""score"":0.6510831713676453,""source_actor_id"":""WIN_20260726_11_51_07_Pro::s9"",""source_score"":null},{""class_code"":""c3"",""frame_index"":302,""timestamp_ms"":37778,""score"":0.6510831713676453,""source_actor_id"":""WIN_20260726_11_51_07_Pro::s9"",""source_score"":null},{""class_code"":""c3"",""frame_index"":303,""timestamp_ms"":37888,""score"":0.5966231226921082,""source_actor_id"":""WIN_20260726_11_51_07_Pro::s9"",""source_score"":null},{""class_code"":""c3"",""frame_index"":304,""timestamp_ms"":38018,""score"":0.6510831713676453,""source_actor_id"":""WIN_20260726_11_51_07_Pro::s9"",""source_score"":null},{""class_code"":""c3"",""frame_index"":305,""timestamp_ms"":38146,""score"":0.6870839595794678,""source_actor_id"":""WIN_20260726_11_51_07_Pro::s9"",""source_score"":null},{""class_code"":""c3"",""frame_index"":306,""timestamp_ms"":38274,""score"":0.6838928461074829,""source_actor_id"":""WIN_20260726_11_51_07_Pro::s9"",""source_score"":null},{""class_code"":""c3"",""frame_index"":307,""timestamp_ms"":38386,""score"":0.7353827953338623,""source_actor_id"":""WIN_20260726_11_51_07_Pro::s9"",""source_score"":null},{""class_code"":""c3"",""frame_index"":308,""timestamp_ms"":38514,""score"":0.7392127513885498,""source_actor_id"":""WIN_20260726_11_51_07_Pro::s9"",""source_score"":null},{""class_code"":""c3"",""frame_index"":309,""timestamp_ms"":38642,""score"":0.7480145692825317,""source_actor_id"":""WIN_20260726_11_51_07_Pro::s9"",""source_score"":null},{""class_code"":""c3"",""frame_index"":310,""timestamp_ms"":38754,""score"":0.778842568397522,""source_actor_id"":""WIN_20260726_11_51_07_Pro::s9"",""source_score"":null},{""class_code"":""c3"",""frame_index"":311,""timestamp_ms"":38882,""score"":0.8094340562820435,""source_actor_id"":""WIN_20260726_11_51_07_Pro::s9"",""source_score"":null},{""class_code"":""c3"",""frame_index"":312,""timestamp_ms"":39010,""score"":0.9499188661575317,""source_actor_id"":""WIN_20260726_11_51_07_Pro::s9"",""source_score"":null},{""class_code"":""c3"",""frame_index"":313,""timestamp_ms"":39154,""score"":0.9745925068855286,""source_actor_id"":""WIN_20260726_11_51_07_Pro::s9"",""source_score"":null},{""class_code"":""c3"",""frame_index"":314,""timestamp_ms"":39250,""score"":0.9493280053138733,""source_actor_id"":""WIN_20260726_11_51_07_Pro::s9"",""source_score"":null},{""class_code"":""c3"",""frame_index"":315,""timestamp_ms"":39378,""score"":0.9479495286941528,""source_actor_id"":""WIN_20260726_11_51_07_Pro::s9"",""source_score"":null},{""class_code"":""c3"",""frame_index"":316,""timestamp_ms"":39521,""score"":0.9393683075904846,""source_actor_id"":""WIN_20260726_11_51_07_Pro::s9"",""source_score"":null},{""class_code"":""c3"",""frame_index"":317,""timestamp_ms"":39650,""score"":0.996605634689331,""source_actor_id"":""WIN_20260726_11_51_07_Pro::s9"",""source_score"":null}]",4,529,s9,4,339,True,c3
WIN_20260726_11_53_55_Pro,s10,c5,c5,suspicious_activity,s10,612,76513,0.9581524133682251,,"[{""class_code"":""suspicious_activity"",""frame_index"":590,""timestamp_ms"":73777,""score"":0.7778793573379517,""source_actor_id"":""WIN_20260726_11_53_55_Pro::s10"",""source_score"":null},{""class_code"":""suspicious_activity"",""frame_index"":591,""timestamp_ms"":73920,""score"":0.7745151519775391,""source_actor_id"":""WIN_20260726_11_53_55_Pro::s10"",""source_score"":null},{""class_code"":""suspicious_activity"",""frame_index"":595,""timestamp_ms"":74386,""score"":0.6631216406822205,""source_actor_id"":""WIN_20260726_11_53_55_Pro::s10"",""source_score"":null},{""class_code"":""suspicious_activity"",""frame_index"":596,""timestamp_ms"":74513,""score"":0.6720578074455261,""source_actor_id"":""WIN_20260726_11_53_55_Pro::s10"",""source_score"":null},{""class_code"":""suspicious_activity"",""frame_index"":597,""timestamp_ms"":74641,""score"":0.8021893501281738,""source_actor_id"":""WIN_20260726_11_53_55_Pro::s10"",""source_score"":null},{""class_code"":""suspicious_activity"",""frame_index"":598,""timestamp_ms"":74753,""score"":0.8021893501281738,""source_actor_id"":""WIN_20260726_11_53_55_Pro::s10"",""source_score"":null},{""class_code"":""suspicious_activity"",""frame_index"":599,""timestamp_ms"":74881,""score"":0.8021893501281738,""source_actor_id"":""WIN_20260726_11_53_55_Pro::s10"",""source_score"":null},{""class_code"":""suspicious_activity"",""frame_index"":603,""timestamp_ms"":75377,""score"":0.9258325695991516,""source_actor_id"":""WIN_20260726_11_53_55_Pro::s10"",""source_score"":null},{""class_code"":""suspicious_activity"",""frame_index"":604,""timestamp_ms"":75520,""score"":0.9560059309005737,""source_actor_id"":""WIN_20260726_11_53_55_Pro::s10"",""source_score"":null},{""class_code"":""suspicious_activity"",""frame_index"":605,""timestamp_ms"":75649,""score"":0.9555318355560303,""source_actor_id"":""WIN_20260726_11_53_55_Pro::s10"",""source_score"":null},{""class_code"":""suspicious_activity"",""frame_index"":606,""timestamp_ms"":75777,""score"":0.9555318355560303,""source_actor_id"":""WIN_20260726_11_53_55_Pro::s10"",""source_score"":null},{""class_code"":""suspicious_activity"",""frame_index"":607,""timestamp_ms"":75920,""score"":0.9581524133682251,""source_actor_id"":""WIN_20260726_11_53_55_Pro::s10"",""source_score"":null},{""class_code"":""suspicious_activity"",""frame_index"":608,""timestamp_ms"":76017,""score"":0.9581524133682251,""source_actor_id"":""WIN_20260726_11_53_55_Pro::s10"",""source_score"":null},{""class_code"":""suspicious_activity"",""frame_index"":609,""timestamp_ms"":76145,""score"":0.9581524133682251,""source_actor_id"":""WIN_20260726_11_53_55_Pro::s10"",""source_score"":null},{""class_code"":""suspicious_activity"",""frame_index"":610,""timestamp_ms"":76273,""score"":0.9581524133682251,""source_actor_id"":""WIN_20260726_11_53_55_Pro::s10"",""source_score"":null},{""class_code"":""suspicious_activity"",""frame_index"":611,""timestamp_ms"":76385,""score"":0.9581524133682251,""source_actor_id"":""WIN_20260726_11_53_55_Pro::s10"",""source_score"":null},{""class_code"":""suspicious_activity"",""frame_index"":612,""timestamp_ms"":76513,""score"":0.9581524133682251,""source_actor_id"":""WIN_20260726_11_53_55_Pro::s10"",""source_score"":null},{""class_code"":""suspicious_activity"",""frame_index"":613,""timestamp_ms"":76642,""score"":0.9521485567092896,""source_actor_id"":""WIN_20260726_11_53_55_Pro::s10"",""source_score"":null},{""class_code"":""suspicious_activity"",""frame_index"":614,""timestamp_ms"":76752,""score"":0.9562289118766785,""source_actor_id"":""WIN_20260726_11_53_55_Pro::s10"",""source_score"":null}]",590,73777,s10,4,748,True,suspicious_activity
WIN_20260726_11_53_55_Pro,s9,c5,suspicious_activity,suspicious_activity,s9,59,7407,0.9594720005989075,,"[{""class_code"":""suspicious_activity"",""frame_index"":11,""timestamp_ms"":1375,""score"":0.7483636140823364,""source_actor_id"":""WIN_20260726_11_53_55_Pro::s9"",""source_score"":null},{""class_code"":""suspicious_activity"",""frame_index"":12,""timestamp_ms"":1503,""score"":0.7618301510810852,""source_actor_id"":""WIN_20260726_11_53_55_Pro::s9"",""source_score"":null},{""class_code"":""suspicious_activity"",""frame_index"":13,""timestamp_ms"":1632,""score"":0.7224467992782593,""source_actor_id"":""WIN_20260726_11_53_55_Pro::s9"",""source_score"":null},{""class_code"":""suspicious_activity"",""frame_index"":14,""timestamp_ms"":1776,""score"":0.7224467992782593,""source_actor_id"":""WIN_20260726_11_53_55_Pro::s9"",""source_score"":null},{""class_code"":""suspicious_activity"",""frame_index"":15,""timestamp_ms"":1903,""score"":0.7125136256217957,""source_actor_id"":""WIN_20260726_11_53_55_Pro::s9"",""source_score"":null},{""class_code"":""suspicious_activity"",""frame_index"":16,""timestamp_ms"":2000,""score"":0.7125136256217957,""source_actor_id"":""WIN_20260726_11_53_55_Pro::s9"",""source_score"":null},{""class_code"":""suspicious_activity"",""frame_index"":17,""timestamp_ms"":2143,""score"":0.7125136256217957,""source_actor_id"":""WIN_20260726_11_53_55_Pro::s9"",""source_score"":null},{""class_code"":""suspicious_activity"",""frame_index"":18,""timestamp_ms"":2271,""score"":0.7125136256217957,""source_actor_id"":""WIN_20260726_11_53_55_Pro::s9"",""source_score"":null},{""class_code"":""suspicious_activity"",""frame_index"":19,""timestamp_ms"":2399,""score"":0.7125136256217957,""source_actor_id"":""WIN_20260726_11_53_55_Pro::s9"",""source_score"":null},{""class_code"":""suspicious_activity"",""frame_index"":29,""timestamp_ms"":3631,""score"":0.8051999807357788,""source_actor_id"":""WIN_20260726_11_53_55_Pro::s9"",""source_score"":null},{""class_code"":""suspicious_activity"",""frame_index"":30,""timestamp_ms"":3775,""score"":0.853593111038208,""source_actor_id"":""WIN_20260726_11_53_55_Pro::s9"",""source_score"":null},{""class_code"":""suspicious_activity"",""frame_index"":31,""timestamp_ms"":3903,""score"":0.775263249874115,""source_actor_id"":""WIN_20260726_11_53_55_Pro::s9"",""source_score"":null},{""class_code"":""suspicious_activity"",""frame_index"":32,""timestamp_ms"":4000,""score"":0.7618232369422913,""source_actor_id"":""WIN_20260726_11_53_55_Pro::s9"",""source_score"":null},{""class_code"":""suspicious_activity"",""frame_index"":33,""timestamp_ms"":4142,""score"":0.7682268023490906,""source_actor_id"":""WIN_20260726_11_53_55_Pro::s9"",""source_score"":null},{""class_code"":""suspicious_activity"",""frame_index"":34,""timestamp_ms"":4271,""score"":0.7682268023490906,""source_actor_id"":""WIN_20260726_11_53_55_Pro::s9"",""source_score"":null},{""class_code"":""suspicious_activity"",""frame_index"":35,""timestamp_ms"":4399,""score"":0.784571647644043,""source_actor_id"":""WIN_20260726_11_53_55_Pro::s9"",""source_score"":null},{""class_code"":""suspicious_activity"",""frame_index"":36,""timestamp_ms"":4542,""score"":0.7606066465377808,""source_actor_id"":""WIN_20260726_11_53_55_Pro::s9"",""source_score"":null},{""class_code"":""suspicious_activity"",""frame_index"":37,""timestamp_ms"":4640,""score"":0.7936468720436096,""source_actor_id"":""WIN_20260726_11_53_55_Pro::s9"",""source_score"":null},{""class_code"":""suspicious_activity"",""frame_index"":38,""timestamp_ms"":4767,""score"":0.8243333101272583,""source_actor_id"":""WIN_20260726_11_53_55_Pro::s9"",""source_score"":null},{""class_code"":""suspicious_activity"",""frame_index"":39,""timestamp_ms"":4896,""score"":0.7936468720436096,""source_actor_id"":""WIN_20260726_11_53_55_Pro::s9"",""source_score"":null},{""class_code"":""suspicious_activity"",""frame_index"":40,""timestamp_ms"":5007,""score"":0.7490404844284058,""source_actor_id"":""WIN_20260726_11_53_55_Pro::s9"",""source_score"":null},{""class_code"":""suspicious_activity"",""frame_index"":41,""timestamp_ms"":5136,""score"":0.7490404844284058,""source_actor_id"":""WIN_20260726_11_53_55_Pro::s9"",""source_score"":null},{""class_code"":""suspicious_activity"",""frame_index"":42,""timestamp_ms"":5264,""score"":0.7274746894836426,""source_actor_id"":""WIN_20260726_11_53_55_Pro::s9"",""source_score"":null},{""class_code"":""suspicious_activity"",""frame_index"":43,""timestamp_ms"":5375,""score"":0.7134978175163269,""source_actor_id"":""WIN_20260726_11_53_55_Pro::s9"",""source_score"":null},{""class_code"":""suspicious_activity"",""frame_index"":44,""timestamp_ms"":5504,""score"":0.7081891894340515,""source_actor_id"":""WIN_20260726_11_53_55_Pro::s9"",""source_score"":null},{""class_code"":""suspicious_activity"",""frame_index"":45,""timestamp_ms"":5632,""score"":0.7081891894340515,""source_actor_id"":""WIN_20260726_11_53_55_Pro::s9"",""source_score"":null},{""class_code"":""suspicious_activity"",""frame_index"":46,""timestamp_ms"":5775,""score"":0.7081891894340515,""source_actor_id"":""WIN_20260726_11_53_55_Pro::s9"",""source_score"":null},{""class_code"":""suspicious_activity"",""frame_index"":47,""timestamp_ms"":5904,""score"":0.8316343426704407,""source_actor_id"":""WIN_20260726_11_53_55_Pro::s9"",""source_score"":null},{""class_code"":""suspicious_activity"",""frame_index"":48,""timestamp_ms"":6032,""score"":0.9114024043083191,""source_actor_id"":""WIN_20260726_11_53_55_Pro::s9"",""source_score"":null},{""class_code"":""suspicious_activity"",""frame_index"":49,""timestamp_ms"":6142,""score"":0.9114024043083191,""source_actor_id"":""WIN_20260726_11_53_55_Pro::s9"",""source_score"":null},{""class_code"":""suspicious_activity"",""frame_index"":50,""timestamp_ms"":6272,""score"":0.9114024043083191,""source_actor_id"":""WIN_20260726_11_53_55_Pro::s9"",""source_score"":null},{""class_code"":""suspicious_activity"",""frame_index"":51,""timestamp_ms"":6400,""score"":0.9114024043083191,""source_actor_id"":""WIN_20260726_11_53_55_Pro::s9"",""source_score"":null},{""class_code"":""suspicious_activity"",""frame_index"":52,""timestamp_ms"":6528,""score"":0.8459367156028748,""source_actor_id"":""WIN_20260726_11_53_55_Pro::s9"",""source_score"":null},{""class_code"":""suspicious_activity"",""frame_index"":53,""timestamp_ms"":6640,""score"":0.8423506021499634,""source_actor_id"":""WIN_20260726_11_53_55_Pro::s9"",""source_score"":null},{""class_code"":""suspicious_activity"",""frame_index"":54,""timestamp_ms"":6768,""score"":0.7930640578269958,""source_actor_id"":""WIN_20260726_11_53_55_Pro::s9"",""source_score"":null},{""class_code"":""suspicious_activity"",""frame_index"":55,""timestamp_ms"":6896,""score"":0.7854101657867432,""source_actor_id"":""WIN_20260726_11_53_55_Pro::s9"",""source_score"":null},{""class_code"":""suspicious_activity"",""frame_index"":56,""timestamp_ms"":7007,""score"":0.7838836908340454,""source_actor_id"":""WIN_20260726_11_53_55_Pro::s9"",""source_score"":null},{""class_code"":""suspicious_activity"",""frame_index"":57,""timestamp_ms"":7136,""score"":0.7817800045013428,""source_actor_id"":""WIN_20260726_11_53_55_Pro::s9"",""source_score"":null},{""class_code"":""suspicious_activity"",""frame_index"":58,""timestamp_ms"":7264,""score"":0.8930923342704773,""source_actor_id"":""WIN_20260726_11_53_55_Pro::s9"",""source_score"":null},{""class_code"":""suspicious_activity"",""frame_index"":59,""timestamp_ms"":7407,""score"":0.9594720005989075,""source_actor_id"":""WIN_20260726_11_53_55_Pro::s9"",""source_score"":null},{""class_code"":""suspicious_activity"",""frame_index"":60,""timestamp_ms"":7504,""score"":0.9586817026138306,""source_actor_id"":""WIN_20260726_11_53_55_Pro::s9"",""source_score"":null},{""class_code"":""suspicious_activity"",""frame_index"":61,""timestamp_ms"":7632,""score"":0.9586817026138306,""source_actor_id"":""WIN_20260726_11_53_55_Pro::s9"",""source_score"":null},{""class_code"":""suspicious_activity"",""frame_index"":62,""timestamp_ms"":7774,""score"":0.9586817026138306,""source_actor_id"":""WIN_20260726_11_53_55_Pro::s9"",""source_score"":null},{""class_code"":""suspicious_activity"",""frame_index"":63,""timestamp_ms"":7904,""score"":0.9300960898399353,""source_actor_id"":""WIN_20260726_11_53_55_Pro::s9"",""source_score"":null},{""class_code"":""suspicious_activity"",""frame_index"":64,""timestamp_ms"":8000,""score"":0.9311612248420715,""source_actor_id"":""WIN_20260726_11_53_55_Pro::s9"",""source_score"":null},{""class_code"":""suspicious_activity"",""frame_index"":65,""timestamp_ms"":8128,""score"":0.9374494552612305,""source_actor_id"":""WIN_20260726_11_53_55_Pro::s9"",""source_score"":null},{""class_code"":""suspicious_activity"",""frame_index"":66,""timestamp_ms"":8272,""score"":0.9374494552612305,""source_actor_id"":""WIN_20260726_11_53_55_Pro::s9"",""source_score"":null},{""class_code"":""suspicious_activity"",""frame_index"":67,""timestamp_ms"":8400,""score"":0.9416236877441406,""source_actor_id"":""WIN_20260726_11_53_55_Pro::s9"",""source_score"":null},{""class_code"":""suspicious_activity"",""frame_index"":68,""timestamp_ms"":8528,""score"":0.9416236877441406,""source_actor_id"":""WIN_20260726_11_53_55_Pro::s9"",""source_score"":null},{""class_code"":""suspicious_activity"",""frame_index"":69,""timestamp_ms"":8640,""score"":0.9431428909301758,""source_actor_id"":""WIN_20260726_11_53_55_Pro::s9"",""source_score"":null},{""class_code"":""suspicious_activity"",""frame_index"":70,""timestamp_ms"":8768,""score"":0.9431428909301758,""source_actor_id"":""WIN_20260726_11_53_55_Pro::s9"",""source_score"":null},{""class_code"":""suspicious_activity"",""frame_index"":71,""timestamp_ms"":8896,""score"":0.9480359554290771,""source_actor_id"":""WIN_20260726_11_53_55_Pro::s9"",""source_score"":null},{""class_code"":""suspicious_activity"",""frame_index"":72,""timestamp_ms"":9008,""score"":0.9480359554290771,""source_actor_id"":""WIN_20260726_11_53_55_Pro::s9"",""source_score"":null},{""class_code"":""suspicious_activity"",""frame_index"":73,""timestamp_ms"":9136,""score"":0.9553689956665039,""source_actor_id"":""WIN_20260726_11_53_55_Pro::s9"",""source_score"":null},{""class_code"":""suspicious_activity"",""frame_index"":74,""timestamp_ms"":9264,""score"":0.9553689956665039,""source_actor_id"":""WIN_20260726_11_53_55_Pro::s9"",""source_score"":null},{""class_code"":""suspicious_activity"",""frame_index"":75,""timestamp_ms"":9408,""score"":0.9513514637947083,""source_actor_id"":""WIN_20260726_11_53_55_Pro::s9"",""source_score"":null},{""class_code"":""suspicious_activity"",""frame_index"":76,""timestamp_ms"":9504,""score"":0.9363791942596436,""source_actor_id"":""WIN_20260726_11_53_55_Pro::s9"",""source_score"":null},{""class_code"":""suspicious_activity"",""frame_index"":77,""timestamp_ms"":9632,""score"":0.916229784488678,""source_actor_id"":""WIN_20260726_11_53_55_Pro::s9"",""source_score"":null},{""class_code"":""suspicious_activity"",""frame_index"":78,""timestamp_ms"":9774,""score"":0.9542329907417297,""source_actor_id"":""WIN_20260726_11_53_55_Pro::s9"",""source_score"":null},{""class_code"":""suspicious_activity"",""frame_index"":81,""timestamp_ms"":10128,""score"":0.9062700867652893,""source_actor_id"":""WIN_20260726_11_53_55_Pro::s9"",""source_score"":null},{""class_code"":""suspicious_activity"",""frame_index"":82,""timestamp_ms"":10272,""score"":0.9386381506919861,""source_actor_id"":""WIN_20260726_11_53_55_Pro::s9"",""source_score"":null},{""class_code"":""suspicious_activity"",""frame_index"":83,""timestamp_ms"":10400,""score"":0.7738032937049866,""source_actor_id"":""WIN_20260726_11_53_55_Pro::s9"",""source_score"":null},{""class_code"":""suspicious_activity"",""frame_index"":84,""timestamp_ms"":10528,""score"":0.7637340426445007,""source_actor_id"":""WIN_20260726_11_53_55_Pro::s9"",""source_score"":null},{""class_code"":""suspicious_activity"",""frame_index"":85,""timestamp_ms"":10640,""score"":0.7527095675468445,""source_actor_id"":""WIN_20260726_11_53_55_Pro::s9"",""source_score"":null},{""class_code"":""suspicious_activity"",""frame_index"":86,""timestamp_ms"":10768,""score"":0.7343874573707581,""source_actor_id"":""WIN_20260726_11_53_55_Pro::s9"",""source_score"":null},{""class_code"":""suspicious_activity"",""frame_index"":94,""timestamp_ms"":11760,""score"":0.7200111746788025,""source_actor_id"":""WIN_20260726_11_53_55_Pro::s9"",""source_score"":null},{""class_code"":""suspicious_activity"",""frame_index"":95,""timestamp_ms"":11904,""score"":0.7248605489730835,""source_actor_id"":""WIN_20260726_11_53_55_Pro::s9"",""source_score"":null},{""class_code"":""suspicious_activity"",""frame_index"":150,""timestamp_ms"":18768,""score"":0.7669861912727356,""source_actor_id"":""WIN_20260726_11_53_55_Pro::s9"",""source_score"":null},{""class_code"":""suspicious_activity"",""frame_index"":151,""timestamp_ms"":18896,""score"":0.7619611620903015,""source_actor_id"":""WIN_20260726_11_53_55_Pro::s9"",""source_score"":null},{""class_code"":""suspicious_activity"",""frame_index"":152,""timestamp_ms"":19024,""score"":0.6883814334869385,""source_actor_id"":""WIN_20260726_11_53_55_Pro::s9"",""source_score"":null},{""class_code"":""suspicious_activity"",""frame_index"":184,""timestamp_ms"":23024,""score"":0.7196288108825684,""source_actor_id"":""WIN_20260726_11_53_55_Pro::s9"",""source_score"":null},{""class_code"":""suspicious_activity"",""frame_index"":185,""timestamp_ms"":23136,""score"":0.7596606612205505,""source_actor_id"":""WIN_20260726_11_53_55_Pro::s9"",""source_score"":null},{""class_code"":""suspicious_activity"",""frame_index"":186,""timestamp_ms"":23264,""score"":0.7680562734603882,""source_actor_id"":""WIN_20260726_11_53_55_Pro::s9"",""source_score"":null},{""class_code"":""suspicious_activity"",""frame_index"":187,""timestamp_ms"":23392,""score"":0.7517001628875732,""source_actor_id"":""WIN_20260726_11_53_55_Pro::s9"",""source_score"":null},{""class_code"":""suspicious_activity"",""frame_index"":188,""timestamp_ms"":23503,""score"":0.7750670909881592,""source_actor_id"":""WIN_20260726_11_53_55_Pro::s9"",""source_score"":null},{""class_code"":""suspicious_activity"",""frame_index"":189,""timestamp_ms"":23632,""score"":0.8877209424972534,""source_actor_id"":""WIN_20260726_11_53_55_Pro::s9"",""source_score"":null},{""class_code"":""suspicious_activity"",""frame_index"":190,""timestamp_ms"":23760,""score"":0.901763379573822,""source_actor_id"":""WIN_20260726_11_53_55_Pro::s9"",""source_score"":null},{""class_code"":""suspicious_activity"",""frame_index"":191,""timestamp_ms"":23903,""score"":0.9136401414871216,""source_actor_id"":""WIN_20260726_11_53_55_Pro::s9"",""source_score"":null},{""class_code"":""suspicious_activity"",""frame_index"":192,""timestamp_ms"":24000,""score"":0.8971174359321594,""source_actor_id"":""WIN_20260726_11_53_55_Pro::s9"",""source_score"":null},{""class_code"":""suspicious_activity"",""frame_index"":193,""timestamp_ms"":24128,""score"":0.8962288498878479,""source_actor_id"":""WIN_20260726_11_53_55_Pro::s9"",""source_score"":null},{""class_code"":""suspicious_activity"",""frame_index"":194,""timestamp_ms"":24256,""score"":0.8962288498878479,""source_actor_id"":""WIN_20260726_11_53_55_Pro::s9"",""source_score"":null},{""class_code"":""suspicious_activity"",""frame_index"":195,""timestamp_ms"":24400,""score"":0.8962288498878479,""source_actor_id"":""WIN_20260726_11_53_55_Pro::s9"",""source_score"":null},{""class_code"":""suspicious_activity"",""frame_index"":196,""timestamp_ms"":24528,""score"":0.8962288498878479,""source_actor_id"":""WIN_20260726_11_53_55_Pro::s9"",""source_score"":null},{""class_code"":""suspicious_activity"",""frame_index"":197,""timestamp_ms"":24656,""score"":0.8962288498878479,""source_actor_id"":""WIN_20260726_11_53_55_Pro::s9"",""source_score"":null},{""class_code"":""suspicious_activity"",""frame_index"":198,""timestamp_ms"":24768,""score"":0.8962288498878479,""source_actor_id"":""WIN_20260726_11_53_55_Pro::s9"",""source_score"":null},{""class_code"":""suspicious_activity"",""frame_index"":199,""timestamp_ms"":24896,""score"":0.8770074844360352,""source_actor_id"":""WIN_20260726_11_53_55_Pro::s9"",""source_score"":null},{""class_code"":""suspicious_activity"",""frame_index"":200,""timestamp_ms"":25024,""score"":0.8770074844360352,""source_actor_id"":""WIN_20260726_11_53_55_Pro::s9"",""source_score"":null},{""class_code"":""suspicious_activity"",""frame_index"":201,""timestamp_ms"":25136,""score"":0.8770074844360352,""source_actor_id"":""WIN_20260726_11_53_55_Pro::s9"",""source_score"":null},{""class_code"":""suspicious_activity"",""frame_index"":202,""timestamp_ms"":25264,""score"":0.889820396900177,""source_actor_id"":""WIN_20260726_11_53_55_Pro::s9"",""source_score"":null},{""class_code"":""suspicious_activity"",""frame_index"":203,""timestamp_ms"":25392,""score"":0.8373306393623352,""source_actor_id"":""WIN_20260726_11_53_55_Pro::s9"",""source_score"":null},{""class_code"":""suspicious_activity"",""frame_index"":204,""timestamp_ms"":25503,""score"":0.7150436639785767,""source_actor_id"":""WIN_20260726_11_53_55_Pro::s9"",""source_score"":null},{""class_code"":""suspicious_activity"",""frame_index"":205,""timestamp_ms"":25632,""score"":0.6632428765296936,""source_actor_id"":""WIN_20260726_11_53_55_Pro::s9"",""source_score"":null},{""class_code"":""suspicious_activity"",""frame_index"":206,""timestamp_ms"":25760,""score"":0.6891750693321228,""source_actor_id"":""WIN_20260726_11_53_55_Pro::s9"",""source_score"":null},{""class_code"":""suspicious_activity"",""frame_index"":207,""timestamp_ms"":25888,""score"":0.6891750693321228,""source_actor_id"":""WIN_20260726_11_53_55_Pro::s9"",""source_score"":null},{""class_code"":""suspicious_activity"",""frame_index"":208,""timestamp_ms"":26000,""score"":0.6891750693321228,""source_actor_id"":""WIN_20260726_11_53_55_Pro::s9"",""source_score"":null},{""class_code"":""suspicious_activity"",""frame_index"":209,""timestamp_ms"":26128,""score"":0.6833191514015198,""source_actor_id"":""WIN_20260726_11_53_55_Pro::s9"",""source_score"":null},{""class_code"":""suspicious_activity"",""frame_index"":210,""timestamp_ms"":26256,""score"":0.6864246129989624,""source_actor_id"":""WIN_20260726_11_53_55_Pro::s9"",""source_score"":null},{""class_code"":""suspicious_activity"",""frame_index"":232,""timestamp_ms"":29024,""score"":0.6655345559120178,""source_actor_id"":""WIN_20260726_11_53_55_Pro::s9"",""source_score"":null},{""class_code"":""suspicious_activity"",""frame_index"":238,""timestamp_ms"":29760,""score"":0.6959176063537598,""source_actor_id"":""WIN_20260726_11_53_55_Pro::s9"",""source_score"":null},{""class_code"":""suspicious_activity"",""frame_index"":239,""timestamp_ms"":29888,""score"":0.8008314967155457,""source_actor_id"":""WIN_20260726_11_53_55_Pro::s9"",""source_score"":null},{""class_code"":""suspicious_activity"",""frame_index"":252,""timestamp_ms"":31520,""score"":0.6626603603363037,""source_actor_id"":""WIN_20260726_11_53_55_Pro::s9"",""source_score"":null},{""class_code"":""suspicious_activity"",""frame_index"":253,""timestamp_ms"":31632,""score"":0.787216067314148,""source_actor_id"":""WIN_20260726_11_53_55_Pro::s9"",""source_score"":null},{""class_code"":""suspicious_activity"",""frame_index"":254,""timestamp_ms"":31760,""score"":0.7928946614265442,""source_actor_id"":""WIN_20260726_11_53_55_Pro::s9"",""source_score"":null},{""class_code"":""suspicious_activity"",""frame_index"":255,""timestamp_ms"":31888,""score"":0.7660181522369385,""source_actor_id"":""WIN_20260726_11_53_55_Pro::s9"",""source_score"":null},{""class_code"":""suspicious_activity"",""frame_index"":256,""timestamp_ms"":32000,""score"":0.7568754553794861,""source_actor_id"":""WIN_20260726_11_53_55_Pro::s9"",""source_score"":null},{""class_code"":""suspicious_activity"",""frame_index"":257,""timestamp_ms"":32128,""score"":0.7949475646018982,""source_actor_id"":""WIN_20260726_11_53_55_Pro::s9"",""source_score"":null},{""class_code"":""suspicious_activity"",""frame_index"":258,""timestamp_ms"":32256,""score"":0.7949475646018982,""source_actor_id"":""WIN_20260726_11_53_55_Pro::s9"",""source_score"":null},{""class_code"":""suspicious_activity"",""frame_index"":259,""timestamp_ms"":32400,""score"":0.7944679856300354,""source_actor_id"":""WIN_20260726_11_53_55_Pro::s9"",""source_score"":null},{""class_code"":""suspicious_activity"",""frame_index"":260,""timestamp_ms"":32528,""score"":0.7949475646018982,""source_actor_id"":""WIN_20260726_11_53_55_Pro::s9"",""source_score"":null},{""class_code"":""suspicious_activity"",""frame_index"":261,""timestamp_ms"":32656,""score"":0.7949475646018982,""source_actor_id"":""WIN_20260726_11_53_55_Pro::s9"",""source_score"":null},{""class_code"":""suspicious_activity"",""frame_index"":262,""timestamp_ms"":32767,""score"":0.7949475646018982,""source_actor_id"":""WIN_20260726_11_53_55_Pro::s9"",""source_score"":null},{""class_code"":""suspicious_activity"",""frame_index"":263,""timestamp_ms"":32896,""score"":0.8030310869216919,""source_actor_id"":""WIN_20260726_11_53_55_Pro::s9"",""source_score"":null},{""class_code"":""suspicious_activity"",""frame_index"":264,""timestamp_ms"":33024,""score"":0.6894950270652771,""source_actor_id"":""WIN_20260726_11_53_55_Pro::s9"",""source_score"":null},{""class_code"":""suspicious_activity"",""frame_index"":265,""timestamp_ms"":33167,""score"":0.6894950270652771,""source_actor_id"":""WIN_20260726_11_53_55_Pro::s9"",""source_score"":null},{""class_code"":""suspicious_activity"",""frame_index"":266,""timestamp_ms"":33264,""score"":0.7183340191841125,""source_actor_id"":""WIN_20260726_11_53_55_Pro::s9"",""source_score"":null},{""class_code"":""suspicious_activity"",""frame_index"":267,""timestamp_ms"":33392,""score"":0.7680824398994446,""source_actor_id"":""WIN_20260726_11_53_55_Pro::s9"",""source_score"":null},{""class_code"":""suspicious_activity"",""frame_index"":268,""timestamp_ms"":33520,""score"":0.7680824398994446,""source_actor_id"":""WIN_20260726_11_53_55_Pro::s9"",""source_score"":null},{""class_code"":""suspicious_activity"",""frame_index"":269,""timestamp_ms"":33632,""score"":0.7680824398994446,""source_actor_id"":""WIN_20260726_11_53_55_Pro::s9"",""source_score"":null},{""class_code"":""suspicious_activity"",""frame_index"":270,""timestamp_ms"":33760,""score"":0.7632954120635986,""source_actor_id"":""WIN_20260726_11_53_55_Pro::s9"",""source_score"":null},{""class_code"":""suspicious_activity"",""frame_index"":271,""timestamp_ms"":33888,""score"":0.6657718420028687,""source_actor_id"":""WIN_20260726_11_53_55_Pro::s9"",""source_score"":null},{""class_code"":""suspicious_activity"",""frame_index"":272,""timestamp_ms"":34032,""score"":0.7160254716873169,""source_actor_id"":""WIN_20260726_11_53_55_Pro::s9"",""source_score"":null},{""class_code"":""suspicious_activity"",""frame_index"":276,""timestamp_ms"":34528,""score"":0.7258962392807007,""source_actor_id"":""WIN_20260726_11_53_55_Pro::s9"",""source_score"":null},{""class_code"":""suspicious_activity"",""frame_index"":318,""timestamp_ms"":39760,""score"":0.7172831296920776,""source_actor_id"":""WIN_20260726_11_53_55_Pro::s9"",""source_score"":null},{""class_code"":""suspicious_activity"",""frame_index"":319,""timestamp_ms"":39888,""score"":0.7172831296920776,""source_actor_id"":""WIN_20260726_11_53_55_Pro::s9"",""source_score"":null},{""class_code"":""suspicious_activity"",""frame_index"":358,""timestamp_ms"":44753,""score"":0.7030205130577087,""source_actor_id"":""WIN_20260726_11_53_55_Pro::s9"",""source_score"":null},{""class_code"":""suspicious_activity"",""frame_index"":359,""timestamp_ms"":44897,""score"":0.6962181329727173,""source_actor_id"":""WIN_20260726_11_53_55_Pro::s9"",""source_score"":null},{""class_code"":""suspicious_activity"",""frame_index"":368,""timestamp_ms"":46017,""score"":0.6656796932220459,""source_actor_id"":""WIN_20260726_11_53_55_Pro::s9"",""source_score"":null},{""class_code"":""suspicious_activity"",""frame_index"":369,""timestamp_ms"":46128,""score"":0.763878583908081,""source_actor_id"":""WIN_20260726_11_53_55_Pro::s9"",""source_score"":null},{""class_code"":""suspicious_activity"",""frame_index"":370,""timestamp_ms"":46257,""score"":0.7493264675140381,""source_actor_id"":""WIN_20260726_11_53_55_Pro::s9"",""source_score"":null},{""class_code"":""suspicious_activity"",""frame_index"":373,""timestamp_ms"":46625,""score"":0.8059459924697876,""source_actor_id"":""WIN_20260726_11_53_55_Pro::s9"",""source_score"":null},{""class_code"":""suspicious_activity"",""frame_index"":374,""timestamp_ms"":46753,""score"":0.7185855507850647,""source_actor_id"":""WIN_20260726_11_53_55_Pro::s9"",""source_score"":null},{""class_code"":""suspicious_activity"",""frame_index"":375,""timestamp_ms"":46895,""score"":0.7131631970405579,""source_actor_id"":""WIN_20260726_11_53_55_Pro::s9"",""source_score"":null},{""class_code"":""suspicious_activity"",""frame_index"":376,""timestamp_ms"":47025,""score"":0.7131631970405579,""source_actor_id"":""WIN_20260726_11_53_55_Pro::s9"",""source_score"":null},{""class_code"":""suspicious_activity"",""frame_index"":377,""timestamp_ms"":47153,""score"":0.7025732398033142,""source_actor_id"":""WIN_20260726_11_53_55_Pro::s9"",""source_score"":null},{""class_code"":""suspicious_activity"",""frame_index"":378,""timestamp_ms"":47295,""score"":0.6963746547698975,""source_actor_id"":""WIN_20260726_11_53_55_Pro::s9"",""source_score"":null},{""class_code"":""suspicious_activity"",""frame_index"":394,""timestamp_ms"":49295,""score"":0.6659857034683228,""source_actor_id"":""WIN_20260726_11_53_55_Pro::s9"",""source_score"":null},{""class_code"":""suspicious_activity"",""frame_index"":395,""timestamp_ms"":49393,""score"":0.7498798966407776,""source_actor_id"":""WIN_20260726_11_53_55_Pro::s9"",""source_score"":null},{""class_code"":""suspicious_activity"",""frame_index"":396,""timestamp_ms"":49521,""score"":0.7536982297897339,""source_actor_id"":""WIN_20260726_11_53_55_Pro::s9"",""source_score"":null},{""class_code"":""suspicious_activity"",""frame_index"":397,""timestamp_ms"":49649,""score"":0.7536982297897339,""source_actor_id"":""WIN_20260726_11_53_55_Pro::s9"",""source_score"":null},{""class_code"":""suspicious_activity"",""frame_index"":398,""timestamp_ms"":49761,""score"":0.7536982297897339,""source_actor_id"":""WIN_20260726_11_53_55_Pro::s9"",""source_score"":null},{""class_code"":""suspicious_activity"",""frame_index"":399,""timestamp_ms"":49889,""score"":0.7536982297897339,""source_actor_id"":""WIN_20260726_11_53_55_Pro::s9"",""source_score"":null},{""class_code"":""suspicious_activity"",""frame_index"":400,""timestamp_ms"":50017,""score"":0.7472212314605713,""source_actor_id"":""WIN_20260726_11_53_55_Pro::s9"",""source_score"":null},{""class_code"":""suspicious_activity"",""frame_index"":401,""timestamp_ms"":50127,""score"":0.8212577104568481,""source_actor_id"":""WIN_20260726_11_53_55_Pro::s9"",""source_score"":null},{""class_code"":""suspicious_activity"",""frame_index"":402,""timestamp_ms"":50257,""score"":0.8518407940864563,""source_actor_id"":""WIN_20260726_11_53_55_Pro::s9"",""source_score"":null},{""class_code"":""suspicious_activity"",""frame_index"":403,""timestamp_ms"":50385,""score"":0.8518407940864563,""source_actor_id"":""WIN_20260726_11_53_55_Pro::s9"",""source_score"":null},{""class_code"":""suspicious_activity"",""frame_index"":404,""timestamp_ms"":50527,""score"":0.8518407940864563,""source_actor_id"":""WIN_20260726_11_53_55_Pro::s9"",""source_score"":null},{""class_code"":""suspicious_activity"",""frame_index"":405,""timestamp_ms"":50625,""score"":0.8518407940864563,""source_actor_id"":""WIN_20260726_11_53_55_Pro::s9"",""source_score"":null},{""class_code"":""suspicious_activity"",""frame_index"":406,""timestamp_ms"":50753,""score"":0.8518267869949341,""source_actor_id"":""WIN_20260726_11_53_55_Pro::s9"",""source_score"":null},{""class_code"":""suspicious_activity"",""frame_index"":407,""timestamp_ms"":50881,""score"":0.8518267869949341,""source_actor_id"":""WIN_20260726_11_53_55_Pro::s9"",""source_score"":null},{""class_code"":""suspicious_activity"",""frame_index"":408,""timestamp_ms"":51025,""score"":0.8522796630859375,""source_actor_id"":""WIN_20260726_11_53_55_Pro::s9"",""source_score"":null},{""class_code"":""suspicious_activity"",""frame_index"":409,""timestamp_ms"":51153,""score"":0.8522796630859375,""source_actor_id"":""WIN_20260726_11_53_55_Pro::s9"",""source_score"":null},{""class_code"":""suspicious_activity"",""frame_index"":410,""timestamp_ms"":51281,""score"":0.8669291734695435,""source_actor_id"":""WIN_20260726_11_53_55_Pro::s9"",""source_score"":null},{""class_code"":""suspicious_activity"",""frame_index"":411,""timestamp_ms"":51393,""score"":0.8669291734695435,""source_actor_id"":""WIN_20260726_11_53_55_Pro::s9"",""source_score"":null},{""class_code"":""suspicious_activity"",""frame_index"":412,""timestamp_ms"":51521,""score"":0.9041211605072021,""source_actor_id"":""WIN_20260726_11_53_55_Pro::s9"",""source_score"":null},{""class_code"":""suspicious_activity"",""frame_index"":413,""timestamp_ms"":51649,""score"":0.8899050354957581,""source_actor_id"":""WIN_20260726_11_53_55_Pro::s9"",""source_score"":null},{""class_code"":""suspicious_activity"",""frame_index"":414,""timestamp_ms"":51761,""score"":0.8899050354957581,""source_actor_id"":""WIN_20260726_11_53_55_Pro::s9"",""source_score"":null},{""class_code"":""suspicious_activity"",""frame_index"":415,""timestamp_ms"":51889,""score"":0.8899050354957581,""source_actor_id"":""WIN_20260726_11_53_55_Pro::s9"",""source_score"":null},{""class_code"":""suspicious_activity"",""frame_index"":416,""timestamp_ms"":52017,""score"":0.8800143003463745,""source_actor_id"":""WIN_20260726_11_53_55_Pro::s9"",""source_score"":null},{""class_code"":""suspicious_activity"",""frame_index"":417,""timestamp_ms"":52127,""score"":0.8785420656204224,""source_actor_id"":""WIN_20260726_11_53_55_Pro::s9"",""source_score"":null},{""class_code"":""suspicious_activity"",""frame_index"":418,""timestamp_ms"":52257,""score"":0.8785420656204224,""source_actor_id"":""WIN_20260726_11_53_55_Pro::s9"",""source_score"":null},{""class_code"":""suspicious_activity"",""frame_index"":419,""timestamp_ms"":52385,""score"":0.8785420656204224,""source_actor_id"":""WIN_20260726_11_53_55_Pro::s9"",""source_score"":null},{""class_code"":""suspicious_activity"",""frame_index"":420,""timestamp_ms"":52527,""score"":0.8785420656204224,""source_actor_id"":""WIN_20260726_11_53_55_Pro::s9"",""source_score"":null},{""class_code"":""suspicious_activity"",""frame_index"":421,""timestamp_ms"":52625,""score"":0.7164310216903687,""source_actor_id"":""WIN_20260726_11_53_55_Pro::s9"",""source_score"":null},{""class_code"":""suspicious_activity"",""frame_index"":422,""timestamp_ms"":52753,""score"":0.7278359532356262,""source_actor_id"":""WIN_20260726_11_53_55_Pro::s9"",""source_score"":null},{""class_code"":""suspicious_activity"",""frame_index"":423,""timestamp_ms"":52881,""score"":0.7278359532356262,""source_actor_id"":""WIN_20260726_11_53_55_Pro::s9"",""source_score"":null},{""class_code"":""suspicious_activity"",""frame_index"":424,""timestamp_ms"":53025,""score"":0.7397413849830627,""source_actor_id"":""WIN_20260726_11_53_55_Pro::s9"",""source_score"":null},{""class_code"":""suspicious_activity"",""frame_index"":425,""timestamp_ms"":53153,""score"":0.746345043182373,""source_actor_id"":""WIN_20260726_11_53_55_Pro::s9"",""source_score"":null},{""class_code"":""suspicious_activity"",""frame_index"":426,""timestamp_ms"":53281,""score"":0.746345043182373,""source_actor_id"":""WIN_20260726_11_53_55_Pro::s9"",""source_score"":null},{""class_code"":""suspicious_activity"",""frame_index"":427,""timestamp_ms"":53393,""score"":0.746345043182373,""source_actor_id"":""WIN_20260726_11_53_55_Pro::s9"",""source_score"":null},{""class_code"":""suspicious_activity"",""frame_index"":428,""timestamp_ms"":53521,""score"":0.759221076965332,""source_actor_id"":""WIN_20260726_11_53_55_Pro::s9"",""source_score"":null},{""class_code"":""suspicious_activity"",""frame_index"":429,""timestamp_ms"":53649,""score"":0.7160720825195312,""source_actor_id"":""WIN_20260726_11_53_55_Pro::s9"",""source_score"":null},{""class_code"":""suspicious_activity"",""frame_index"":430,""timestamp_ms"":53759,""score"":0.7871056199073792,""source_actor_id"":""WIN_20260726_11_53_55_Pro::s9"",""source_score"":null},{""class_code"":""suspicious_activity"",""frame_index"":483,""timestamp_ms"":60385,""score"":0.7299869656562805,""source_actor_id"":""WIN_20260726_11_53_55_Pro::s9"",""source_score"":null},{""class_code"":""suspicious_activity"",""frame_index"":484,""timestamp_ms"":60513,""score"":0.7299869656562805,""source_actor_id"":""WIN_20260726_11_53_55_Pro::s9"",""source_score"":null},{""class_code"":""suspicious_activity"",""frame_index"":485,""timestamp_ms"":60625,""score"":0.7634126543998718,""source_actor_id"":""WIN_20260726_11_53_55_Pro::s9"",""source_score"":null},{""class_code"":""suspicious_activity"",""frame_index"":486,""timestamp_ms"":60753,""score"":0.7634126543998718,""source_actor_id"":""WIN_20260726_11_53_55_Pro::s9"",""source_score"":null},{""class_code"":""suspicious_activity"",""frame_index"":487,""timestamp_ms"":60881,""score"":0.7654210925102234,""source_actor_id"":""WIN_20260726_11_53_55_Pro::s9"",""source_score"":null},{""class_code"":""suspicious_activity"",""frame_index"":488,""timestamp_ms"":61025,""score"":0.7654210925102234,""source_actor_id"":""WIN_20260726_11_53_55_Pro::s9"",""source_score"":null},{""class_code"":""suspicious_activity"",""frame_index"":489,""timestamp_ms"":61153,""score"":0.7356016635894775,""source_actor_id"":""WIN_20260726_11_53_55_Pro::s9"",""source_score"":null},{""class_code"":""suspicious_activity"",""frame_index"":490,""timestamp_ms"":61281,""score"":0.7585069537162781,""source_actor_id"":""WIN_20260726_11_53_55_Pro::s9"",""source_score"":null},{""class_code"":""suspicious_activity"",""frame_index"":491,""timestamp_ms"":61377,""score"":0.7697981595993042,""source_actor_id"":""WIN_20260726_11_53_55_Pro::s9"",""source_score"":null},{""class_code"":""suspicious_activity"",""frame_index"":492,""timestamp_ms"":61521,""score"":0.7616510391235352,""source_actor_id"":""WIN_20260726_11_53_55_Pro::s9"",""source_score"":null},{""class_code"":""suspicious_activity"",""frame_index"":493,""timestamp_ms"":61649,""score"":0.7616510391235352,""source_actor_id"":""WIN_20260726_11_53_55_Pro::s9"",""source_score"":null},{""class_code"":""suspicious_activity"",""frame_index"":494,""timestamp_ms"":61777,""score"":0.7616510391235352,""source_actor_id"":""WIN_20260726_11_53_55_Pro::s9"",""source_score"":null},{""class_code"":""suspicious_activity"",""frame_index"":495,""timestamp_ms"":61889,""score"":0.7616510391235352,""source_actor_id"":""WIN_20260726_11_53_55_Pro::s9"",""source_score"":null},{""class_code"":""suspicious_activity"",""frame_index"":496,""timestamp_ms"":62017,""score"":0.7491782307624817,""source_actor_id"":""WIN_20260726_11_53_55_Pro::s9"",""source_score"":null},{""class_code"":""suspicious_activity"",""frame_index"":497,""timestamp_ms"":62145,""score"":0.67958664894104,""source_actor_id"":""WIN_20260726_11_53_55_Pro::s9"",""source_score"":null},{""class_code"":""suspicious_activity"",""frame_index"":597,""timestamp_ms"":74641,""score"":0.7681776881217957,""source_actor_id"":""WIN_20260726_11_53_55_Pro::s9"",""source_score"":null},{""class_code"":""suspicious_activity"",""frame_index"":598,""timestamp_ms"":74753,""score"":0.7425094246864319,""source_actor_id"":""WIN_20260726_11_53_55_Pro::s9"",""source_score"":null},{""class_code"":""suspicious_activity"",""frame_index"":599,""timestamp_ms"":74881,""score"":0.7616677284240723,""source_actor_id"":""WIN_20260726_11_53_55_Pro::s9"",""source_score"":null},{""class_code"":""suspicious_activity"",""frame_index"":600,""timestamp_ms"":75009,""score"":0.7650748491287231,""source_actor_id"":""WIN_20260726_11_53_55_Pro::s9"",""source_score"":null},{""class_code"":""suspicious_activity"",""frame_index"":601,""timestamp_ms"":75153,""score"":0.7617899775505066,""source_actor_id"":""WIN_20260726_11_53_55_Pro::s9"",""source_score"":null},{""class_code"":""suspicious_activity"",""frame_index"":602,""timestamp_ms"":75281,""score"":0.7524749040603638,""source_actor_id"":""WIN_20260726_11_53_55_Pro::s9"",""source_score"":null},{""class_code"":""suspicious_activity"",""frame_index"":603,""timestamp_ms"":75377,""score"":0.7524749040603638,""source_actor_id"":""WIN_20260726_11_53_55_Pro::s9"",""source_score"":null},{""class_code"":""suspicious_activity"",""frame_index"":604,""timestamp_ms"":75520,""score"":0.8105054497718811,""source_actor_id"":""WIN_20260726_11_53_55_Pro::s9"",""source_score"":null},{""class_code"":""suspicious_activity"",""frame_index"":605,""timestamp_ms"":75649,""score"":0.8809162974357605,""source_actor_id"":""WIN_20260726_11_53_55_Pro::s9"",""source_score"":null},{""class_code"":""suspicious_activity"",""frame_index"":606,""timestamp_ms"":75777,""score"":0.8809162974357605,""source_actor_id"":""WIN_20260726_11_53_55_Pro::s9"",""source_score"":null},{""class_code"":""suspicious_activity"",""frame_index"":607,""timestamp_ms"":75920,""score"":0.8809162974357605,""source_actor_id"":""WIN_20260726_11_53_55_Pro::s9"",""source_score"":null},{""class_code"":""suspicious_activity"",""frame_index"":608,""timestamp_ms"":76017,""score"":0.8861292600631714,""source_actor_id"":""WIN_20260726_11_53_55_Pro::s9"",""source_score"":null},{""class_code"":""suspicious_activity"",""frame_index"":609,""timestamp_ms"":76145,""score"":0.8861292600631714,""source_actor_id"":""WIN_20260726_11_53_55_Pro::s9"",""source_score"":null},{""class_code"":""suspicious_activity"",""frame_index"":610,""timestamp_ms"":76273,""score"":0.8799418807029724,""source_actor_id"":""WIN_20260726_11_53_55_Pro::s9"",""source_score"":null},{""class_code"":""suspicious_activity"",""frame_index"":611,""timestamp_ms"":76385,""score"":0.8829936981201172,""source_actor_id"":""WIN_20260726_11_53_55_Pro::s9"",""source_score"":null},{""class_code"":""suspicious_activity"",""frame_index"":612,""timestamp_ms"":76513,""score"":0.9121383428573608,""source_actor_id"":""WIN_20260726_11_53_55_Pro::s9"",""source_score"":null},{""class_code"":""suspicious_activity"",""frame_index"":613,""timestamp_ms"":76642,""score"":0.9121383428573608,""source_actor_id"":""WIN_20260726_11_53_55_Pro::s9"",""source_score"":null},{""class_code"":""suspicious_activity"",""frame_index"":614,""timestamp_ms"":76752,""score"":0.9121383428573608,""source_actor_id"":""WIN_20260726_11_53_55_Pro::s9"",""source_score"":null},{""class_code"":""suspicious_activity"",""frame_index"":615,""timestamp_ms"":76881,""score"":0.873363196849823,""source_actor_id"":""WIN_20260726_11_53_55_Pro::s9"",""source_score"":null},{""class_code"":""suspicious_activity"",""frame_index"":616,""timestamp_ms"":77009,""score"":0.873363196849823,""source_actor_id"":""WIN_20260726_11_53_55_Pro::s9"",""source_score"":null},{""class_code"":""suspicious_activity"",""frame_index"":617,""timestamp_ms"":77152,""score"":0.8752167820930481,""source_actor_id"":""WIN_20260726_11_53_55_Pro::s9"",""source_score"":null},{""class_code"":""suspicious_activity"",""frame_index"":618,""timestamp_ms"":77281,""score"":0.8822578191757202,""source_actor_id"":""WIN_20260726_11_53_55_Pro::s9"",""source_score"":null},{""class_code"":""suspicious_activity"",""frame_index"":619,""timestamp_ms"":77377,""score"":0.8752167820930481,""source_actor_id"":""WIN_20260726_11_53_55_Pro::s9"",""source_score"":null},{""class_code"":""suspicious_activity"",""frame_index"":620,""timestamp_ms"":77506,""score"":0.8807552456855774,""source_actor_id"":""WIN_20260726_11_53_55_Pro::s9"",""source_score"":null},{""class_code"":""suspicious_activity"",""frame_index"":621,""timestamp_ms"":77649,""score"":0.7296949625015259,""source_actor_id"":""WIN_20260726_11_53_55_Pro::s9"",""source_score"":null},{""class_code"":""suspicious_activity"",""frame_index"":646,""timestamp_ms"":80784,""score"":0.6682149171829224,""source_actor_id"":""WIN_20260726_11_53_55_Pro::s9"",""source_score"":null},{""class_code"":""suspicious_activity"",""frame_index"":647,""timestamp_ms"":80881,""score"":0.6682149171829224,""source_actor_id"":""WIN_20260726_11_53_55_Pro::s9"",""source_score"":null},{""class_code"":""suspicious_activity"",""frame_index"":648,""timestamp_ms"":81009,""score"":0.6682149171829224,""source_actor_id"":""WIN_20260726_11_53_55_Pro::s9"",""source_score"":null},{""class_code"":""suspicious_activity"",""frame_index"":649,""timestamp_ms"":81138,""score"":0.6682149171829224,""source_actor_id"":""WIN_20260726_11_53_55_Pro::s9"",""source_score"":null},{""class_code"":""suspicious_activity"",""frame_index"":650,""timestamp_ms"":81282,""score"":0.6682149171829224,""source_actor_id"":""WIN_20260726_11_53_55_Pro::s9"",""source_score"":null},{""class_code"":""suspicious_activity"",""frame_index"":651,""timestamp_ms"":81378,""score"":0.6682149171829224,""source_actor_id"":""WIN_20260726_11_53_55_Pro::s9"",""source_score"":null},{""class_code"":""suspicious_activity"",""frame_index"":652,""timestamp_ms"":81506,""score"":0.6682149171829224,""source_actor_id"":""WIN_20260726_11_53_55_Pro::s9"",""source_score"":null},{""class_code"":""suspicious_activity"",""frame_index"":653,""timestamp_ms"":81649,""score"":0.7054481506347656,""source_actor_id"":""WIN_20260726_11_53_55_Pro::s9"",""source_score"":null},{""class_code"":""suspicious_activity"",""frame_index"":654,""timestamp_ms"":81778,""score"":0.718845009803772,""source_actor_id"":""WIN_20260726_11_53_55_Pro::s9"",""source_score"":null},{""class_code"":""suspicious_activity"",""frame_index"":655,""timestamp_ms"":81906,""score"":0.6825432181358337,""source_actor_id"":""WIN_20260726_11_53_55_Pro::s9"",""source_score"":null},{""class_code"":""suspicious_activity"",""frame_index"":656,""timestamp_ms"":82018,""score"":0.6825432181358337,""source_actor_id"":""WIN_20260726_11_53_55_Pro::s9"",""source_score"":null},{""class_code"":""suspicious_activity"",""frame_index"":657,""timestamp_ms"":82146,""score"":0.6706434488296509,""source_actor_id"":""WIN_20260726_11_53_55_Pro::s9"",""source_score"":null},{""class_code"":""suspicious_activity"",""frame_index"":658,""timestamp_ms"":82274,""score"":0.6663424968719482,""source_actor_id"":""WIN_20260726_11_53_55_Pro::s9"",""source_score"":null},{""class_code"":""suspicious_activity"",""frame_index"":659,""timestamp_ms"":82384,""score"":0.6663424968719482,""source_actor_id"":""WIN_20260726_11_53_55_Pro::s9"",""source_score"":null},{""class_code"":""suspicious_activity"",""frame_index"":660,""timestamp_ms"":82514,""score"":0.6663424968719482,""source_actor_id"":""WIN_20260726_11_53_55_Pro::s9"",""source_score"":null},{""class_code"":""suspicious_activity"",""frame_index"":661,""timestamp_ms"":82642,""score"":0.672665536403656,""source_actor_id"":""WIN_20260726_11_53_55_Pro::s9"",""source_score"":null},{""class_code"":""suspicious_activity"",""frame_index"":666,""timestamp_ms"":83250,""score"":0.7377090454101562,""source_actor_id"":""WIN_20260726_11_53_55_Pro::s9"",""source_score"":null},{""class_code"":""suspicious_activity"",""frame_index"":667,""timestamp_ms"":83378,""score"":0.7730669975280762,""source_actor_id"":""WIN_20260726_11_53_55_Pro::s9"",""source_score"":null},{""class_code"":""suspicious_activity"",""frame_index"":668,""timestamp_ms"":83506,""score"":0.7730669975280762,""source_actor_id"":""WIN_20260726_11_53_55_Pro::s9"",""source_score"":null},{""class_code"":""suspicious_activity"",""frame_index"":669,""timestamp_ms"":83650,""score"":0.6782901287078857,""source_actor_id"":""WIN_20260726_11_53_55_Pro::s9"",""source_score"":null},{""class_code"":""suspicious_activity"",""frame_index"":670,""timestamp_ms"":83778,""score"":0.6995865702629089,""source_actor_id"":""WIN_20260726_11_53_55_Pro::s9"",""source_score"":null},{""class_code"":""suspicious_activity"",""frame_index"":671,""timestamp_ms"":83906,""score"":0.6995865702629089,""source_actor_id"":""WIN_20260726_11_53_55_Pro::s9"",""source_score"":null},{""class_code"":""suspicious_activity"",""frame_index"":672,""timestamp_ms"":84018,""score"":0.6995865702629089,""source_actor_id"":""WIN_20260726_11_53_55_Pro::s9"",""source_score"":null},{""class_code"":""suspicious_activity"",""frame_index"":673,""timestamp_ms"":84146,""score"":0.6995865702629089,""source_actor_id"":""WIN_20260726_11_53_55_Pro::s9"",""source_score"":null},{""class_code"":""suspicious_activity"",""frame_index"":674,""timestamp_ms"":84274,""score"":0.7782332897186279,""source_actor_id"":""WIN_20260726_11_53_55_Pro::s9"",""source_score"":null},{""class_code"":""suspicious_activity"",""frame_index"":675,""timestamp_ms"":84384,""score"":0.7811303734779358,""source_actor_id"":""WIN_20260726_11_53_55_Pro::s9"",""source_score"":null},{""class_code"":""suspicious_activity"",""frame_index"":676,""timestamp_ms"":84514,""score"":0.7049819231033325,""source_actor_id"":""WIN_20260726_11_53_55_Pro::s9"",""source_score"":null},{""class_code"":""suspicious_activity"",""frame_index"":680,""timestamp_ms"":85010,""score"":0.7616698145866394,""source_actor_id"":""WIN_20260726_11_53_55_Pro::s9"",""source_score"":null},{""class_code"":""suspicious_activity"",""frame_index"":681,""timestamp_ms"":85138,""score"":0.7749459147453308,""source_actor_id"":""WIN_20260726_11_53_55_Pro::s9"",""source_score"":null},{""class_code"":""suspicious_activity"",""frame_index"":682,""timestamp_ms"":85250,""score"":0.7900311350822449,""source_actor_id"":""WIN_20260726_11_53_55_Pro::s9"",""source_score"":null},{""class_code"":""suspicious_activity"",""frame_index"":683,""timestamp_ms"":85378,""score"":0.8483608365058899,""source_actor_id"":""WIN_20260726_11_53_55_Pro::s9"",""source_score"":null},{""class_code"":""suspicious_activity"",""frame_index"":708,""timestamp_ms"":88514,""score"":0.7947099208831787,""source_actor_id"":""WIN_20260726_11_53_55_Pro::s9"",""source_score"":null},{""class_code"":""suspicious_activity"",""frame_index"":709,""timestamp_ms"":88642,""score"":0.7947099208831787,""source_actor_id"":""WIN_20260726_11_53_55_Pro::s9"",""source_score"":null},{""class_code"":""suspicious_activity"",""frame_index"":710,""timestamp_ms"":88770,""score"":0.7841895222663879,""source_actor_id"":""WIN_20260726_11_53_55_Pro::s9"",""source_score"":null},{""class_code"":""suspicious_activity"",""frame_index"":711,""timestamp_ms"":88882,""score"":0.7722392678260803,""source_actor_id"":""WIN_20260726_11_53_55_Pro::s9"",""source_score"":null},{""class_code"":""suspicious_activity"",""frame_index"":712,""timestamp_ms"":89010,""score"":0.7722392678260803,""source_actor_id"":""WIN_20260726_11_53_55_Pro::s9"",""source_score"":null},{""class_code"":""suspicious_activity"",""frame_index"":713,""timestamp_ms"":89138,""score"":0.7722392678260803,""source_actor_id"":""WIN_20260726_11_53_55_Pro::s9"",""source_score"":null},{""class_code"":""suspicious_activity"",""frame_index"":714,""timestamp_ms"":89282,""score"":0.7565083503723145,""source_actor_id"":""WIN_20260726_11_53_55_Pro::s9"",""source_score"":null},{""class_code"":""suspicious_activity"",""frame_index"":715,""timestamp_ms"":89378,""score"":0.7565083503723145,""source_actor_id"":""WIN_20260726_11_53_55_Pro::s9"",""source_score"":null},{""class_code"":""suspicious_activity"",""frame_index"":716,""timestamp_ms"":89506,""score"":0.7565083503723145,""source_actor_id"":""WIN_20260726_11_53_55_Pro::s9"",""source_score"":null},{""class_code"":""suspicious_activity"",""frame_index"":717,""timestamp_ms"":89648,""score"":0.7565083503723145,""source_actor_id"":""WIN_20260726_11_53_55_Pro::s9"",""source_score"":null},{""class_code"":""suspicious_activity"",""frame_index"":718,""timestamp_ms"":89778,""score"":0.7565083503723145,""source_actor_id"":""WIN_20260726_11_53_55_Pro::s9"",""source_score"":null},{""class_code"":""suspicious_activity"",""frame_index"":719,""timestamp_ms"":89906,""score"":0.7565083503723145,""source_actor_id"":""WIN_20260726_11_53_55_Pro::s9"",""source_score"":null},{""class_code"":""suspicious_activity"",""frame_index"":720,""timestamp_ms"":90002,""score"":0.6670049428939819,""source_actor_id"":""WIN_20260726_11_53_55_Pro::s9"",""source_score"":null},{""class_code"":""suspicious_activity"",""frame_index"":721,""timestamp_ms"":90146,""score"":0.6895137429237366,""source_actor_id"":""WIN_20260726_11_53_55_Pro::s9"",""source_score"":null},{""class_code"":""suspicious_activity"",""frame_index"":722,""timestamp_ms"":90274,""score"":0.6895137429237366,""source_actor_id"":""WIN_20260726_11_53_55_Pro::s9"",""source_score"":null},{""class_code"":""suspicious_activity"",""frame_index"":723,""timestamp_ms"":90402,""score"":0.7707968354225159,""source_actor_id"":""WIN_20260726_11_53_55_Pro::s9"",""source_score"":null},{""class_code"":""suspicious_activity"",""frame_index"":724,""timestamp_ms"":90514,""score"":0.782264232635498,""source_actor_id"":""WIN_20260726_11_53_55_Pro::s9"",""source_score"":null},{""class_code"":""suspicious_activity"",""frame_index"":725,""timestamp_ms"":90642,""score"":0.7851231098175049,""source_actor_id"":""WIN_20260726_11_53_55_Pro::s9"",""source_score"":null},{""class_code"":""suspicious_activity"",""frame_index"":726,""timestamp_ms"":90770,""score"":0.7851231098175049,""source_actor_id"":""WIN_20260726_11_53_55_Pro::s9"",""source_score"":null},{""class_code"":""suspicious_activity"",""frame_index"":727,""timestamp_ms"":90882,""score"":0.8345440626144409,""source_actor_id"":""WIN_20260726_11_53_55_Pro::s9"",""source_score"":null},{""class_code"":""suspicious_activity"",""frame_index"":728,""timestamp_ms"":91010,""score"":0.7438907027244568,""source_actor_id"":""WIN_20260726_11_53_55_Pro::s9"",""source_score"":null},{""class_code"":""suspicious_activity"",""frame_index"":740,""timestamp_ms"":92514,""score"":0.879318118095398,""source_actor_id"":""WIN_20260726_11_53_55_Pro::s9"",""source_score"":null},{""class_code"":""suspicious_activity"",""frame_index"":741,""timestamp_ms"":92642,""score"":0.9430499076843262,""source_actor_id"":""WIN_20260726_11_53_55_Pro::s9"",""source_score"":null},{""class_code"":""suspicious_activity"",""frame_index"":742,""timestamp_ms"":92770,""score"":0.9079732894897461,""source_actor_id"":""WIN_20260726_11_53_55_Pro::s9"",""source_score"":null},{""class_code"":""suspicious_activity"",""frame_index"":743,""timestamp_ms"":92881,""score"":0.9079732894897461,""source_actor_id"":""WIN_20260726_11_53_55_Pro::s9"",""source_score"":null},{""class_code"":""suspicious_activity"",""frame_index"":744,""timestamp_ms"":93010,""score"":0.8862954378128052,""source_actor_id"":""WIN_20260726_11_53_55_Pro::s9"",""source_score"":null},{""class_code"":""suspicious_activity"",""frame_index"":745,""timestamp_ms"":93138,""score"":0.8478491902351379,""source_actor_id"":""WIN_20260726_11_53_55_Pro::s9"",""source_score"":null},{""class_code"":""suspicious_activity"",""frame_index"":746,""timestamp_ms"":93280,""score"":0.8478491902351379,""source_actor_id"":""WIN_20260726_11_53_55_Pro::s9"",""source_score"":null},{""class_code"":""suspicious_activity"",""frame_index"":747,""timestamp_ms"":93378,""score"":0.8308089971542358,""source_actor_id"":""WIN_20260726_11_53_55_Pro::s9"",""source_score"":null},{""class_code"":""suspicious_activity"",""frame_index"":748,""timestamp_ms"":93506,""score"":0.8308089971542358,""source_actor_id"":""WIN_20260726_11_53_55_Pro::s9"",""source_score"":null},{""class_code"":""suspicious_activity"",""frame_index"":749,""timestamp_ms"":93634,""score"":0.8333778977394104,""source_actor_id"":""WIN_20260726_11_53_55_Pro::s9"",""source_score"":null},{""class_code"":""suspicious_activity"",""frame_index"":750,""timestamp_ms"":93778,""score"":0.8333778977394104,""source_actor_id"":""WIN_20260726_11_53_55_Pro::s9"",""source_score"":null},{""class_code"":""suspicious_activity"",""frame_index"":751,""timestamp_ms"":93906,""score"":0.8473355174064636,""source_actor_id"":""WIN_20260726_11_53_55_Pro::s9"",""source_score"":null}]",11,1375,s9,4,748,True,suspicious_activity
WIN_20260726_11_57_04_Pro,s10,c3,suspicious_activity,suspicious_activity,s10,518,64771,0.9766737818717957,,"[{""class_code"":""suspicious_activity"",""frame_index"":16,""timestamp_ms"":2000,""score"":0.9712230563163757,""source_actor_id"":""WIN_20260726_11_57_04_Pro::s10"",""source_score"":null},{""class_code"":""suspicious_activity"",""frame_index"":17,""timestamp_ms"":2129,""score"":0.9700427651405334,""source_actor_id"":""WIN_20260726_11_57_04_Pro::s10"",""source_score"":null},{""class_code"":""suspicious_activity"",""frame_index"":18,""timestamp_ms"":2257,""score"":0.9708085060119629,""source_actor_id"":""WIN_20260726_11_57_04_Pro::s10"",""source_score"":null},{""class_code"":""suspicious_activity"",""frame_index"":19,""timestamp_ms"":2385,""score"":0.9708085060119629,""source_actor_id"":""WIN_20260726_11_57_04_Pro::s10"",""source_score"":null},{""class_code"":""suspicious_activity"",""frame_index"":20,""timestamp_ms"":2529,""score"":0.9737294316291809,""source_actor_id"":""WIN_20260726_11_57_04_Pro::s10"",""source_score"":null},{""class_code"":""suspicious_activity"",""frame_index"":21,""timestamp_ms"":2625,""score"":0.9737294316291809,""source_actor_id"":""WIN_20260726_11_57_04_Pro::s10"",""source_score"":null},{""class_code"":""suspicious_activity"",""frame_index"":22,""timestamp_ms"":2753,""score"":0.9737294316291809,""source_actor_id"":""WIN_20260726_11_57_04_Pro::s10"",""source_score"":null},{""class_code"":""suspicious_activity"",""frame_index"":23,""timestamp_ms"":2897,""score"":0.9713995456695557,""source_actor_id"":""WIN_20260726_11_57_04_Pro::s10"",""source_score"":null},{""class_code"":""suspicious_activity"",""frame_index"":24,""timestamp_ms"":3025,""score"":0.9713995456695557,""source_actor_id"":""WIN_20260726_11_57_04_Pro::s10"",""source_score"":null},{""class_code"":""suspicious_activity"",""frame_index"":25,""timestamp_ms"":3153,""score"":0.9725574851036072,""source_actor_id"":""WIN_20260726_11_57_04_Pro::s10"",""source_score"":null},{""class_code"":""suspicious_activity"",""frame_index"":26,""timestamp_ms"":3265,""score"":0.9725574851036072,""source_actor_id"":""WIN_20260726_11_57_04_Pro::s10"",""source_score"":null},{""class_code"":""suspicious_activity"",""frame_index"":27,""timestamp_ms"":3393,""score"":0.9725574851036072,""source_actor_id"":""WIN_20260726_11_57_04_Pro::s10"",""source_score"":null},{""class_code"":""suspicious_activity"",""frame_index"":28,""timestamp_ms"":3521,""score"":0.9725574851036072,""source_actor_id"":""WIN_20260726_11_57_04_Pro::s10"",""source_score"":null},{""class_code"":""suspicious_activity"",""frame_index"":29,""timestamp_ms"":3632,""score"":0.9662736654281616,""source_actor_id"":""WIN_20260726_11_57_04_Pro::s10"",""source_score"":null},{""class_code"":""suspicious_activity"",""frame_index"":30,""timestamp_ms"":3761,""score"":0.9655558466911316,""source_actor_id"":""WIN_20260726_11_57_04_Pro::s10"",""source_score"":null},{""class_code"":""suspicious_activity"",""frame_index"":31,""timestamp_ms"":3889,""score"":0.9655558466911316,""source_actor_id"":""WIN_20260726_11_57_04_Pro::s10"",""source_score"":null},{""class_code"":""suspicious_activity"",""frame_index"":32,""timestamp_ms"":4032,""score"":0.9655558466911316,""source_actor_id"":""WIN_20260726_11_57_04_Pro::s10"",""source_score"":null},{""class_code"":""suspicious_activity"",""frame_index"":33,""timestamp_ms"":4129,""score"":0.9643939137458801,""source_actor_id"":""WIN_20260726_11_57_04_Pro::s10"",""source_score"":null},{""class_code"":""suspicious_activity"",""frame_index"":34,""timestamp_ms"":4257,""score"":0.9655686020851135,""source_actor_id"":""WIN_20260726_11_57_04_Pro::s10"",""source_score"":null},{""class_code"":""suspicious_activity"",""frame_index"":35,""timestamp_ms"":4385,""score"":0.9693082571029663,""source_actor_id"":""WIN_20260726_11_57_04_Pro::s10"",""source_score"":null},{""class_code"":""suspicious_activity"",""frame_index"":36,""timestamp_ms"":4529,""score"":0.9668002724647522,""source_actor_id"":""WIN_20260726_11_57_04_Pro::s10"",""source_score"":null},{""class_code"":""suspicious_activity"",""frame_index"":37,""timestamp_ms"":4625,""score"":0.9693067073822021,""source_actor_id"":""WIN_20260726_11_57_04_Pro::s10"",""source_score"":null},{""class_code"":""suspicious_activity"",""frame_index"":38,""timestamp_ms"":4753,""score"":0.9686574339866638,""source_actor_id"":""WIN_20260726_11_57_04_Pro::s10"",""source_score"":null},{""class_code"":""suspicious_activity"",""frame_index"":39,""timestamp_ms"":4897,""score"":0.969919741153717,""source_actor_id"":""WIN_20260726_11_57_04_Pro::s10"",""source_score"":null},{""class_code"":""suspicious_activity"",""frame_index"":40,""timestamp_ms"":5025,""score"":0.969919741153717,""source_actor_id"":""WIN_20260726_11_57_04_Pro::s10"",""source_score"":null},{""class_code"":""suspicious_activity"",""frame_index"":41,""timestamp_ms"":5153,""score"":0.969919741153717,""source_actor_id"":""WIN_20260726_11_57_04_Pro::s10"",""source_score"":null},{""class_code"":""suspicious_activity"",""frame_index"":42,""timestamp_ms"":5265,""score"":0.9705131649971008,""source_actor_id"":""WIN_20260726_11_57_04_Pro::s10"",""source_score"":null},{""class_code"":""suspicious_activity"",""frame_index"":43,""timestamp_ms"":5393,""score"":0.9631634950637817,""source_actor_id"":""WIN_20260726_11_57_04_Pro::s10"",""source_score"":null},{""class_code"":""suspicious_activity"",""frame_index"":44,""timestamp_ms"":5521,""score"":0.946208655834198,""source_actor_id"":""WIN_20260726_11_57_04_Pro::s10"",""source_score"":null},{""class_code"":""suspicious_activity"",""frame_index"":45,""timestamp_ms"":5632,""score"":0.946208655834198,""source_actor_id"":""WIN_20260726_11_57_04_Pro::s10"",""source_score"":null},{""class_code"":""suspicious_activity"",""frame_index"":46,""timestamp_ms"":5761,""score"":0.946208655834198,""source_actor_id"":""WIN_20260726_11_57_04_Pro::s10"",""source_score"":null},{""class_code"":""suspicious_activity"",""frame_index"":47,""timestamp_ms"":5889,""score"":0.9504859447479248,""source_actor_id"":""WIN_20260726_11_57_04_Pro::s10"",""source_score"":null},{""class_code"":""suspicious_activity"",""frame_index"":48,""timestamp_ms"":6032,""score"":0.9484460353851318,""source_actor_id"":""WIN_20260726_11_57_04_Pro::s10"",""source_score"":null},{""class_code"":""suspicious_activity"",""frame_index"":49,""timestamp_ms"":6129,""score"":0.9380982518196106,""source_actor_id"":""WIN_20260726_11_57_04_Pro::s10"",""source_score"":null},{""class_code"":""suspicious_activity"",""frame_index"":50,""timestamp_ms"":6257,""score"":0.9058051705360413,""source_actor_id"":""WIN_20260726_11_57_04_Pro::s10"",""source_score"":null},{""class_code"":""suspicious_activity"",""frame_index"":51,""timestamp_ms"":6385,""score"":0.9231763482093811,""source_actor_id"":""WIN_20260726_11_57_04_Pro::s10"",""source_score"":null},{""class_code"":""suspicious_activity"",""frame_index"":52,""timestamp_ms"":6529,""score"":0.9195159673690796,""source_actor_id"":""WIN_20260726_11_57_04_Pro::s10"",""source_score"":null},{""class_code"":""suspicious_activity"",""frame_index"":53,""timestamp_ms"":6625,""score"":0.917900562286377,""source_actor_id"":""WIN_20260726_11_57_04_Pro::s10"",""source_score"":null},{""class_code"":""suspicious_activity"",""frame_index"":54,""timestamp_ms"":6753,""score"":0.9296278953552246,""source_actor_id"":""WIN_20260726_11_57_04_Pro::s10"",""source_score"":null},{""class_code"":""suspicious_activity"",""frame_index"":55,""timestamp_ms"":6897,""score"":0.9296278953552246,""source_actor_id"":""WIN_20260726_11_57_04_Pro::s10"",""source_score"":null},{""class_code"":""suspicious_activity"",""frame_index"":56,""timestamp_ms"":7025,""score"":0.9453756213188171,""source_actor_id"":""WIN_20260726_11_57_04_Pro::s10"",""source_score"":null},{""class_code"":""suspicious_activity"",""frame_index"":57,""timestamp_ms"":7153,""score"":0.9439123868942261,""source_actor_id"":""WIN_20260726_11_57_04_Pro::s10"",""source_score"":null},{""class_code"":""suspicious_activity"",""frame_index"":58,""timestamp_ms"":7264,""score"":0.9480685591697693,""source_actor_id"":""WIN_20260726_11_57_04_Pro::s10"",""source_score"":null},{""class_code"":""suspicious_activity"",""frame_index"":59,""timestamp_ms"":7393,""score"":0.9480685591697693,""source_actor_id"":""WIN_20260726_11_57_04_Pro::s10"",""source_score"":null},{""class_code"":""suspicious_activity"",""frame_index"":60,""timestamp_ms"":7521,""score"":0.9321705102920532,""source_actor_id"":""WIN_20260726_11_57_04_Pro::s10"",""source_score"":null},{""class_code"":""suspicious_activity"",""frame_index"":61,""timestamp_ms"":7664,""score"":0.9330421686172485,""source_actor_id"":""WIN_20260726_11_57_04_Pro::s10"",""source_score"":null},{""class_code"":""suspicious_activity"",""frame_index"":62,""timestamp_ms"":7761,""score"":0.9330421686172485,""source_actor_id"":""WIN_20260726_11_57_04_Pro::s10"",""source_score"":null},{""class_code"":""suspicious_activity"",""frame_index"":63,""timestamp_ms"":7889,""score"":0.934769332408905,""source_actor_id"":""WIN_20260726_11_57_04_Pro::s10"",""source_score"":null},{""class_code"":""suspicious_activity"",""frame_index"":64,""timestamp_ms"":8017,""score"":0.934769332408905,""source_actor_id"":""WIN_20260726_11_57_04_Pro::s10"",""source_score"":null},{""class_code"":""suspicious_activity"",""frame_index"":65,""timestamp_ms"":8129,""score"":0.934769332408905,""source_actor_id"":""WIN_20260726_11_57_04_Pro::s10"",""source_score"":null},{""class_code"":""suspicious_activity"",""frame_index"":66,""timestamp_ms"":8257,""score"":0.934769332408905,""source_actor_id"":""WIN_20260726_11_57_04_Pro::s10"",""source_score"":null},{""class_code"":""suspicious_activity"",""frame_index"":67,""timestamp_ms"":8385,""score"":0.9479865431785583,""source_actor_id"":""WIN_20260726_11_57_04_Pro::s10"",""source_score"":null},{""class_code"":""suspicious_activity"",""frame_index"":68,""timestamp_ms"":8529,""score"":0.9503647089004517,""source_actor_id"":""WIN_20260726_11_57_04_Pro::s10"",""source_score"":null},{""class_code"":""suspicious_activity"",""frame_index"":69,""timestamp_ms"":8625,""score"":0.9464974403381348,""source_actor_id"":""WIN_20260726_11_57_04_Pro::s10"",""source_score"":null},{""class_code"":""suspicious_activity"",""frame_index"":70,""timestamp_ms"":8753,""score"":0.9456880688667297,""source_actor_id"":""WIN_20260726_11_57_04_Pro::s10"",""source_score"":null},{""class_code"":""suspicious_activity"",""frame_index"":71,""timestamp_ms"":8897,""score"":0.9456880688667297,""source_actor_id"":""WIN_20260726_11_57_04_Pro::s10"",""source_score"":null},{""class_code"":""suspicious_activity"",""frame_index"":72,""timestamp_ms"":9025,""score"":0.9669832587242126,""source_actor_id"":""WIN_20260726_11_57_04_Pro::s10"",""source_score"":null},{""class_code"":""suspicious_activity"",""frame_index"":73,""timestamp_ms"":9153,""score"":0.9498792886734009,""source_actor_id"":""WIN_20260726_11_57_04_Pro::s10"",""source_score"":null},{""class_code"":""suspicious_activity"",""frame_index"":74,""timestamp_ms"":9264,""score"":0.9575858116149902,""source_actor_id"":""WIN_20260726_11_57_04_Pro::s10"",""source_score"":null},{""class_code"":""suspicious_activity"",""frame_index"":75,""timestamp_ms"":9393,""score"":0.9588596820831299,""source_actor_id"":""WIN_20260726_11_57_04_Pro::s10"",""source_score"":null},{""class_code"":""suspicious_activity"",""frame_index"":76,""timestamp_ms"":9521,""score"":0.9396189451217651,""source_actor_id"":""WIN_20260726_11_57_04_Pro::s10"",""source_score"":null},{""class_code"":""suspicious_activity"",""frame_index"":77,""timestamp_ms"":9664,""score"":0.9368969202041626,""source_actor_id"":""WIN_20260726_11_57_04_Pro::s10"",""source_score"":null},{""class_code"":""suspicious_activity"",""frame_index"":78,""timestamp_ms"":9761,""score"":0.9284465909004211,""source_actor_id"":""WIN_20260726_11_57_04_Pro::s10"",""source_score"":null},{""class_code"":""suspicious_activity"",""frame_index"":79,""timestamp_ms"":9889,""score"":0.9284465909004211,""source_actor_id"":""WIN_20260726_11_57_04_Pro::s10"",""source_score"":null},{""class_code"":""suspicious_activity"",""frame_index"":80,""timestamp_ms"":10017,""score"":0.9305101037025452,""source_actor_id"":""WIN_20260726_11_57_04_Pro::s10"",""source_score"":null},{""class_code"":""suspicious_activity"",""frame_index"":81,""timestamp_ms"":10129,""score"":0.9305101037025452,""source_actor_id"":""WIN_20260726_11_57_04_Pro::s10"",""source_score"":null},{""class_code"":""suspicious_activity"",""frame_index"":82,""timestamp_ms"":10257,""score"":0.9305101037025452,""source_actor_id"":""WIN_20260726_11_57_04_Pro::s10"",""source_score"":null},{""class_code"":""suspicious_activity"",""frame_index"":83,""timestamp_ms"":10385,""score"":0.922452449798584,""source_actor_id"":""WIN_20260726_11_57_04_Pro::s10"",""source_score"":null},{""class_code"":""suspicious_activity"",""frame_index"":84,""timestamp_ms"":10529,""score"":0.9248908162117004,""source_actor_id"":""WIN_20260726_11_57_04_Pro::s10"",""source_score"":null},{""class_code"":""suspicious_activity"",""frame_index"":85,""timestamp_ms"":10625,""score"":0.9186368584632874,""source_actor_id"":""WIN_20260726_11_57_04_Pro::s10"",""source_score"":null},{""class_code"":""suspicious_activity"",""frame_index"":86,""timestamp_ms"":10753,""score"":0.9154015779495239,""source_actor_id"":""WIN_20260726_11_57_04_Pro::s10"",""source_score"":null},{""class_code"":""suspicious_activity"",""frame_index"":87,""timestamp_ms"":10896,""score"":0.9154015779495239,""source_actor_id"":""WIN_20260726_11_57_04_Pro::s10"",""source_score"":null},{""class_code"":""suspicious_activity"",""frame_index"":88,""timestamp_ms"":11025,""score"":0.9154015779495239,""source_actor_id"":""WIN_20260726_11_57_04_Pro::s10"",""source_score"":null},{""class_code"":""suspicious_activity"",""frame_index"":89,""timestamp_ms"":11153,""score"":0.9154015779495239,""source_actor_id"":""WIN_20260726_11_57_04_Pro::s10"",""source_score"":null},{""class_code"":""suspicious_activity"",""frame_index"":90,""timestamp_ms"":11296,""score"":0.9154015779495239,""source_actor_id"":""WIN_20260726_11_57_04_Pro::s10"",""source_score"":null},{""class_code"":""suspicious_activity"",""frame_index"":91,""timestamp_ms"":11393,""score"":0.9154015779495239,""source_actor_id"":""WIN_20260726_11_57_04_Pro::s10"",""source_score"":null},{""class_code"":""suspicious_activity"",""frame_index"":92,""timestamp_ms"":11521,""score"":0.9154015779495239,""source_actor_id"":""WIN_20260726_11_57_04_Pro::s10"",""source_score"":null},{""class_code"":""suspicious_activity"",""frame_index"":93,""timestamp_ms"":11649,""score"":0.9174520373344421,""source_actor_id"":""WIN_20260726_11_57_04_Pro::s10"",""source_score"":null},{""class_code"":""suspicious_activity"",""frame_index"":94,""timestamp_ms"":11761,""score"":0.9484823942184448,""source_actor_id"":""WIN_20260726_11_57_04_Pro::s10"",""source_score"":null},{""class_code"":""suspicious_activity"",""frame_index"":95,""timestamp_ms"":11889,""score"":0.9419456124305725,""source_actor_id"":""WIN_20260726_11_57_04_Pro::s10"",""source_score"":null},{""class_code"":""suspicious_activity"",""frame_index"":145,""timestamp_ms"":18160,""score"":0.9122027158737183,""source_actor_id"":""WIN_20260726_11_57_04_Pro::s10"",""source_score"":null},{""class_code"":""suspicious_activity"",""frame_index"":146,""timestamp_ms"":18257,""score"":0.9157729148864746,""source_actor_id"":""WIN_20260726_11_57_04_Pro::s10"",""source_score"":null},{""class_code"":""suspicious_activity"",""frame_index"":147,""timestamp_ms"":18385,""score"":0.9214603304862976,""source_actor_id"":""WIN_20260726_11_57_04_Pro::s10"",""source_score"":null},{""class_code"":""suspicious_activity"",""frame_index"":148,""timestamp_ms"":18514,""score"":0.917453944683075,""source_actor_id"":""WIN_20260726_11_57_04_Pro::s10"",""source_score"":null},{""class_code"":""suspicious_activity"",""frame_index"":149,""timestamp_ms"":18625,""score"":0.9211528301239014,""source_actor_id"":""WIN_20260726_11_57_04_Pro::s10"",""source_score"":null},{""class_code"":""suspicious_activity"",""frame_index"":150,""timestamp_ms"":18753,""score"":0.9211528301239014,""source_actor_id"":""WIN_20260726_11_57_04_Pro::s10"",""source_score"":null},{""class_code"":""suspicious_activity"",""frame_index"":151,""timestamp_ms"":18882,""score"":0.9211528301239014,""source_actor_id"":""WIN_20260726_11_57_04_Pro::s10"",""source_score"":null},{""class_code"":""suspicious_activity"",""frame_index"":152,""timestamp_ms"":19025,""score"":0.9211528301239014,""source_actor_id"":""WIN_20260726_11_57_04_Pro::s10"",""source_score"":null},{""class_code"":""suspicious_activity"",""frame_index"":153,""timestamp_ms"":19153,""score"":0.9211528301239014,""source_actor_id"":""WIN_20260726_11_57_04_Pro::s10"",""source_score"":null},{""class_code"":""suspicious_activity"",""frame_index"":154,""timestamp_ms"":19250,""score"":0.9211528301239014,""source_actor_id"":""WIN_20260726_11_57_04_Pro::s10"",""source_score"":null},{""class_code"":""suspicious_activity"",""frame_index"":155,""timestamp_ms"":19393,""score"":0.9211528301239014,""source_actor_id"":""WIN_20260726_11_57_04_Pro::s10"",""source_score"":null},{""class_code"":""suspicious_activity"",""frame_index"":156,""timestamp_ms"":19521,""score"":0.9211528301239014,""source_actor_id"":""WIN_20260726_11_57_04_Pro::s10"",""source_score"":null},{""class_code"":""suspicious_activity"",""frame_index"":157,""timestamp_ms"":19649,""score"":0.908481240272522,""source_actor_id"":""WIN_20260726_11_57_04_Pro::s10"",""source_score"":null},{""class_code"":""suspicious_activity"",""frame_index"":158,""timestamp_ms"":19760,""score"":0.9374080896377563,""source_actor_id"":""WIN_20260726_11_57_04_Pro::s10"",""source_score"":null},{""class_code"":""suspicious_activity"",""frame_index"":159,""timestamp_ms"":19889,""score"":0.9374080896377563,""source_actor_id"":""WIN_20260726_11_57_04_Pro::s10"",""source_score"":null},{""class_code"":""suspicious_activity"",""frame_index"":160,""timestamp_ms"":20017,""score"":0.9374080896377563,""source_actor_id"":""WIN_20260726_11_57_04_Pro::s10"",""source_score"":null},{""class_code"":""suspicious_activity"",""frame_index"":161,""timestamp_ms"":20160,""score"":0.9364544153213501,""source_actor_id"":""WIN_20260726_11_57_04_Pro::s10"",""source_score"":null},{""class_code"":""suspicious_activity"",""frame_index"":162,""timestamp_ms"":20257,""score"":0.9364544153213501,""source_actor_id"":""WIN_20260726_11_57_04_Pro::s10"",""source_score"":null},{""class_code"":""suspicious_activity"",""frame_index"":163,""timestamp_ms"":20385,""score"":0.9364544153213501,""source_actor_id"":""WIN_20260726_11_57_04_Pro::s10"",""source_score"":null},{""class_code"":""suspicious_activity"",""frame_index"":164,""timestamp_ms"":20514,""score"":0.9364544153213501,""source_actor_id"":""WIN_20260726_11_57_04_Pro::s10"",""source_score"":null},{""class_code"":""suspicious_activity"",""frame_index"":165,""timestamp_ms"":20625,""score"":0.9302034378051758,""source_actor_id"":""WIN_20260726_11_57_04_Pro::s10"",""source_score"":null},{""class_code"":""suspicious_activity"",""frame_index"":166,""timestamp_ms"":20753,""score"":0.9302034378051758,""source_actor_id"":""WIN_20260726_11_57_04_Pro::s10"",""source_score"":null},{""class_code"":""suspicious_activity"",""frame_index"":167,""timestamp_ms"":20882,""score"":0.9302034378051758,""source_actor_id"":""WIN_20260726_11_57_04_Pro::s10"",""source_score"":null},{""class_code"":""suspicious_activity"",""frame_index"":168,""timestamp_ms"":21025,""score"":0.9302034378051758,""source_actor_id"":""WIN_20260726_11_57_04_Pro::s10"",""source_score"":null},{""class_code"":""suspicious_activity"",""frame_index"":169,""timestamp_ms"":21153,""score"":0.9139353036880493,""source_actor_id"":""WIN_20260726_11_57_04_Pro::s10"",""source_score"":null},{""class_code"":""suspicious_activity"",""frame_index"":170,""timestamp_ms"":21282,""score"":0.8931800127029419,""source_actor_id"":""WIN_20260726_11_57_04_Pro::s10"",""source_score"":null},{""class_code"":""suspicious_activity"",""frame_index"":171,""timestamp_ms"":21393,""score"":0.8872674703598022,""source_actor_id"":""WIN_20260726_11_57_04_Pro::s10"",""source_score"":null},{""class_code"":""suspicious_activity"",""frame_index"":172,""timestamp_ms"":21521,""score"":0.8884353041648865,""source_actor_id"":""WIN_20260726_11_57_04_Pro::s10"",""source_score"":null},{""class_code"":""suspicious_activity"",""frame_index"":173,""timestamp_ms"":21649,""score"":0.8913277387619019,""source_actor_id"":""WIN_20260726_11_57_04_Pro::s10"",""source_score"":null},{""class_code"":""suspicious_activity"",""frame_index"":174,""timestamp_ms"":21792,""score"":0.8913277387619019,""source_actor_id"":""WIN_20260726_11_57_04_Pro::s10"",""source_score"":null},{""class_code"":""suspicious_activity"",""frame_index"":175,""timestamp_ms"":21889,""score"":0.8913277387619019,""source_actor_id"":""WIN_20260726_11_57_04_Pro::s10"",""source_score"":null},{""class_code"":""suspicious_activity"",""frame_index"":176,""timestamp_ms"":22017,""score"":0.9459363222122192,""source_actor_id"":""WIN_20260726_11_57_04_Pro::s10"",""source_score"":null},{""class_code"":""suspicious_activity"",""frame_index"":499,""timestamp_ms"":62403,""score"":0.7939590215682983,""source_actor_id"":""WIN_20260726_11_57_04_Pro::s10"",""source_score"":null},{""class_code"":""suspicious_activity"",""frame_index"":500,""timestamp_ms"":62513,""score"":0.78352290391922,""source_actor_id"":""WIN_20260726_11_57_04_Pro::s10"",""source_score"":null},{""class_code"":""suspicious_activity"",""frame_index"":501,""timestamp_ms"":62643,""score"":0.78352290391922,""source_actor_id"":""WIN_20260726_11_57_04_Pro::s10"",""source_score"":null},{""class_code"":""suspicious_activity"",""frame_index"":502,""timestamp_ms"":62771,""score"":0.78352290391922,""source_actor_id"":""WIN_20260726_11_57_04_Pro::s10"",""source_score"":null},{""class_code"":""suspicious_activity"",""frame_index"":503,""timestamp_ms"":62913,""score"":0.78352290391922,""source_actor_id"":""WIN_20260726_11_57_04_Pro::s10"",""source_score"":null},{""class_code"":""suspicious_activity"",""frame_index"":504,""timestamp_ms"":63010,""score"":0.78352290391922,""source_actor_id"":""WIN_20260726_11_57_04_Pro::s10"",""source_score"":null},{""class_code"":""suspicious_activity"",""frame_index"":505,""timestamp_ms"":63139,""score"":0.8885757327079773,""source_actor_id"":""WIN_20260726_11_57_04_Pro::s10"",""source_score"":null},{""class_code"":""suspicious_activity"",""frame_index"":506,""timestamp_ms"":63267,""score"":0.8885757327079773,""source_actor_id"":""WIN_20260726_11_57_04_Pro::s10"",""source_score"":null},{""class_code"":""suspicious_activity"",""frame_index"":507,""timestamp_ms"":63378,""score"":0.8985288739204407,""source_actor_id"":""WIN_20260726_11_57_04_Pro::s10"",""source_score"":null},{""class_code"":""suspicious_activity"",""frame_index"":508,""timestamp_ms"":63507,""score"":0.9092735648155212,""source_actor_id"":""WIN_20260726_11_57_04_Pro::s10"",""source_score"":null},{""class_code"":""suspicious_activity"",""frame_index"":509,""timestamp_ms"":63635,""score"":0.9252557158470154,""source_actor_id"":""WIN_20260726_11_57_04_Pro::s10"",""source_score"":null},{""class_code"":""suspicious_activity"",""frame_index"":510,""timestamp_ms"":63778,""score"":0.9467312693595886,""source_actor_id"":""WIN_20260726_11_57_04_Pro::s10"",""source_score"":null},{""class_code"":""suspicious_activity"",""frame_index"":511,""timestamp_ms"":63875,""score"":0.9588211178779602,""source_actor_id"":""WIN_20260726_11_57_04_Pro::s10"",""source_score"":null},{""class_code"":""suspicious_activity"",""frame_index"":512,""timestamp_ms"":64003,""score"":0.958321213722229,""source_actor_id"":""WIN_20260726_11_57_04_Pro::s10"",""source_score"":null},{""class_code"":""suspicious_activity"",""frame_index"":513,""timestamp_ms"":64147,""score"":0.9547210931777954,""source_actor_id"":""WIN_20260726_11_57_04_Pro::s10"",""source_score"":null},{""class_code"":""suspicious_activity"",""frame_index"":514,""timestamp_ms"":64275,""score"":0.95556640625,""source_actor_id"":""WIN_20260726_11_57_04_Pro::s10"",""source_score"":null},{""class_code"":""suspicious_activity"",""frame_index"":515,""timestamp_ms"":64403,""score"":0.9657891392707825,""source_actor_id"":""WIN_20260726_11_57_04_Pro::s10"",""source_score"":null},{""class_code"":""suspicious_activity"",""frame_index"":516,""timestamp_ms"":64513,""score"":0.966045081615448,""source_actor_id"":""WIN_20260726_11_57_04_Pro::s10"",""source_score"":null},{""class_code"":""suspicious_activity"",""frame_index"":517,""timestamp_ms"":64643,""score"":0.9718508124351501,""source_actor_id"":""WIN_20260726_11_57_04_Pro::s10"",""source_score"":null},{""class_code"":""suspicious_activity"",""frame_index"":518,""timestamp_ms"":64771,""score"":0.9766737818717957,""source_actor_id"":""WIN_20260726_11_57_04_Pro::s10"",""source_score"":null},{""class_code"":""suspicious_activity"",""frame_index"":519,""timestamp_ms"":64899,""score"":0.9763889908790588,""source_actor_id"":""WIN_20260726_11_57_04_Pro::s10"",""source_score"":null},{""class_code"":""suspicious_activity"",""frame_index"":520,""timestamp_ms"":65011,""score"":0.9763283133506775,""source_actor_id"":""WIN_20260726_11_57_04_Pro::s10"",""source_score"":null},{""class_code"":""suspicious_activity"",""frame_index"":521,""timestamp_ms"":65139,""score"":0.9763283133506775,""source_actor_id"":""WIN_20260726_11_57_04_Pro::s10"",""source_score"":null},{""class_code"":""suspicious_activity"",""frame_index"":522,""timestamp_ms"":65267,""score"":0.9763283133506775,""source_actor_id"":""WIN_20260726_11_57_04_Pro::s10"",""source_score"":null},{""class_code"":""suspicious_activity"",""frame_index"":523,""timestamp_ms"":65379,""score"":0.9763283133506775,""source_actor_id"":""WIN_20260726_11_57_04_Pro::s10"",""source_score"":null},{""class_code"":""suspicious_activity"",""frame_index"":524,""timestamp_ms"":65507,""score"":0.9763283133506775,""source_actor_id"":""WIN_20260726_11_57_04_Pro::s10"",""source_score"":null},{""class_code"":""suspicious_activity"",""frame_index"":525,""timestamp_ms"":65635,""score"":0.9763283133506775,""source_actor_id"":""WIN_20260726_11_57_04_Pro::s10"",""source_score"":null},{""class_code"":""suspicious_activity"",""frame_index"":526,""timestamp_ms"":65779,""score"":0.9601683616638184,""source_actor_id"":""WIN_20260726_11_57_04_Pro::s10"",""source_score"":null},{""class_code"":""suspicious_activity"",""frame_index"":527,""timestamp_ms"":65875,""score"":0.9601683616638184,""source_actor_id"":""WIN_20260726_11_57_04_Pro::s10"",""source_score"":null},{""class_code"":""suspicious_activity"",""frame_index"":528,""timestamp_ms"":66003,""score"":0.9601683616638184,""source_actor_id"":""WIN_20260726_11_57_04_Pro::s10"",""source_score"":null},{""class_code"":""suspicious_activity"",""frame_index"":529,""timestamp_ms"":66145,""score"":0.9601683616638184,""source_actor_id"":""WIN_20260726_11_57_04_Pro::s10"",""source_score"":null},{""class_code"":""suspicious_activity"",""frame_index"":530,""timestamp_ms"":66275,""score"":0.9601683616638184,""source_actor_id"":""WIN_20260726_11_57_04_Pro::s10"",""source_score"":null}]",16,2000,s10,4,527,True,suspicious_activity
WIN_20260726_11_57_04_Pro,s9,c3,c5,c3,s9,394,49250,0.9949994087219238,,"[{""class_code"":""suspicious_activity"",""frame_index"":49,""timestamp_ms"":6129,""score"":0.9105461835861206,""source_actor_id"":""WIN_20260726_11_57_04_Pro::s9"",""source_score"":null},{""class_code"":""suspicious_activity"",""frame_index"":50,""timestamp_ms"":6257,""score"":0.9055802226066589,""source_actor_id"":""WIN_20260726_11_57_04_Pro::s9"",""source_score"":null},{""class_code"":""suspicious_activity"",""frame_index"":51,""timestamp_ms"":6385,""score"":0.8138517737388611,""source_actor_id"":""WIN_20260726_11_57_04_Pro::s9"",""source_score"":null},{""class_code"":""suspicious_activity"",""frame_index"":52,""timestamp_ms"":6529,""score"":0.7895771861076355,""source_actor_id"":""WIN_20260726_11_57_04_Pro::s9"",""source_score"":null},{""class_code"":""suspicious_activity"",""frame_index"":53,""timestamp_ms"":6625,""score"":0.7895771861076355,""source_actor_id"":""WIN_20260726_11_57_04_Pro::s9"",""source_score"":null},{""class_code"":""suspicious_activity"",""frame_index"":54,""timestamp_ms"":6753,""score"":0.7895771861076355,""source_actor_id"":""WIN_20260726_11_57_04_Pro::s9"",""source_score"":null},{""class_code"":""suspicious_activity"",""frame_index"":55,""timestamp_ms"":6897,""score"":0.7895771861076355,""source_actor_id"":""WIN_20260726_11_57_04_Pro::s9"",""source_score"":null},{""class_code"":""suspicious_activity"",""frame_index"":56,""timestamp_ms"":7025,""score"":0.7895771861076355,""source_actor_id"":""WIN_20260726_11_57_04_Pro::s9"",""source_score"":null},{""class_code"":""suspicious_activity"",""frame_index"":57,""timestamp_ms"":7153,""score"":0.7895771861076355,""source_actor_id"":""WIN_20260726_11_57_04_Pro::s9"",""source_score"":null},{""class_code"":""suspicious_activity"",""frame_index"":58,""timestamp_ms"":7264,""score"":0.8086951971054077,""source_actor_id"":""WIN_20260726_11_57_04_Pro::s9"",""source_score"":null},{""class_code"":""suspicious_activity"",""frame_index"":59,""timestamp_ms"":7393,""score"":0.8086951971054077,""source_actor_id"":""WIN_20260726_11_57_04_Pro::s9"",""source_score"":null},{""class_code"":""suspicious_activity"",""frame_index"":60,""timestamp_ms"":7521,""score"":0.8086951971054077,""source_actor_id"":""WIN_20260726_11_57_04_Pro::s9"",""source_score"":null},{""class_code"":""suspicious_activity"",""frame_index"":61,""timestamp_ms"":7664,""score"":0.8999341130256653,""source_actor_id"":""WIN_20260726_11_57_04_Pro::s9"",""source_score"":null},{""class_code"":""suspicious_activity"",""frame_index"":62,""timestamp_ms"":7761,""score"":0.9085184335708618,""source_actor_id"":""WIN_20260726_11_57_04_Pro::s9"",""source_score"":null},{""class_code"":""suspicious_activity"",""frame_index"":63,""timestamp_ms"":7889,""score"":0.920072078704834,""source_actor_id"":""WIN_20260726_11_57_04_Pro::s9"",""source_score"":null},{""class_code"":""suspicious_activity"",""frame_index"":64,""timestamp_ms"":8017,""score"":0.9324824213981628,""source_actor_id"":""WIN_20260726_11_57_04_Pro::s9"",""source_score"":null},{""class_code"":""suspicious_activity"",""frame_index"":65,""timestamp_ms"":8129,""score"":0.9341430068016052,""source_actor_id"":""WIN_20260726_11_57_04_Pro::s9"",""source_score"":null},{""class_code"":""suspicious_activity"",""frame_index"":66,""timestamp_ms"":8257,""score"":0.9349830150604248,""source_actor_id"":""WIN_20260726_11_57_04_Pro::s9"",""source_score"":null},{""class_code"":""suspicious_activity"",""frame_index"":67,""timestamp_ms"":8385,""score"":0.9320167303085327,""source_actor_id"":""WIN_20260726_11_57_04_Pro::s9"",""source_score"":null},{""class_code"":""suspicious_activity"",""frame_index"":68,""timestamp_ms"":8529,""score"":0.9422063231468201,""source_actor_id"":""WIN_20260726_11_57_04_Pro::s9"",""source_score"":null},{""class_code"":""suspicious_activity"",""frame_index"":69,""timestamp_ms"":8625,""score"":0.935558557510376,""source_actor_id"":""WIN_20260726_11_57_04_Pro::s9"",""source_score"":null},{""class_code"":""suspicious_activity"",""frame_index"":70,""timestamp_ms"":8753,""score"":0.8706903457641602,""source_actor_id"":""WIN_20260726_11_57_04_Pro::s9"",""source_score"":null},{""class_code"":""suspicious_activity"",""frame_index"":71,""timestamp_ms"":8897,""score"":0.8593295812606812,""source_actor_id"":""WIN_20260726_11_57_04_Pro::s9"",""source_score"":null},{""class_code"":""suspicious_activity"",""frame_index"":72,""timestamp_ms"":9025,""score"":0.8546114563941956,""source_actor_id"":""WIN_20260726_11_57_04_Pro::s9"",""source_score"":null},{""class_code"":""suspicious_activity"",""frame_index"":73,""timestamp_ms"":9153,""score"":0.8546114563941956,""source_actor_id"":""WIN_20260726_11_57_04_Pro::s9"",""source_score"":null},{""class_code"":""suspicious_activity"",""frame_index"":74,""timestamp_ms"":9264,""score"":0.8593295812606812,""source_actor_id"":""WIN_20260726_11_57_04_Pro::s9"",""source_score"":null},{""class_code"":""suspicious_activity"",""frame_index"":75,""timestamp_ms"":9393,""score"":0.8531481027603149,""source_actor_id"":""WIN_20260726_11_57_04_Pro::s9"",""source_score"":null},{""class_code"":""suspicious_activity"",""frame_index"":76,""timestamp_ms"":9521,""score"":0.8442366719245911,""source_actor_id"":""WIN_20260726_11_57_04_Pro::s9"",""source_score"":null},{""class_code"":""suspicious_activity"",""frame_index"":77,""timestamp_ms"":9664,""score"":0.8635204434394836,""source_actor_id"":""WIN_20260726_11_57_04_Pro::s9"",""source_score"":null},{""class_code"":""suspicious_activity"",""frame_index"":78,""timestamp_ms"":9761,""score"":0.8802449703216553,""source_actor_id"":""WIN_20260726_11_57_04_Pro::s9"",""source_score"":null},{""class_code"":""suspicious_activity"",""frame_index"":79,""timestamp_ms"":9889,""score"":0.8774215579032898,""source_actor_id"":""WIN_20260726_11_57_04_Pro::s9"",""source_score"":null},{""class_code"":""suspicious_activity"",""frame_index"":80,""timestamp_ms"":10017,""score"":0.8622915148735046,""source_actor_id"":""WIN_20260726_11_57_04_Pro::s9"",""source_score"":null},{""class_code"":""suspicious_activity"",""frame_index"":81,""timestamp_ms"":10129,""score"":0.8538398146629333,""source_actor_id"":""WIN_20260726_11_57_04_Pro::s9"",""source_score"":null},{""class_code"":""suspicious_activity"",""frame_index"":82,""timestamp_ms"":10257,""score"":0.8538398146629333,""source_actor_id"":""WIN_20260726_11_57_04_Pro::s9"",""source_score"":null},{""class_code"":""suspicious_activity"",""frame_index"":83,""timestamp_ms"":10385,""score"":0.8650851845741272,""source_actor_id"":""WIN_20260726_11_57_04_Pro::s9"",""source_score"":null},{""class_code"":""suspicious_activity"",""frame_index"":84,""timestamp_ms"":10529,""score"":0.8773111701011658,""source_actor_id"":""WIN_20260726_11_57_04_Pro::s9"",""source_score"":null},{""class_code"":""suspicious_activity"",""frame_index"":85,""timestamp_ms"":10625,""score"":0.9088517427444458,""source_actor_id"":""WIN_20260726_11_57_04_Pro::s9"",""source_score"":null},{""class_code"":""suspicious_activity"",""frame_index"":86,""timestamp_ms"":10753,""score"":0.8284052610397339,""source_actor_id"":""WIN_20260726_11_57_04_Pro::s9"",""source_score"":null},{""class_code"":""suspicious_activity"",""frame_index"":87,""timestamp_ms"":10896,""score"":0.7329182624816895,""source_actor_id"":""WIN_20260726_11_57_04_Pro::s9"",""source_score"":null},{""class_code"":""suspicious_activity"",""frame_index"":88,""timestamp_ms"":11025,""score"":0.7071747183799744,""source_actor_id"":""WIN_20260726_11_57_04_Pro::s9"",""source_score"":null},{""class_code"":""suspicious_activity"",""frame_index"":89,""timestamp_ms"":11153,""score"":0.7286065816879272,""source_actor_id"":""WIN_20260726_11_57_04_Pro::s9"",""source_score"":null},{""class_code"":""suspicious_activity"",""frame_index"":90,""timestamp_ms"":11296,""score"":0.7286065816879272,""source_actor_id"":""WIN_20260726_11_57_04_Pro::s9"",""source_score"":null},{""class_code"":""suspicious_activity"",""frame_index"":91,""timestamp_ms"":11393,""score"":0.7286065816879272,""source_actor_id"":""WIN_20260726_11_57_04_Pro::s9"",""source_score"":null},{""class_code"":""suspicious_activity"",""frame_index"":92,""timestamp_ms"":11521,""score"":0.7286065816879272,""source_actor_id"":""WIN_20260726_11_57_04_Pro::s9"",""source_score"":null},{""class_code"":""suspicious_activity"",""frame_index"":93,""timestamp_ms"":11649,""score"":0.7235749959945679,""source_actor_id"":""WIN_20260726_11_57_04_Pro::s9"",""source_score"":null},{""class_code"":""suspicious_activity"",""frame_index"":94,""timestamp_ms"":11761,""score"":0.8347088098526001,""source_actor_id"":""WIN_20260726_11_57_04_Pro::s9"",""source_score"":null},{""class_code"":""suspicious_activity"",""frame_index"":95,""timestamp_ms"":11889,""score"":0.8347088098526001,""source_actor_id"":""WIN_20260726_11_57_04_Pro::s9"",""source_score"":null},{""class_code"":""suspicious_activity"",""frame_index"":96,""timestamp_ms"":12017,""score"":0.8203645944595337,""source_actor_id"":""WIN_20260726_11_57_04_Pro::s9"",""source_score"":null},{""class_code"":""suspicious_activity"",""frame_index"":97,""timestamp_ms"":12129,""score"":0.8413600325584412,""source_actor_id"":""WIN_20260726_11_57_04_Pro::s9"",""source_score"":null},{""class_code"":""suspicious_activity"",""frame_index"":98,""timestamp_ms"":12257,""score"":0.8394300937652588,""source_actor_id"":""WIN_20260726_11_57_04_Pro::s9"",""source_score"":null},{""class_code"":""suspicious_activity"",""frame_index"":99,""timestamp_ms"":12385,""score"":0.8049585223197937,""source_actor_id"":""WIN_20260726_11_57_04_Pro::s9"",""source_score"":null},{""class_code"":""suspicious_activity"",""frame_index"":100,""timestamp_ms"":12529,""score"":0.8198211193084717,""source_actor_id"":""WIN_20260726_11_57_04_Pro::s9"",""source_score"":null},{""class_code"":""suspicious_activity"",""frame_index"":101,""timestamp_ms"":12625,""score"":0.8324010372161865,""source_actor_id"":""WIN_20260726_11_57_04_Pro::s9"",""source_score"":null},{""class_code"":""suspicious_activity"",""frame_index"":102,""timestamp_ms"":12753,""score"":0.9068130850791931,""source_actor_id"":""WIN_20260726_11_57_04_Pro::s9"",""source_score"":null},{""class_code"":""suspicious_activity"",""frame_index"":103,""timestamp_ms"":12896,""score"":0.8987963199615479,""source_actor_id"":""WIN_20260726_11_57_04_Pro::s9"",""source_score"":null},{""class_code"":""suspicious_activity"",""frame_index"":104,""timestamp_ms"":13025,""score"":0.8866351842880249,""source_actor_id"":""WIN_20260726_11_57_04_Pro::s9"",""source_score"":null},{""class_code"":""suspicious_activity"",""frame_index"":105,""timestamp_ms"":13153,""score"":0.8851901292800903,""source_actor_id"":""WIN_20260726_11_57_04_Pro::s9"",""source_score"":null},{""class_code"":""suspicious_activity"",""frame_index"":106,""timestamp_ms"":13296,""score"":0.9208295345306396,""source_actor_id"":""WIN_20260726_11_57_04_Pro::s9"",""source_score"":null},{""class_code"":""suspicious_activity"",""frame_index"":107,""timestamp_ms"":13393,""score"":0.9085565209388733,""source_actor_id"":""WIN_20260726_11_57_04_Pro::s9"",""source_score"":null},{""class_code"":""suspicious_activity"",""frame_index"":108,""timestamp_ms"":13521,""score"":0.9095688462257385,""source_actor_id"":""WIN_20260726_11_57_04_Pro::s9"",""source_score"":null},{""class_code"":""suspicious_activity"",""frame_index"":109,""timestamp_ms"":13649,""score"":0.9095688462257385,""source_actor_id"":""WIN_20260726_11_57_04_Pro::s9"",""source_score"":null},{""class_code"":""suspicious_activity"",""frame_index"":110,""timestamp_ms"":13761,""score"":0.9129648804664612,""source_actor_id"":""WIN_20260726_11_57_04_Pro::s9"",""source_score"":null},{""class_code"":""suspicious_activity"",""frame_index"":111,""timestamp_ms"":13889,""score"":0.9049680829048157,""source_actor_id"":""WIN_20260726_11_57_04_Pro::s9"",""source_score"":null},{""class_code"":""suspicious_activity"",""frame_index"":112,""timestamp_ms"":14017,""score"":0.9085625410079956,""source_actor_id"":""WIN_20260726_11_57_04_Pro::s9"",""source_score"":null},{""class_code"":""suspicious_activity"",""frame_index"":113,""timestamp_ms"":14128,""score"":0.9074037075042725,""source_actor_id"":""WIN_20260726_11_57_04_Pro::s9"",""source_score"":null},{""class_code"":""suspicious_activity"",""frame_index"":114,""timestamp_ms"":14257,""score"":0.9074037075042725,""source_actor_id"":""WIN_20260726_11_57_04_Pro::s9"",""source_score"":null},{""class_code"":""suspicious_activity"",""frame_index"":115,""timestamp_ms"":14385,""score"":0.9096911549568176,""source_actor_id"":""WIN_20260726_11_57_04_Pro::s9"",""source_score"":null},{""class_code"":""suspicious_activity"",""frame_index"":116,""timestamp_ms"":14528,""score"":0.9120225310325623,""source_actor_id"":""WIN_20260726_11_57_04_Pro::s9"",""source_score"":null},{""class_code"":""suspicious_activity"",""frame_index"":117,""timestamp_ms"":14625,""score"":0.9120225310325623,""source_actor_id"":""WIN_20260726_11_57_04_Pro::s9"",""source_score"":null},{""class_code"":""suspicious_activity"",""frame_index"":118,""timestamp_ms"":14753,""score"":0.9120225310325623,""source_actor_id"":""WIN_20260726_11_57_04_Pro::s9"",""source_score"":null},{""class_code"":""suspicious_activity"",""frame_index"":119,""timestamp_ms"":14882,""score"":0.9180482625961304,""source_actor_id"":""WIN_20260726_11_57_04_Pro::s9"",""source_score"":null},{""class_code"":""suspicious_activity"",""frame_index"":120,""timestamp_ms"":15025,""score"":0.9180482625961304,""source_actor_id"":""WIN_20260726_11_57_04_Pro::s9"",""source_score"":null},{""class_code"":""suspicious_activity"",""frame_index"":121,""timestamp_ms"":15153,""score"":0.9129945039749146,""source_actor_id"":""WIN_20260726_11_57_04_Pro::s9"",""source_score"":null},{""class_code"":""suspicious_activity"",""frame_index"":122,""timestamp_ms"":15282,""score"":0.9196887612342834,""source_actor_id"":""WIN_20260726_11_57_04_Pro::s9"",""source_score"":null},{""class_code"":""suspicious_activity"",""frame_index"":123,""timestamp_ms"":15393,""score"":0.917938232421875,""source_actor_id"":""WIN_20260726_11_57_04_Pro::s9"",""source_score"":null},{""class_code"":""suspicious_activity"",""frame_index"":124,""timestamp_ms"":15521,""score"":0.917011022567749,""source_actor_id"":""WIN_20260726_11_57_04_Pro::s9"",""source_score"":null},{""class_code"":""suspicious_activity"",""frame_index"":125,""timestamp_ms"":15649,""score"":0.9332234859466553,""source_actor_id"":""WIN_20260726_11_57_04_Pro::s9"",""source_score"":null},{""class_code"":""suspicious_activity"",""frame_index"":126,""timestamp_ms"":15761,""score"":0.9519591927528381,""source_actor_id"":""WIN_20260726_11_57_04_Pro::s9"",""source_score"":null},{""class_code"":""suspicious_activity"",""frame_index"":127,""timestamp_ms"":15889,""score"":0.9400779604911804,""source_actor_id"":""WIN_20260726_11_57_04_Pro::s9"",""source_score"":null},{""class_code"":""suspicious_activity"",""frame_index"":128,""timestamp_ms"":16017,""score"":0.896414577960968,""source_actor_id"":""WIN_20260726_11_57_04_Pro::s9"",""source_score"":null},{""class_code"":""suspicious_activity"",""frame_index"":129,""timestamp_ms"":16128,""score"":0.9022170305252075,""source_actor_id"":""WIN_20260726_11_57_04_Pro::s9"",""source_score"":null},{""class_code"":""suspicious_activity"",""frame_index"":130,""timestamp_ms"":16257,""score"":0.9022170305252075,""source_actor_id"":""WIN_20260726_11_57_04_Pro::s9"",""source_score"":null},{""class_code"":""suspicious_activity"",""frame_index"":131,""timestamp_ms"":16385,""score"":0.9190977811813354,""source_actor_id"":""WIN_20260726_11_57_04_Pro::s9"",""source_score"":null},{""class_code"":""suspicious_activity"",""frame_index"":132,""timestamp_ms"":16528,""score"":0.8843297362327576,""source_actor_id"":""WIN_20260726_11_57_04_Pro::s9"",""source_score"":null},{""class_code"":""suspicious_activity"",""frame_index"":133,""timestamp_ms"":16625,""score"":0.9173370599746704,""source_actor_id"":""WIN_20260726_11_57_04_Pro::s9"",""source_score"":null},{""class_code"":""suspicious_activity"",""frame_index"":134,""timestamp_ms"":16753,""score"":0.8639868497848511,""source_actor_id"":""WIN_20260726_11_57_04_Pro::s9"",""source_score"":null},{""class_code"":""suspicious_activity"",""frame_index"":135,""timestamp_ms"":16882,""score"":0.8664067983627319,""source_actor_id"":""WIN_20260726_11_57_04_Pro::s9"",""source_score"":null},{""class_code"":""suspicious_activity"",""frame_index"":136,""timestamp_ms"":17025,""score"":0.8664067983627319,""source_actor_id"":""WIN_20260726_11_57_04_Pro::s9"",""source_score"":null},{""class_code"":""suspicious_activity"",""frame_index"":137,""timestamp_ms"":17153,""score"":0.8716141581535339,""source_actor_id"":""WIN_20260726_11_57_04_Pro::s9"",""source_score"":null},{""class_code"":""suspicious_activity"",""frame_index"":138,""timestamp_ms"":17250,""score"":0.875977098941803,""source_actor_id"":""WIN_20260726_11_57_04_Pro::s9"",""source_score"":null},{""class_code"":""suspicious_activity"",""frame_index"":139,""timestamp_ms"":17393,""score"":0.875977098941803,""source_actor_id"":""WIN_20260726_11_57_04_Pro::s9"",""source_score"":null},{""class_code"":""suspicious_activity"",""frame_index"":140,""timestamp_ms"":17521,""score"":0.875977098941803,""source_actor_id"":""WIN_20260726_11_57_04_Pro::s9"",""source_score"":null},{""class_code"":""suspicious_activity"",""frame_index"":141,""timestamp_ms"":17649,""score"":0.875977098941803,""source_actor_id"":""WIN_20260726_11_57_04_Pro::s9"",""source_score"":null},{""class_code"":""suspicious_activity"",""frame_index"":142,""timestamp_ms"":17761,""score"":0.875977098941803,""source_actor_id"":""WIN_20260726_11_57_04_Pro::s9"",""source_score"":null},{""class_code"":""suspicious_activity"",""frame_index"":143,""timestamp_ms"":17889,""score"":0.875977098941803,""source_actor_id"":""WIN_20260726_11_57_04_Pro::s9"",""source_score"":null},{""class_code"":""suspicious_activity"",""frame_index"":144,""timestamp_ms"":18017,""score"":0.875977098941803,""source_actor_id"":""WIN_20260726_11_57_04_Pro::s9"",""source_score"":null},{""class_code"":""suspicious_activity"",""frame_index"":145,""timestamp_ms"":18160,""score"":0.8904487490653992,""source_actor_id"":""WIN_20260726_11_57_04_Pro::s9"",""source_score"":null},{""class_code"":""suspicious_activity"",""frame_index"":146,""timestamp_ms"":18257,""score"":0.8904487490653992,""source_actor_id"":""WIN_20260726_11_57_04_Pro::s9"",""source_score"":null},{""class_code"":""suspicious_activity"",""frame_index"":147,""timestamp_ms"":18385,""score"":0.875977098941803,""source_actor_id"":""WIN_20260726_11_57_04_Pro::s9"",""source_score"":null},{""class_code"":""suspicious_activity"",""frame_index"":148,""timestamp_ms"":18514,""score"":0.875977098941803,""source_actor_id"":""WIN_20260726_11_57_04_Pro::s9"",""source_score"":null},{""class_code"":""suspicious_activity"",""frame_index"":149,""timestamp_ms"":18625,""score"":0.8699950575828552,""source_actor_id"":""WIN_20260726_11_57_04_Pro::s9"",""source_score"":null},{""class_code"":""suspicious_activity"",""frame_index"":150,""timestamp_ms"":18753,""score"":0.8699950575828552,""source_actor_id"":""WIN_20260726_11_57_04_Pro::s9"",""source_score"":null},{""class_code"":""suspicious_activity"",""frame_index"":151,""timestamp_ms"":18882,""score"":0.8797171711921692,""source_actor_id"":""WIN_20260726_11_57_04_Pro::s9"",""source_score"":null},{""class_code"":""suspicious_activity"",""frame_index"":152,""timestamp_ms"":19025,""score"":0.8744708299636841,""source_actor_id"":""WIN_20260726_11_57_04_Pro::s9"",""source_score"":null},{""class_code"":""suspicious_activity"",""frame_index"":153,""timestamp_ms"":19153,""score"":0.8680280447006226,""source_actor_id"":""WIN_20260726_11_57_04_Pro::s9"",""source_score"":null},{""class_code"":""suspicious_activity"",""frame_index"":154,""timestamp_ms"":19250,""score"":0.8680280447006226,""source_actor_id"":""WIN_20260726_11_57_04_Pro::s9"",""source_score"":null},{""class_code"":""suspicious_activity"",""frame_index"":155,""timestamp_ms"":19393,""score"":0.8680280447006226,""source_actor_id"":""WIN_20260726_11_57_04_Pro::s9"",""source_score"":null},{""class_code"":""suspicious_activity"",""frame_index"":156,""timestamp_ms"":19521,""score"":0.8680280447006226,""source_actor_id"":""WIN_20260726_11_57_04_Pro::s9"",""source_score"":null},{""class_code"":""suspicious_activity"",""frame_index"":157,""timestamp_ms"":19649,""score"":0.8680280447006226,""source_actor_id"":""WIN_20260726_11_57_04_Pro::s9"",""source_score"":null},{""class_code"":""suspicious_activity"",""frame_index"":158,""timestamp_ms"":19760,""score"":0.8681944012641907,""source_actor_id"":""WIN_20260726_11_57_04_Pro::s9"",""source_score"":null},{""class_code"":""suspicious_activity"",""frame_index"":159,""timestamp_ms"":19889,""score"":0.8681944012641907,""source_actor_id"":""WIN_20260726_11_57_04_Pro::s9"",""source_score"":null},{""class_code"":""suspicious_activity"",""frame_index"":160,""timestamp_ms"":20017,""score"":0.8681944012641907,""source_actor_id"":""WIN_20260726_11_57_04_Pro::s9"",""source_score"":null},{""class_code"":""suspicious_activity"",""frame_index"":161,""timestamp_ms"":20160,""score"":0.8681944012641907,""source_actor_id"":""WIN_20260726_11_57_04_Pro::s9"",""source_score"":null},{""class_code"":""suspicious_activity"",""frame_index"":162,""timestamp_ms"":20257,""score"":0.8681944012641907,""source_actor_id"":""WIN_20260726_11_57_04_Pro::s9"",""source_score"":null},{""class_code"":""suspicious_activity"",""frame_index"":163,""timestamp_ms"":20385,""score"":0.8681944012641907,""source_actor_id"":""WIN_20260726_11_57_04_Pro::s9"",""source_score"":null},{""class_code"":""suspicious_activity"",""frame_index"":164,""timestamp_ms"":20514,""score"":0.7855420708656311,""source_actor_id"":""WIN_20260726_11_57_04_Pro::s9"",""source_score"":null},{""class_code"":""suspicious_activity"",""frame_index"":165,""timestamp_ms"":20625,""score"":0.7855420708656311,""source_actor_id"":""WIN_20260726_11_57_04_Pro::s9"",""source_score"":null},{""class_code"":""suspicious_activity"",""frame_index"":166,""timestamp_ms"":20753,""score"":0.7855420708656311,""source_actor_id"":""WIN_20260726_11_57_04_Pro::s9"",""source_score"":null},{""class_code"":""suspicious_activity"",""frame_index"":167,""timestamp_ms"":20882,""score"":0.7757056355476379,""source_actor_id"":""WIN_20260726_11_57_04_Pro::s9"",""source_score"":null},{""class_code"":""suspicious_activity"",""frame_index"":168,""timestamp_ms"":21025,""score"":0.7855420708656311,""source_actor_id"":""WIN_20260726_11_57_04_Pro::s9"",""source_score"":null},{""class_code"":""suspicious_activity"",""frame_index"":169,""timestamp_ms"":21153,""score"":0.7855420708656311,""source_actor_id"":""WIN_20260726_11_57_04_Pro::s9"",""source_score"":null},{""class_code"":""suspicious_activity"",""frame_index"":170,""timestamp_ms"":21282,""score"":0.7855420708656311,""source_actor_id"":""WIN_20260726_11_57_04_Pro::s9"",""source_score"":null},{""class_code"":""suspicious_activity"",""frame_index"":171,""timestamp_ms"":21393,""score"":0.7855420708656311,""source_actor_id"":""WIN_20260726_11_57_04_Pro::s9"",""source_score"":null},{""class_code"":""suspicious_activity"",""frame_index"":172,""timestamp_ms"":21521,""score"":0.7930231094360352,""source_actor_id"":""WIN_20260726_11_57_04_Pro::s9"",""source_score"":null},{""class_code"":""suspicious_activity"",""frame_index"":173,""timestamp_ms"":21649,""score"":0.7930231094360352,""source_actor_id"":""WIN_20260726_11_57_04_Pro::s9"",""source_score"":null},{""class_code"":""suspicious_activity"",""frame_index"":174,""timestamp_ms"":21792,""score"":0.7930231094360352,""source_actor_id"":""WIN_20260726_11_57_04_Pro::s9"",""source_score"":null},{""class_code"":""suspicious_activity"",""frame_index"":175,""timestamp_ms"":21889,""score"":0.7815051674842834,""source_actor_id"":""WIN_20260726_11_57_04_Pro::s9"",""source_score"":null},{""class_code"":""suspicious_activity"",""frame_index"":176,""timestamp_ms"":22017,""score"":0.8636725544929504,""source_actor_id"":""WIN_20260726_11_57_04_Pro::s9"",""source_score"":null},{""class_code"":""suspicious_activity"",""frame_index"":177,""timestamp_ms"":22146,""score"":0.8554571866989136,""source_actor_id"":""WIN_20260726_11_57_04_Pro::s9"",""source_score"":null},{""class_code"":""suspicious_activity"",""frame_index"":178,""timestamp_ms"":22257,""score"":0.847864031791687,""source_actor_id"":""WIN_20260726_11_57_04_Pro::s9"",""source_score"":null},{""class_code"":""suspicious_activity"",""frame_index"":179,""timestamp_ms"":22386,""score"":0.847864031791687,""source_actor_id"":""WIN_20260726_11_57_04_Pro::s9"",""source_score"":null},{""class_code"":""suspicious_activity"",""frame_index"":180,""timestamp_ms"":22513,""score"":0.8513392210006714,""source_actor_id"":""WIN_20260726_11_57_04_Pro::s9"",""source_score"":null},{""class_code"":""suspicious_activity"",""frame_index"":181,""timestamp_ms"":22625,""score"":0.8596158623695374,""source_actor_id"":""WIN_20260726_11_57_04_Pro::s9"",""source_score"":null},{""class_code"":""suspicious_activity"",""frame_index"":182,""timestamp_ms"":22754,""score"":0.7756386995315552,""source_actor_id"":""WIN_20260726_11_57_04_Pro::s9"",""source_score"":null},{""class_code"":""suspicious_activity"",""frame_index"":183,""timestamp_ms"":22882,""score"":0.7756386995315552,""source_actor_id"":""WIN_20260726_11_57_04_Pro::s9"",""source_score"":null},{""class_code"":""suspicious_activity"",""frame_index"":184,""timestamp_ms"":23025,""score"":0.7756386995315552,""source_actor_id"":""WIN_20260726_11_57_04_Pro::s9"",""source_score"":null},{""class_code"":""suspicious_activity"",""frame_index"":185,""timestamp_ms"":23154,""score"":0.7756386995315552,""source_actor_id"":""WIN_20260726_11_57_04_Pro::s9"",""source_score"":null},{""class_code"":""suspicious_activity"",""frame_index"":186,""timestamp_ms"":23250,""score"":0.785250186920166,""source_actor_id"":""WIN_20260726_11_57_04_Pro::s9"",""source_score"":null},{""class_code"":""suspicious_activity"",""frame_index"":187,""timestamp_ms"":23392,""score"":0.785250186920166,""source_actor_id"":""WIN_20260726_11_57_04_Pro::s9"",""source_score"":null},{""class_code"":""suspicious_activity"",""frame_index"":188,""timestamp_ms"":23522,""score"":0.8459262251853943,""source_actor_id"":""WIN_20260726_11_57_04_Pro::s9"",""source_score"":null},{""class_code"":""suspicious_activity"",""frame_index"":189,""timestamp_ms"":23650,""score"":0.8459262251853943,""source_actor_id"":""WIN_20260726_11_57_04_Pro::s9"",""source_score"":null},{""class_code"":""suspicious_activity"",""frame_index"":190,""timestamp_ms"":23792,""score"":0.8418881297111511,""source_actor_id"":""WIN_20260726_11_57_04_Pro::s9"",""source_score"":null},{""class_code"":""suspicious_activity"",""frame_index"":191,""timestamp_ms"":23890,""score"":0.8418881297111511,""source_actor_id"":""WIN_20260726_11_57_04_Pro::s9"",""source_score"":null},{""class_code"":""suspicious_activity"",""frame_index"":192,""timestamp_ms"":24018,""score"":0.8530240654945374,""source_actor_id"":""WIN_20260726_11_57_04_Pro::s9"",""source_score"":null},{""class_code"":""suspicious_activity"",""frame_index"":193,""timestamp_ms"":24146,""score"":0.8530240654945374,""source_actor_id"":""WIN_20260726_11_57_04_Pro::s9"",""source_score"":null},{""class_code"":""suspicious_activity"",""frame_index"":194,""timestamp_ms"":24257,""score"":0.8568625450134277,""source_actor_id"":""WIN_20260726_11_57_04_Pro::s9"",""source_score"":null},{""class_code"":""suspicious_activity"",""frame_index"":195,""timestamp_ms"":24386,""score"":0.8753657341003418,""source_actor_id"":""WIN_20260726_11_57_04_Pro::s9"",""source_score"":null},{""class_code"":""suspicious_activity"",""frame_index"":196,""timestamp_ms"":24514,""score"":0.9219294786453247,""source_actor_id"":""WIN_20260726_11_57_04_Pro::s9"",""source_score"":null},{""class_code"":""suspicious_activity"",""frame_index"":197,""timestamp_ms"":24626,""score"":0.9317367076873779,""source_actor_id"":""WIN_20260726_11_57_04_Pro::s9"",""source_score"":null},{""class_code"":""suspicious_activity"",""frame_index"":198,""timestamp_ms"":24754,""score"":0.9315887093544006,""source_actor_id"":""WIN_20260726_11_57_04_Pro::s9"",""source_score"":null},{""class_code"":""suspicious_activity"",""frame_index"":199,""timestamp_ms"":24882,""score"":0.9001999497413635,""source_actor_id"":""WIN_20260726_11_57_04_Pro::s9"",""source_score"":null},{""class_code"":""suspicious_activity"",""frame_index"":200,""timestamp_ms"":25025,""score"":0.8988998532295227,""source_actor_id"":""WIN_20260726_11_57_04_Pro::s9"",""source_score"":null},{""class_code"":""suspicious_activity"",""frame_index"":201,""timestamp_ms"":25154,""score"":0.8916930556297302,""source_actor_id"":""WIN_20260726_11_57_04_Pro::s9"",""source_score"":null},{""class_code"":""suspicious_activity"",""frame_index"":202,""timestamp_ms"":25250,""score"":0.890304446220398,""source_actor_id"":""WIN_20260726_11_57_04_Pro::s9"",""source_score"":null},{""class_code"":""suspicious_activity"",""frame_index"":203,""timestamp_ms"":25392,""score"":0.890304446220398,""source_actor_id"":""WIN_20260726_11_57_04_Pro::s9"",""source_score"":null},{""class_code"":""suspicious_activity"",""frame_index"":204,""timestamp_ms"":25522,""score"":0.9129128456115723,""source_actor_id"":""WIN_20260726_11_57_04_Pro::s9"",""source_score"":null},{""class_code"":""suspicious_activity"",""frame_index"":205,""timestamp_ms"":25650,""score"":0.9075189828872681,""source_actor_id"":""WIN_20260726_11_57_04_Pro::s9"",""source_score"":null},{""class_code"":""suspicious_activity"",""frame_index"":206,""timestamp_ms"":25778,""score"":0.9138707518577576,""source_actor_id"":""WIN_20260726_11_57_04_Pro::s9"",""source_score"":null},{""class_code"":""suspicious_activity"",""frame_index"":207,""timestamp_ms"":25890,""score"":0.9138707518577576,""source_actor_id"":""WIN_20260726_11_57_04_Pro::s9"",""source_score"":null},{""class_code"":""suspicious_activity"",""frame_index"":208,""timestamp_ms"":26018,""score"":0.9138707518577576,""source_actor_id"":""WIN_20260726_11_57_04_Pro::s9"",""source_score"":null},{""class_code"":""suspicious_activity"",""frame_index"":209,""timestamp_ms"":26146,""score"":0.9138707518577576,""source_actor_id"":""WIN_20260726_11_57_04_Pro::s9"",""source_score"":null},{""class_code"":""suspicious_activity"",""frame_index"":210,""timestamp_ms"":26258,""score"":0.9138707518577576,""source_actor_id"":""WIN_20260726_11_57_04_Pro::s9"",""source_score"":null},{""class_code"":""suspicious_activity"",""frame_index"":211,""timestamp_ms"":26386,""score"":0.9188781976699829,""source_actor_id"":""WIN_20260726_11_57_04_Pro::s9"",""source_score"":null},{""class_code"":""suspicious_activity"",""frame_index"":212,""timestamp_ms"":26514,""score"":0.924473226070404,""source_actor_id"":""WIN_20260726_11_57_04_Pro::s9"",""source_score"":null},{""class_code"":""suspicious_activity"",""frame_index"":213,""timestamp_ms"":26657,""score"":0.9254359602928162,""source_actor_id"":""WIN_20260726_11_57_04_Pro::s9"",""source_score"":null},{""class_code"":""suspicious_activity"",""frame_index"":214,""timestamp_ms"":26754,""score"":0.9254359602928162,""source_actor_id"":""WIN_20260726_11_57_04_Pro::s9"",""source_score"":null},{""class_code"":""suspicious_activity"",""frame_index"":215,""timestamp_ms"":26882,""score"":0.9406458139419556,""source_actor_id"":""WIN_20260726_11_57_04_Pro::s9"",""source_score"":null},{""class_code"":""suspicious_activity"",""frame_index"":216,""timestamp_ms"":27024,""score"":0.9139975905418396,""source_actor_id"":""WIN_20260726_11_57_04_Pro::s9"",""source_score"":null},{""class_code"":""suspicious_activity"",""frame_index"":217,""timestamp_ms"":27154,""score"":0.9139490127563477,""source_actor_id"":""WIN_20260726_11_57_04_Pro::s9"",""source_score"":null},{""class_code"":""suspicious_activity"",""frame_index"":218,""timestamp_ms"":27250,""score"":0.9192793369293213,""source_actor_id"":""WIN_20260726_11_57_04_Pro::s9"",""source_score"":null},{""class_code"":""suspicious_activity"",""frame_index"":219,""timestamp_ms"":27378,""score"":0.9218090772628784,""source_actor_id"":""WIN_20260726_11_57_04_Pro::s9"",""source_score"":null},{""class_code"":""suspicious_activity"",""frame_index"":220,""timestamp_ms"":27522,""score"":0.8972685933113098,""source_actor_id"":""WIN_20260726_11_57_04_Pro::s9"",""source_score"":null},{""class_code"":""suspicious_activity"",""frame_index"":221,""timestamp_ms"":27650,""score"":0.8972685933113098,""source_actor_id"":""WIN_20260726_11_57_04_Pro::s9"",""source_score"":null},{""class_code"":""suspicious_activity"",""frame_index"":222,""timestamp_ms"":27778,""score"":0.890177309513092,""source_actor_id"":""WIN_20260726_11_57_04_Pro::s9"",""source_score"":null},{""class_code"":""suspicious_activity"",""frame_index"":223,""timestamp_ms"":27890,""score"":0.901501476764679,""source_actor_id"":""WIN_20260726_11_57_04_Pro::s9"",""source_score"":null},{""class_code"":""suspicious_activity"",""frame_index"":224,""timestamp_ms"":28018,""score"":0.9195187091827393,""source_actor_id"":""WIN_20260726_11_57_04_Pro::s9"",""source_score"":null},{""class_code"":""suspicious_activity"",""frame_index"":225,""timestamp_ms"":28146,""score"":0.9195187091827393,""source_actor_id"":""WIN_20260726_11_57_04_Pro::s9"",""source_score"":null},{""class_code"":""suspicious_activity"",""frame_index"":226,""timestamp_ms"":28258,""score"":0.9195187091827393,""source_actor_id"":""WIN_20260726_11_57_04_Pro::s9"",""source_score"":null},{""class_code"":""suspicious_activity"",""frame_index"":227,""timestamp_ms"":28386,""score"":0.9253084063529968,""source_actor_id"":""WIN_20260726_11_57_04_Pro::s9"",""source_score"":null},{""class_code"":""suspicious_activity"",""frame_index"":228,""timestamp_ms"":28514,""score"":0.9221142530441284,""source_actor_id"":""WIN_20260726_11_57_04_Pro::s9"",""source_score"":null},{""class_code"":""suspicious_activity"",""frame_index"":229,""timestamp_ms"":28658,""score"":0.8899452686309814,""source_actor_id"":""WIN_20260726_11_57_04_Pro::s9"",""source_score"":null},{""class_code"":""suspicious_activity"",""frame_index"":230,""timestamp_ms"":28754,""score"":0.8901143074035645,""source_actor_id"":""WIN_20260726_11_57_04_Pro::s9"",""source_score"":null},{""class_code"":""suspicious_activity"",""frame_index"":231,""timestamp_ms"":28882,""score"":0.8901143074035645,""source_actor_id"":""WIN_20260726_11_57_04_Pro::s9"",""source_score"":null},{""class_code"":""suspicious_activity"",""frame_index"":232,""timestamp_ms"":29024,""score"":0.8874257206916809,""source_actor_id"":""WIN_20260726_11_57_04_Pro::s9"",""source_score"":null},{""class_code"":""suspicious_activity"",""frame_index"":233,""timestamp_ms"":29154,""score"":0.9213752746582031,""source_actor_id"":""WIN_20260726_11_57_04_Pro::s9"",""source_score"":null},{""class_code"":""suspicious_activity"",""frame_index"":234,""timestamp_ms"":29250,""score"":0.9213752746582031,""source_actor_id"":""WIN_20260726_11_57_04_Pro::s9"",""source_score"":null},{""class_code"":""suspicious_activity"",""frame_index"":235,""timestamp_ms"":29378,""score"":0.8730309009552002,""source_actor_id"":""WIN_20260726_11_57_04_Pro::s9"",""source_score"":null},{""class_code"":""suspicious_activity"",""frame_index"":236,""timestamp_ms"":29522,""score"":0.8847939968109131,""source_actor_id"":""WIN_20260726_11_57_04_Pro::s9"",""source_score"":null},{""class_code"":""suspicious_activity"",""frame_index"":237,""timestamp_ms"":29650,""score"":0.8788347840309143,""source_actor_id"":""WIN_20260726_11_57_04_Pro::s9"",""source_score"":null},{""class_code"":""c3"",""frame_index"":237,""timestamp_ms"":29650,""score"":0.362273633480072,""source_actor_id"":""WIN_20260726_11_57_04_Pro::s9"",""source_score"":null},{""class_code"":""suspicious_activity"",""frame_index"":238,""timestamp_ms"":29778,""score"":0.9345906376838684,""source_actor_id"":""WIN_20260726_11_57_04_Pro::s9"",""source_score"":null},{""class_code"":""c3"",""frame_index"":238,""timestamp_ms"":29778,""score"":0.8393554091453552,""source_actor_id"":""WIN_20260726_11_57_04_Pro::s9"",""source_score"":null},{""class_code"":""suspicious_activity"",""frame_index"":239,""timestamp_ms"":29890,""score"":0.9381048679351807,""source_actor_id"":""WIN_20260726_11_57_04_Pro::s9"",""source_score"":null},{""class_code"":""c3"",""frame_index"":239,""timestamp_ms"":29890,""score"":0.8992939591407776,""source_actor_id"":""WIN_20260726_11_57_04_Pro::s9"",""source_score"":null},{""class_code"":""suspicious_activity"",""frame_index"":240,""timestamp_ms"":30018,""score"":0.9381048679351807,""source_actor_id"":""WIN_20260726_11_57_04_Pro::s9"",""source_score"":null},{""class_code"":""c3"",""frame_index"":240,""timestamp_ms"":30018,""score"":0.9096582531929016,""source_actor_id"":""WIN_20260726_11_57_04_Pro::s9"",""source_score"":null},{""class_code"":""suspicious_activity"",""frame_index"":241,""timestamp_ms"":30146,""score"":0.9381048679351807,""source_actor_id"":""WIN_20260726_11_57_04_Pro::s9"",""source_score"":null},{""class_code"":""c3"",""frame_index"":241,""timestamp_ms"":30146,""score"":0.9680359959602356,""source_actor_id"":""WIN_20260726_11_57_04_Pro::s9"",""source_score"":null},{""class_code"":""suspicious_activity"",""frame_index"":242,""timestamp_ms"":30256,""score"":0.9381048679351807,""source_actor_id"":""WIN_20260726_11_57_04_Pro::s9"",""source_score"":null},{""class_code"":""c3"",""frame_index"":242,""timestamp_ms"":30256,""score"":0.9697508811950684,""source_actor_id"":""WIN_20260726_11_57_04_Pro::s9"",""source_score"":null},{""class_code"":""suspicious_activity"",""frame_index"":243,""timestamp_ms"":30386,""score"":0.9381048679351807,""source_actor_id"":""WIN_20260726_11_57_04_Pro::s9"",""source_score"":null},{""class_code"":""c3"",""frame_index"":243,""timestamp_ms"":30386,""score"":0.9697508811950684,""source_actor_id"":""WIN_20260726_11_57_04_Pro::s9"",""source_score"":null},{""class_code"":""suspicious_activity"",""frame_index"":244,""timestamp_ms"":30514,""score"":0.913678765296936,""source_actor_id"":""WIN_20260726_11_57_04_Pro::s9"",""source_score"":null},{""class_code"":""c3"",""frame_index"":244,""timestamp_ms"":30514,""score"":0.9697508811950684,""source_actor_id"":""WIN_20260726_11_57_04_Pro::s9"",""source_score"":null},{""class_code"":""suspicious_activity"",""frame_index"":245,""timestamp_ms"":30656,""score"":0.913678765296936,""source_actor_id"":""WIN_20260726_11_57_04_Pro::s9"",""source_score"":null},{""class_code"":""c3"",""frame_index"":245,""timestamp_ms"":30656,""score"":0.9690099954605103,""source_actor_id"":""WIN_20260726_11_57_04_Pro::s9"",""source_score"":null},{""class_code"":""suspicious_activity"",""frame_index"":246,""timestamp_ms"":30754,""score"":0.913678765296936,""source_actor_id"":""WIN_20260726_11_57_04_Pro::s9"",""source_score"":null},{""class_code"":""c3"",""frame_index"":246,""timestamp_ms"":30754,""score"":0.9688529372215271,""source_actor_id"":""WIN_20260726_11_57_04_Pro::s9"",""source_score"":null},{""class_code"":""suspicious_activity"",""frame_index"":247,""timestamp_ms"":30882,""score"":0.9339885711669922,""source_actor_id"":""WIN_20260726_11_57_04_Pro::s9"",""source_score"":null},{""class_code"":""c3"",""frame_index"":247,""timestamp_ms"":30882,""score"":0.9822026491165161,""source_actor_id"":""WIN_20260726_11_57_04_Pro::s9"",""source_score"":null},{""class_code"":""suspicious_activity"",""frame_index"":248,""timestamp_ms"":31010,""score"":0.9693530797958374,""source_actor_id"":""WIN_20260726_11_57_04_Pro::s9"",""source_score"":null},{""class_code"":""c3"",""frame_index"":248,""timestamp_ms"":31010,""score"":0.9867391586303711,""source_actor_id"":""WIN_20260726_11_57_04_Pro::s9"",""source_score"":null},{""class_code"":""suspicious_activity"",""frame_index"":249,""timestamp_ms"":31154,""score"":0.9711493253707886,""source_actor_id"":""WIN_20260726_11_57_04_Pro::s9"",""source_score"":null},{""class_code"":""c3"",""frame_index"":249,""timestamp_ms"":31154,""score"":0.9857660531997681,""source_actor_id"":""WIN_20260726_11_57_04_Pro::s9"",""source_score"":null},{""class_code"":""suspicious_activity"",""frame_index"":250,""timestamp_ms"":31250,""score"":0.9711493253707886,""source_actor_id"":""WIN_20260726_11_57_04_Pro::s9"",""source_score"":null},{""class_code"":""c3"",""frame_index"":250,""timestamp_ms"":31250,""score"":0.9860814809799194,""source_actor_id"":""WIN_20260726_11_57_04_Pro::s9"",""source_score"":null},{""class_code"":""suspicious_activity"",""frame_index"":251,""timestamp_ms"":31378,""score"":0.9478366374969482,""source_actor_id"":""WIN_20260726_11_57_04_Pro::s9"",""source_score"":null},{""class_code"":""c3"",""frame_index"":251,""timestamp_ms"":31378,""score"":0.9860814809799194,""source_actor_id"":""WIN_20260726_11_57_04_Pro::s9"",""source_score"":null},{""class_code"":""c3"",""frame_index"":252,""timestamp_ms"":31522,""score"":0.9872065782546997,""source_actor_id"":""WIN_20260726_11_57_04_Pro::s9"",""source_score"":null},{""class_code"":""c3"",""frame_index"":253,""timestamp_ms"":31650,""score"":0.9806787967681885,""source_actor_id"":""WIN_20260726_11_57_04_Pro::s9"",""source_score"":null},{""class_code"":""c3"",""frame_index"":254,""timestamp_ms"":31778,""score"":0.9797220826148987,""source_actor_id"":""WIN_20260726_11_57_04_Pro::s9"",""source_score"":null},{""class_code"":""c3"",""frame_index"":255,""timestamp_ms"":31890,""score"":0.9796017408370972,""source_actor_id"":""WIN_20260726_11_57_04_Pro::s9"",""source_score"":null},{""class_code"":""c3"",""frame_index"":256,""timestamp_ms"":32018,""score"":0.9797220826148987,""source_actor_id"":""WIN_20260726_11_57_04_Pro::s9"",""source_score"":null},{""class_code"":""c3"",""frame_index"":257,""timestamp_ms"":32146,""score"":0.9631987810134888,""source_actor_id"":""WIN_20260726_11_57_04_Pro::s9"",""source_score"":null},{""class_code"":""c3"",""frame_index"":258,""timestamp_ms"":32256,""score"":0.9616554379463196,""source_actor_id"":""WIN_20260726_11_57_04_Pro::s9"",""source_score"":null},{""class_code"":""c3"",""frame_index"":259,""timestamp_ms"":32386,""score"":0.9604930281639099,""source_actor_id"":""WIN_20260726_11_57_04_Pro::s9"",""source_score"":null},{""class_code"":""c3"",""frame_index"":260,""timestamp_ms"":32514,""score"":0.952170193195343,""source_actor_id"":""WIN_20260726_11_57_04_Pro::s9"",""source_score"":null},{""class_code"":""c3"",""frame_index"":261,""timestamp_ms"":32656,""score"":0.9394040107727051,""source_actor_id"":""WIN_20260726_11_57_04_Pro::s9"",""source_score"":null},{""class_code"":""c3"",""frame_index"":262,""timestamp_ms"":32754,""score"":0.5406805872917175,""source_actor_id"":""WIN_20260726_11_57_04_Pro::s9"",""source_score"":null},{""class_code"":""c3"",""frame_index"":263,""timestamp_ms"":32882,""score"":0.5534645915031433,""source_actor_id"":""WIN_20260726_11_57_04_Pro::s9"",""source_score"":null},{""class_code"":""c3"",""frame_index"":264,""timestamp_ms"":33010,""score"":0.4441756010055542,""source_actor_id"":""WIN_20260726_11_57_04_Pro::s9"",""source_score"":null},{""class_code"":""c3"",""frame_index"":265,""timestamp_ms"":33154,""score"":0.4047420024871826,""source_actor_id"":""WIN_20260726_11_57_04_Pro::s9"",""source_score"":null},{""class_code"":""c3"",""frame_index"":266,""timestamp_ms"":33250,""score"":0.3875831663608551,""source_actor_id"":""WIN_20260726_11_57_04_Pro::s9"",""source_score"":null},{""class_code"":""c3"",""frame_index"":270,""timestamp_ms"":33778,""score"":0.2569192051887512,""source_actor_id"":""WIN_20260726_11_57_04_Pro::s9"",""source_score"":null},{""class_code"":""c3"",""frame_index"":274,""timestamp_ms"":34288,""score"":0.24776709079742432,""source_actor_id"":""WIN_20260726_11_57_04_Pro::s9"",""source_score"":null},{""class_code"":""c3"",""frame_index"":275,""timestamp_ms"":34386,""score"":0.4367644786834717,""source_actor_id"":""WIN_20260726_11_57_04_Pro::s9"",""source_score"":null},{""class_code"":""c3"",""frame_index"":276,""timestamp_ms"":34514,""score"":0.4201142489910126,""source_actor_id"":""WIN_20260726_11_57_04_Pro::s9"",""source_score"":null},{""class_code"":""c3"",""frame_index"":277,""timestamp_ms"":34642,""score"":0.40530461072921753,""source_actor_id"":""WIN_20260726_11_57_04_Pro::s9"",""source_score"":null},{""class_code"":""c3"",""frame_index"":278,""timestamp_ms"":34754,""score"":0.652122437953949,""source_actor_id"":""WIN_20260726_11_57_04_Pro::s9"",""source_score"":null},{""class_code"":""c3"",""frame_index"":279,""timestamp_ms"":34882,""score"":0.7988408207893372,""source_actor_id"":""WIN_20260726_11_57_04_Pro::s9"",""source_score"":null},{""class_code"":""c3"",""frame_index"":280,""timestamp_ms"":35010,""score"":0.8810505867004395,""source_actor_id"":""WIN_20260726_11_57_04_Pro::s9"",""source_score"":null},{""class_code"":""c3"",""frame_index"":281,""timestamp_ms"":35154,""score"":0.962627112865448,""source_actor_id"":""WIN_20260726_11_57_04_Pro::s9"",""source_score"":null},{""class_code"":""c3"",""frame_index"":282,""timestamp_ms"":35250,""score"":0.9645485281944275,""source_actor_id"":""WIN_20260726_11_57_04_Pro::s9"",""source_score"":null},{""class_code"":""c3"",""frame_index"":283,""timestamp_ms"":35378,""score"":0.9628049731254578,""source_actor_id"":""WIN_20260726_11_57_04_Pro::s9"",""source_score"":null},{""class_code"":""c3"",""frame_index"":284,""timestamp_ms"":35522,""score"":0.9658039212226868,""source_actor_id"":""WIN_20260726_11_57_04_Pro::s9"",""source_score"":null},{""class_code"":""c3"",""frame_index"":285,""timestamp_ms"":35650,""score"":0.9628049731254578,""source_actor_id"":""WIN_20260726_11_57_04_Pro::s9"",""source_score"":null},{""class_code"":""c3"",""frame_index"":286,""timestamp_ms"":35778,""score"":0.986721396446228,""source_actor_id"":""WIN_20260726_11_57_04_Pro::s9"",""source_score"":null},{""class_code"":""c3"",""frame_index"":287,""timestamp_ms"":35888,""score"":0.9860900640487671,""source_actor_id"":""WIN_20260726_11_57_04_Pro::s9"",""source_score"":null},{""class_code"":""c3"",""frame_index"":288,""timestamp_ms"":36018,""score"":0.9904879927635193,""source_actor_id"":""WIN_20260726_11_57_04_Pro::s9"",""source_score"":null},{""class_code"":""c3"",""frame_index"":289,""timestamp_ms"":36146,""score"":0.985493004322052,""source_actor_id"":""WIN_20260726_11_57_04_Pro::s9"",""source_score"":null},{""class_code"":""c3"",""frame_index"":290,""timestamp_ms"":36288,""score"":0.9858018755912781,""source_actor_id"":""WIN_20260726_11_57_04_Pro::s9"",""source_score"":null},{""class_code"":""c3"",""frame_index"":291,""timestamp_ms"":36386,""score"":0.9834911227226257,""source_actor_id"":""WIN_20260726_11_57_04_Pro::s9"",""source_score"":null},{""class_code"":""c3"",""frame_index"":292,""timestamp_ms"":36514,""score"":0.9839755296707153,""source_actor_id"":""WIN_20260726_11_57_04_Pro::s9"",""source_score"":null},{""class_code"":""c3"",""frame_index"":293,""timestamp_ms"":36642,""score"":0.9843689203262329,""source_actor_id"":""WIN_20260726_11_57_04_Pro::s9"",""source_score"":null},{""class_code"":""c3"",""frame_index"":294,""timestamp_ms"":36754,""score"":0.9841742515563965,""source_actor_id"":""WIN_20260726_11_57_04_Pro::s9"",""source_score"":null},{""class_code"":""c3"",""frame_index"":295,""timestamp_ms"":36882,""score"":0.9841742515563965,""source_actor_id"":""WIN_20260726_11_57_04_Pro::s9"",""source_score"":null},{""class_code"":""c3"",""frame_index"":296,""timestamp_ms"":37010,""score"":0.9816434979438782,""source_actor_id"":""WIN_20260726_11_57_04_Pro::s9"",""source_score"":null},{""class_code"":""c3"",""frame_index"":297,""timestamp_ms"":37154,""score"":0.9818688035011292,""source_actor_id"":""WIN_20260726_11_57_04_Pro::s9"",""source_score"":null},{""class_code"":""c3"",""frame_index"":298,""timestamp_ms"":37250,""score"":0.9831697940826416,""source_actor_id"":""WIN_20260726_11_57_04_Pro::s9"",""source_score"":null},{""class_code"":""c3"",""frame_index"":299,""timestamp_ms"":37378,""score"":0.9602627754211426,""source_actor_id"":""WIN_20260726_11_57_04_Pro::s9"",""source_score"":null},{""class_code"":""c3"",""frame_index"":300,""timestamp_ms"":37521,""score"":0.7186302542686462,""source_actor_id"":""WIN_20260726_11_57_04_Pro::s9"",""source_score"":null},{""class_code"":""c3"",""frame_index"":301,""timestamp_ms"":37650,""score"":0.7186302542686462,""source_actor_id"":""WIN_20260726_11_57_04_Pro::s9"",""source_score"":null},{""class_code"":""c3"",""frame_index"":309,""timestamp_ms"":38642,""score"":0.9518986940383911,""source_actor_id"":""WIN_20260726_11_57_04_Pro::s9"",""source_score"":null},{""class_code"":""c3"",""frame_index"":310,""timestamp_ms"":38754,""score"":0.5293563604354858,""source_actor_id"":""WIN_20260726_11_57_04_Pro::s9"",""source_score"":null},{""class_code"":""suspicious_activity"",""frame_index"":311,""timestamp_ms"":38882,""score"":0.8159593343734741,""source_actor_id"":""WIN_20260726_11_57_04_Pro::s9"",""source_score"":null},{""class_code"":""suspicious_activity"",""frame_index"":312,""timestamp_ms"":39010,""score"":0.8328720927238464,""source_actor_id"":""WIN_20260726_11_57_04_Pro::s9"",""source_score"":null},{""class_code"":""suspicious_activity"",""frame_index"":313,""timestamp_ms"":39154,""score"":0.9084798693656921,""source_actor_id"":""WIN_20260726_11_57_04_Pro::s9"",""source_score"":null},{""class_code"":""suspicious_activity"",""frame_index"":314,""timestamp_ms"":39250,""score"":0.8411513566970825,""source_actor_id"":""WIN_20260726_11_57_04_Pro::s9"",""source_score"":null},{""class_code"":""suspicious_activity"",""frame_index"":315,""timestamp_ms"":39378,""score"":0.8552650213241577,""source_actor_id"":""WIN_20260726_11_57_04_Pro::s9"",""source_score"":null},{""class_code"":""suspicious_activity"",""frame_index"":316,""timestamp_ms"":39521,""score"":0.8552650213241577,""source_actor_id"":""WIN_20260726_11_57_04_Pro::s9"",""source_score"":null},{""class_code"":""suspicious_activity"",""frame_index"":317,""timestamp_ms"":39650,""score"":0.9398210644721985,""source_actor_id"":""WIN_20260726_11_57_04_Pro::s9"",""source_score"":null},{""class_code"":""suspicious_activity"",""frame_index"":318,""timestamp_ms"":39778,""score"":0.9398210644721985,""source_actor_id"":""WIN_20260726_11_57_04_Pro::s9"",""source_score"":null},{""class_code"":""suspicious_activity"",""frame_index"":319,""timestamp_ms"":39921,""score"":0.9332019090652466,""source_actor_id"":""WIN_20260726_11_57_04_Pro::s9"",""source_score"":null},{""class_code"":""suspicious_activity"",""frame_index"":320,""timestamp_ms"":40018,""score"":0.9315932989120483,""source_actor_id"":""WIN_20260726_11_57_04_Pro::s9"",""source_score"":null},{""class_code"":""suspicious_activity"",""frame_index"":321,""timestamp_ms"":40146,""score"":0.9315932989120483,""source_actor_id"":""WIN_20260726_11_57_04_Pro::s9"",""source_score"":null},{""class_code"":""suspicious_activity"",""frame_index"":322,""timestamp_ms"":40274,""score"":0.9442639946937561,""source_actor_id"":""WIN_20260726_11_57_04_Pro::s9"",""source_score"":null},{""class_code"":""suspicious_activity"",""frame_index"":323,""timestamp_ms"":40386,""score"":0.9442639946937561,""source_actor_id"":""WIN_20260726_11_57_04_Pro::s9"",""source_score"":null},{""class_code"":""suspicious_activity"",""frame_index"":324,""timestamp_ms"":40514,""score"":0.9442639946937561,""source_actor_id"":""WIN_20260726_11_57_04_Pro::s9"",""source_score"":null},{""class_code"":""suspicious_activity"",""frame_index"":325,""timestamp_ms"":40642,""score"":0.9378657341003418,""source_actor_id"":""WIN_20260726_11_57_04_Pro::s9"",""source_score"":null},{""class_code"":""suspicious_activity"",""frame_index"":326,""timestamp_ms"":40754,""score"":0.9378657341003418,""source_actor_id"":""WIN_20260726_11_57_04_Pro::s9"",""source_score"":null},{""class_code"":""suspicious_activity"",""frame_index"":327,""timestamp_ms"":40882,""score"":0.936201810836792,""source_actor_id"":""WIN_20260726_11_57_04_Pro::s9"",""source_score"":null},{""class_code"":""suspicious_activity"",""frame_index"":328,""timestamp_ms"":41010,""score"":0.9345893859863281,""source_actor_id"":""WIN_20260726_11_57_04_Pro::s9"",""source_score"":null},{""class_code"":""suspicious_activity"",""frame_index"":329,""timestamp_ms"":41154,""score"":0.9196605086326599,""source_actor_id"":""WIN_20260726_11_57_04_Pro::s9"",""source_score"":null},{""class_code"":""suspicious_activity"",""frame_index"":330,""timestamp_ms"":41250,""score"":0.8883331418037415,""source_actor_id"":""WIN_20260726_11_57_04_Pro::s9"",""source_score"":null},{""class_code"":""c3"",""frame_index"":337,""timestamp_ms"":42146,""score"":0.5318084955215454,""source_actor_id"":""WIN_20260726_11_57_04_Pro::s9"",""source_score"":null},{""class_code"":""c3"",""frame_index"":338,""timestamp_ms"":42274,""score"":0.9724790453910828,""source_actor_id"":""WIN_20260726_11_57_04_Pro::s9"",""source_score"":null},{""class_code"":""c3"",""frame_index"":339,""timestamp_ms"":42386,""score"":0.9889728426933289,""source_actor_id"":""WIN_20260726_11_57_04_Pro::s9"",""source_score"":null},{""class_code"":""c3"",""frame_index"":340,""timestamp_ms"":42514,""score"":0.9902313351631165,""source_actor_id"":""WIN_20260726_11_57_04_Pro::s9"",""source_score"":null},{""class_code"":""c3"",""frame_index"":341,""timestamp_ms"":42642,""score"":0.9897506833076477,""source_actor_id"":""WIN_20260726_11_57_04_Pro::s9"",""source_score"":null},{""class_code"":""c3"",""frame_index"":342,""timestamp_ms"":42753,""score"":0.9897506833076477,""source_actor_id"":""WIN_20260726_11_57_04_Pro::s9"",""source_score"":null},{""class_code"":""c3"",""frame_index"":343,""timestamp_ms"":42882,""score"":0.9892617464065552,""source_actor_id"":""WIN_20260726_11_57_04_Pro::s9"",""source_score"":null},{""class_code"":""c3"",""frame_index"":344,""timestamp_ms"":43010,""score"":0.9892617464065552,""source_actor_id"":""WIN_20260726_11_57_04_Pro::s9"",""source_score"":null},{""class_code"":""c3"",""frame_index"":345,""timestamp_ms"":43153,""score"":0.9892617464065552,""source_actor_id"":""WIN_20260726_11_57_04_Pro::s9"",""source_score"":null},{""class_code"":""c3"",""frame_index"":346,""timestamp_ms"":43250,""score"":0.9892617464065552,""source_actor_id"":""WIN_20260726_11_57_04_Pro::s9"",""source_score"":null},{""class_code"":""c3"",""frame_index"":347,""timestamp_ms"":43378,""score"":0.9892617464065552,""source_actor_id"":""WIN_20260726_11_57_04_Pro::s9"",""source_score"":null},{""class_code"":""c3"",""frame_index"":348,""timestamp_ms"":43506,""score"":0.9892617464065552,""source_actor_id"":""WIN_20260726_11_57_04_Pro::s9"",""source_score"":null},{""class_code"":""c3"",""frame_index"":349,""timestamp_ms"":43650,""score"":0.9892617464065552,""source_actor_id"":""WIN_20260726_11_57_04_Pro::s9"",""source_score"":null},{""class_code"":""c3"",""frame_index"":350,""timestamp_ms"":43778,""score"":0.9892617464065552,""source_actor_id"":""WIN_20260726_11_57_04_Pro::s9"",""source_score"":null},{""class_code"":""c3"",""frame_index"":351,""timestamp_ms"":43906,""score"":0.9892617464065552,""source_actor_id"":""WIN_20260726_11_57_04_Pro::s9"",""source_score"":null},{""class_code"":""c3"",""frame_index"":352,""timestamp_ms"":44018,""score"":0.9887365698814392,""source_actor_id"":""WIN_20260726_11_57_04_Pro::s9"",""source_score"":null},{""class_code"":""c3"",""frame_index"":353,""timestamp_ms"":44146,""score"":0.9882105588912964,""source_actor_id"":""WIN_20260726_11_57_04_Pro::s9"",""source_score"":null},{""class_code"":""c3"",""frame_index"":354,""timestamp_ms"":44274,""score"":0.9882105588912964,""source_actor_id"":""WIN_20260726_11_57_04_Pro::s9"",""source_score"":null},{""class_code"":""c3"",""frame_index"":355,""timestamp_ms"":44386,""score"":0.9879427552223206,""source_actor_id"":""WIN_20260726_11_57_04_Pro::s9"",""source_score"":null},{""class_code"":""c3"",""frame_index"":356,""timestamp_ms"":44514,""score"":0.9878273606300354,""source_actor_id"":""WIN_20260726_11_57_04_Pro::s9"",""source_score"":null},{""class_code"":""c3"",""frame_index"":357,""timestamp_ms"":44642,""score"":0.9891084432601929,""source_actor_id"":""WIN_20260726_11_57_04_Pro::s9"",""source_score"":null},{""class_code"":""c3"",""frame_index"":358,""timestamp_ms"":44753,""score"":0.9828586578369141,""source_actor_id"":""WIN_20260726_11_57_04_Pro::s9"",""source_score"":null},{""class_code"":""c3"",""frame_index"":359,""timestamp_ms"":44882,""score"":0.9763699173927307,""source_actor_id"":""WIN_20260726_11_57_04_Pro::s9"",""source_score"":null},{""class_code"":""c3"",""frame_index"":360,""timestamp_ms"":45010,""score"":0.9757319092750549,""source_actor_id"":""WIN_20260726_11_57_04_Pro::s9"",""source_score"":null},{""class_code"":""c3"",""frame_index"":361,""timestamp_ms"":45138,""score"":0.9749852418899536,""source_actor_id"":""WIN_20260726_11_57_04_Pro::s9"",""source_score"":null},{""class_code"":""c3"",""frame_index"":362,""timestamp_ms"":45250,""score"":0.9756640195846558,""source_actor_id"":""WIN_20260726_11_57_04_Pro::s9"",""source_score"":null},{""class_code"":""c3"",""frame_index"":363,""timestamp_ms"":45378,""score"":0.9761980175971985,""source_actor_id"":""WIN_20260726_11_57_04_Pro::s9"",""source_score"":null},{""class_code"":""c3"",""frame_index"":364,""timestamp_ms"":45506,""score"":0.9825348258018494,""source_actor_id"":""WIN_20260726_11_57_04_Pro::s9"",""source_score"":null},{""class_code"":""c3"",""frame_index"":365,""timestamp_ms"":45650,""score"":0.9715795516967773,""source_actor_id"":""WIN_20260726_11_57_04_Pro::s9"",""source_score"":null},{""class_code"":""c3"",""frame_index"":366,""timestamp_ms"":45778,""score"":0.9201467633247375,""source_actor_id"":""WIN_20260726_11_57_04_Pro::s9"",""source_score"":null},{""class_code"":""c3"",""frame_index"":367,""timestamp_ms"":45906,""score"":0.8620048761367798,""source_actor_id"":""WIN_20260726_11_57_04_Pro::s9"",""source_score"":null},{""class_code"":""c3"",""frame_index"":368,""timestamp_ms"":46018,""score"":0.5864761471748352,""source_actor_id"":""WIN_20260726_11_57_04_Pro::s9"",""source_score"":null},{""class_code"":""c3"",""frame_index"":369,""timestamp_ms"":46146,""score"":0.5506061911582947,""source_actor_id"":""WIN_20260726_11_57_04_Pro::s9"",""source_score"":null},{""class_code"":""c3"",""frame_index"":370,""timestamp_ms"":46274,""score"":0.29531288146972656,""source_actor_id"":""WIN_20260726_11_57_04_Pro::s9"",""source_score"":null},{""class_code"":""suspicious_activity"",""frame_index"":381,""timestamp_ms"":47650,""score"":0.836835503578186,""source_actor_id"":""WIN_20260726_11_57_04_Pro::s9"",""source_score"":null},{""class_code"":""suspicious_activity"",""frame_index"":382,""timestamp_ms"":47778,""score"":0.8391013741493225,""source_actor_id"":""WIN_20260726_11_57_04_Pro::s9"",""source_score"":null},{""class_code"":""c3"",""frame_index"":382,""timestamp_ms"":47778,""score"":0.3709462285041809,""source_actor_id"":""WIN_20260726_11_57_04_Pro::s9"",""source_score"":null},{""class_code"":""suspicious_activity"",""frame_index"":383,""timestamp_ms"":47906,""score"":0.9136190414428711,""source_actor_id"":""WIN_20260726_11_57_04_Pro::s9"",""source_score"":null},{""class_code"":""c3"",""frame_index"":383,""timestamp_ms"":47906,""score"":0.7659475207328796,""source_actor_id"":""WIN_20260726_11_57_04_Pro::s9"",""source_score"":null},{""class_code"":""suspicious_activity"",""frame_index"":384,""timestamp_ms"":48018,""score"":0.9090757966041565,""source_actor_id"":""WIN_20260726_11_57_04_Pro::s9"",""source_score"":null},{""class_code"":""c3"",""frame_index"":384,""timestamp_ms"":48018,""score"":0.8167839646339417,""source_actor_id"":""WIN_20260726_11_57_04_Pro::s9"",""source_score"":null},{""class_code"":""suspicious_activity"",""frame_index"":385,""timestamp_ms"":48146,""score"":0.7836425304412842,""source_actor_id"":""WIN_20260726_11_57_04_Pro::s9"",""source_score"":null},{""class_code"":""c3"",""frame_index"":385,""timestamp_ms"":48146,""score"":0.9400893449783325,""source_actor_id"":""WIN_20260726_11_57_04_Pro::s9"",""source_score"":null},{""class_code"":""suspicious_activity"",""frame_index"":386,""timestamp_ms"":48274,""score"":0.7836425304412842,""source_actor_id"":""WIN_20260726_11_57_04_Pro::s9"",""source_score"":null},{""class_code"":""c3"",""frame_index"":386,""timestamp_ms"":48274,""score"":0.9423966407775879,""source_actor_id"":""WIN_20260726_11_57_04_Pro::s9"",""source_score"":null},{""class_code"":""suspicious_activity"",""frame_index"":387,""timestamp_ms"":48385,""score"":0.7836425304412842,""source_actor_id"":""WIN_20260726_11_57_04_Pro::s9"",""source_score"":null},{""class_code"":""c3"",""frame_index"":387,""timestamp_ms"":48385,""score"":0.9430758953094482,""source_actor_id"":""WIN_20260726_11_57_04_Pro::s9"",""source_score"":null},{""class_code"":""c3"",""frame_index"":388,""timestamp_ms"":48514,""score"":0.9430758953094482,""source_actor_id"":""WIN_20260726_11_57_04_Pro::s9"",""source_score"":null},{""class_code"":""suspicious_activity"",""frame_index"":389,""timestamp_ms"":48643,""score"":0.8982254266738892,""source_actor_id"":""WIN_20260726_11_57_04_Pro::s9"",""source_score"":null},{""class_code"":""c3"",""frame_index"":389,""timestamp_ms"":48643,""score"":0.964823842048645,""source_actor_id"":""WIN_20260726_11_57_04_Pro::s9"",""source_score"":null},{""class_code"":""suspicious_activity"",""frame_index"":390,""timestamp_ms"":48785,""score"":0.832970142364502,""source_actor_id"":""WIN_20260726_11_57_04_Pro::s9"",""source_score"":null},{""class_code"":""c3"",""frame_index"":390,""timestamp_ms"":48785,""score"":0.9921843409538269,""source_actor_id"":""WIN_20260726_11_57_04_Pro::s9"",""source_score"":null},{""class_code"":""c3"",""frame_index"":391,""timestamp_ms"":48882,""score"":0.9885590076446533,""source_actor_id"":""WIN_20260726_11_57_04_Pro::s9"",""source_score"":null},{""class_code"":""c3"",""frame_index"":392,""timestamp_ms"":49010,""score"":0.9911214113235474,""source_actor_id"":""WIN_20260726_11_57_04_Pro::s9"",""source_score"":null},{""class_code"":""suspicious_activity"",""frame_index"":393,""timestamp_ms"":49138,""score"":0.6928485035896301,""source_actor_id"":""WIN_20260726_11_57_04_Pro::s9"",""source_score"":null},{""class_code"":""c3"",""frame_index"":393,""timestamp_ms"":49138,""score"":0.9915001392364502,""source_actor_id"":""WIN_20260726_11_57_04_Pro::s9"",""source_score"":null},{""class_code"":""suspicious_activity"",""frame_index"":394,""timestamp_ms"":49250,""score"":0.6881830096244812,""source_actor_id"":""WIN_20260726_11_57_04_Pro::s9"",""source_score"":null},{""class_code"":""c3"",""frame_index"":394,""timestamp_ms"":49250,""score"":0.9949994087219238,""source_actor_id"":""WIN_20260726_11_57_04_Pro::s9"",""source_score"":null},{""class_code"":""suspicious_activity"",""frame_index"":395,""timestamp_ms"":49378,""score"":0.7818188071250916,""source_actor_id"":""WIN_20260726_11_57_04_Pro::s9"",""source_score"":null},{""class_code"":""c3"",""frame_index"":395,""timestamp_ms"":49378,""score"":0.9832953810691833,""source_actor_id"":""WIN_20260726_11_57_04_Pro::s9"",""source_score"":null},{""class_code"":""suspicious_activity"",""frame_index"":396,""timestamp_ms"":49506,""score"":0.8746679425239563,""source_actor_id"":""WIN_20260726_11_57_04_Pro::s9"",""source_score"":null},{""class_code"":""c3"",""frame_index"":396,""timestamp_ms"":49506,""score"":0.9643809795379639,""source_actor_id"":""WIN_20260726_11_57_04_Pro::s9"",""source_score"":null},{""class_code"":""suspicious_activity"",""frame_index"":397,""timestamp_ms"":49650,""score"":0.8478584289550781,""source_actor_id"":""WIN_20260726_11_57_04_Pro::s9"",""source_score"":null},{""class_code"":""c3"",""frame_index"":397,""timestamp_ms"":49650,""score"":0.9630600214004517,""source_actor_id"":""WIN_20260726_11_57_04_Pro::s9"",""source_score"":null},{""class_code"":""suspicious_activity"",""frame_index"":398,""timestamp_ms"":49778,""score"":0.8478584289550781,""source_actor_id"":""WIN_20260726_11_57_04_Pro::s9"",""source_score"":null},{""class_code"":""c3"",""frame_index"":398,""timestamp_ms"":49778,""score"":0.9185745120048523,""source_actor_id"":""WIN_20260726_11_57_04_Pro::s9"",""source_score"":null},{""class_code"":""suspicious_activity"",""frame_index"":399,""timestamp_ms"":49906,""score"":0.8478584289550781,""source_actor_id"":""WIN_20260726_11_57_04_Pro::s9"",""source_score"":null},{""class_code"":""c3"",""frame_index"":399,""timestamp_ms"":49906,""score"":0.9237872362136841,""source_actor_id"":""WIN_20260726_11_57_04_Pro::s9"",""source_score"":null},{""class_code"":""suspicious_activity"",""frame_index"":400,""timestamp_ms"":50017,""score"":0.8478584289550781,""source_actor_id"":""WIN_20260726_11_57_04_Pro::s9"",""source_score"":null},{""class_code"":""c3"",""frame_index"":400,""timestamp_ms"":50017,""score"":0.8839849829673767,""source_actor_id"":""WIN_20260726_11_57_04_Pro::s9"",""source_score"":null},{""class_code"":""suspicious_activity"",""frame_index"":401,""timestamp_ms"":50146,""score"":0.8439683318138123,""source_actor_id"":""WIN_20260726_11_57_04_Pro::s9"",""source_score"":null},{""class_code"":""c3"",""frame_index"":401,""timestamp_ms"":50146,""score"":0.9331963062286377,""source_actor_id"":""WIN_20260726_11_57_04_Pro::s9"",""source_score"":null},{""class_code"":""suspicious_activity"",""frame_index"":402,""timestamp_ms"":50274,""score"":0.8500686883926392,""source_actor_id"":""WIN_20260726_11_57_04_Pro::s9"",""source_score"":null},{""class_code"":""c3"",""frame_index"":402,""timestamp_ms"":50274,""score"":0.9354941844940186,""source_actor_id"":""WIN_20260726_11_57_04_Pro::s9"",""source_score"":null},{""class_code"":""suspicious_activity"",""frame_index"":403,""timestamp_ms"":50417,""score"":0.8612784147262573,""source_actor_id"":""WIN_20260726_11_57_04_Pro::s9"",""source_score"":null},{""class_code"":""c3"",""frame_index"":403,""timestamp_ms"":50417,""score"":0.9300453066825867,""source_actor_id"":""WIN_20260726_11_57_04_Pro::s9"",""source_score"":null},{""class_code"":""suspicious_activity"",""frame_index"":404,""timestamp_ms"":50514,""score"":0.8600833415985107,""source_actor_id"":""WIN_20260726_11_57_04_Pro::s9"",""source_score"":null},{""class_code"":""c3"",""frame_index"":404,""timestamp_ms"":50514,""score"":0.8170544505119324,""source_actor_id"":""WIN_20260726_11_57_04_Pro::s9"",""source_score"":null},{""class_code"":""c3"",""frame_index"":405,""timestamp_ms"":50642,""score"":0.6571520566940308,""source_actor_id"":""WIN_20260726_11_57_04_Pro::s9"",""source_score"":null},{""class_code"":""c3"",""frame_index"":406,""timestamp_ms"":50770,""score"":0.7965627312660217,""source_actor_id"":""WIN_20260726_11_57_04_Pro::s9"",""source_score"":null},{""class_code"":""c3"",""frame_index"":407,""timestamp_ms"":50882,""score"":0.641721785068512,""source_actor_id"":""WIN_20260726_11_57_04_Pro::s9"",""source_score"":null},{""class_code"":""c3"",""frame_index"":408,""timestamp_ms"":51010,""score"":0.6281042695045471,""source_actor_id"":""WIN_20260726_11_57_04_Pro::s9"",""source_score"":null},{""class_code"":""c3"",""frame_index"":409,""timestamp_ms"":51138,""score"":0.6281042695045471,""source_actor_id"":""WIN_20260726_11_57_04_Pro::s9"",""source_score"":null},{""class_code"":""c3"",""frame_index"":410,""timestamp_ms"":51250,""score"":0.6224467158317566,""source_actor_id"":""WIN_20260726_11_57_04_Pro::s9"",""source_score"":null},{""class_code"":""c3"",""frame_index"":411,""timestamp_ms"":51378,""score"":0.6183781623840332,""source_actor_id"":""WIN_20260726_11_57_04_Pro::s9"",""source_score"":null},{""class_code"":""c3"",""frame_index"":412,""timestamp_ms"":51506,""score"":0.4459744989871979,""source_actor_id"":""WIN_20260726_11_57_04_Pro::s9"",""source_score"":null},{""class_code"":""c3"",""frame_index"":413,""timestamp_ms"":51650,""score"":0.4459744989871979,""source_actor_id"":""WIN_20260726_11_57_04_Pro::s9"",""source_score"":null},{""class_code"":""c3"",""frame_index"":414,""timestamp_ms"":51778,""score"":0.23530639708042145,""source_actor_id"":""WIN_20260726_11_57_04_Pro::s9"",""source_score"":null},{""class_code"":""c3"",""frame_index"":415,""timestamp_ms"":51906,""score"":0.23802609741687775,""source_actor_id"":""WIN_20260726_11_57_04_Pro::s9"",""source_score"":null},{""class_code"":""c3"",""frame_index"":416,""timestamp_ms"":52017,""score"":0.26619184017181396,""source_actor_id"":""WIN_20260726_11_57_04_Pro::s9"",""source_score"":null},{""class_code"":""c3"",""frame_index"":417,""timestamp_ms"":52146,""score"":0.24427662789821625,""source_actor_id"":""WIN_20260726_11_57_04_Pro::s9"",""source_score"":null},{""class_code"":""c3"",""frame_index"":418,""timestamp_ms"":52274,""score"":0.2706567049026489,""source_actor_id"":""WIN_20260726_11_57_04_Pro::s9"",""source_score"":null},{""class_code"":""c3"",""frame_index"":419,""timestamp_ms"":52417,""score"":0.748774528503418,""source_actor_id"":""WIN_20260726_11_57_04_Pro::s9"",""source_score"":null},{""class_code"":""c3"",""frame_index"":420,""timestamp_ms"":52514,""score"":0.6981925368309021,""source_actor_id"":""WIN_20260726_11_57_04_Pro::s9"",""source_score"":null},{""class_code"":""c3"",""frame_index"":421,""timestamp_ms"":52642,""score"":0.7965247631072998,""source_actor_id"":""WIN_20260726_11_57_04_Pro::s9"",""source_score"":null},{""class_code"":""c3"",""frame_index"":422,""timestamp_ms"":52770,""score"":0.8156880736351013,""source_actor_id"":""WIN_20260726_11_57_04_Pro::s9"",""source_score"":null},{""class_code"":""c3"",""frame_index"":423,""timestamp_ms"":52882,""score"":0.8156880736351013,""source_actor_id"":""WIN_20260726_11_57_04_Pro::s9"",""source_score"":null},{""class_code"":""c3"",""frame_index"":424,""timestamp_ms"":53010,""score"":0.8130007982254028,""source_actor_id"":""WIN_20260726_11_57_04_Pro::s9"",""source_score"":null},{""class_code"":""c3"",""frame_index"":425,""timestamp_ms"":53138,""score"":0.8281766772270203,""source_actor_id"":""WIN_20260726_11_57_04_Pro::s9"",""source_score"":null},{""class_code"":""c3"",""frame_index"":426,""timestamp_ms"":53282,""score"":0.8432621359825134,""source_actor_id"":""WIN_20260726_11_57_04_Pro::s9"",""source_score"":null},{""class_code"":""c3"",""frame_index"":427,""timestamp_ms"":53378,""score"":0.8515743017196655,""source_actor_id"":""WIN_20260726_11_57_04_Pro::s9"",""source_score"":null},{""class_code"":""c3"",""frame_index"":428,""timestamp_ms"":53506,""score"":0.8442531228065491,""source_actor_id"":""WIN_20260726_11_57_04_Pro::s9"",""source_score"":null},{""class_code"":""c3"",""frame_index"":429,""timestamp_ms"":53649,""score"":0.8442531228065491,""source_actor_id"":""WIN_20260726_11_57_04_Pro::s9"",""source_score"":null},{""class_code"":""c3"",""frame_index"":430,""timestamp_ms"":53778,""score"":0.8590152859687805,""source_actor_id"":""WIN_20260726_11_57_04_Pro::s9"",""source_score"":null},{""class_code"":""c3"",""frame_index"":431,""timestamp_ms"":53906,""score"":0.8421010375022888,""source_actor_id"":""WIN_20260726_11_57_04_Pro::s9"",""source_score"":null},{""class_code"":""c3"",""frame_index"":432,""timestamp_ms"":54002,""score"":0.835481584072113,""source_actor_id"":""WIN_20260726_11_57_04_Pro::s9"",""source_score"":null},{""class_code"":""c3"",""frame_index"":433,""timestamp_ms"":54146,""score"":0.7502623796463013,""source_actor_id"":""WIN_20260726_11_57_04_Pro::s9"",""source_score"":null},{""class_code"":""c3"",""frame_index"":434,""timestamp_ms"":54274,""score"":0.8030881285667419,""source_actor_id"":""WIN_20260726_11_57_04_Pro::s9"",""source_score"":null},{""class_code"":""c3"",""frame_index"":435,""timestamp_ms"":54402,""score"":0.8030881285667419,""source_actor_id"":""WIN_20260726_11_57_04_Pro::s9"",""source_score"":null},{""class_code"":""c3"",""frame_index"":436,""timestamp_ms"":54514,""score"":0.9453978538513184,""source_actor_id"":""WIN_20260726_11_57_04_Pro::s9"",""source_score"":null},{""class_code"":""c3"",""frame_index"":437,""timestamp_ms"":54642,""score"":0.9462631940841675,""source_actor_id"":""WIN_20260726_11_57_04_Pro::s9"",""source_score"":null},{""class_code"":""c3"",""frame_index"":438,""timestamp_ms"":54770,""score"":0.8889315724372864,""source_actor_id"":""WIN_20260726_11_57_04_Pro::s9"",""source_score"":null},{""class_code"":""c3"",""frame_index"":439,""timestamp_ms"":54882,""score"":0.8751384615898132,""source_actor_id"":""WIN_20260726_11_57_04_Pro::s9"",""source_score"":null},{""class_code"":""c3"",""frame_index"":440,""timestamp_ms"":55010,""score"":0.27724775671958923,""source_actor_id"":""WIN_20260726_11_57_04_Pro::s9"",""source_score"":null},{""class_code"":""c3"",""frame_index"":441,""timestamp_ms"":55138,""score"":0.27177372574806213,""source_actor_id"":""WIN_20260726_11_57_04_Pro::s9"",""source_score"":null},{""class_code"":""c3"",""frame_index"":442,""timestamp_ms"":55282,""score"":0.2522265613079071,""source_actor_id"":""WIN_20260726_11_57_04_Pro::s9"",""source_score"":null},{""class_code"":""suspicious_activity"",""frame_index"":443,""timestamp_ms"":55378,""score"":0.8515856266021729,""source_actor_id"":""WIN_20260726_11_57_04_Pro::s9"",""source_score"":null},{""class_code"":""suspicious_activity"",""frame_index"":444,""timestamp_ms"":55506,""score"":0.8636659979820251,""source_actor_id"":""WIN_20260726_11_57_04_Pro::s9"",""source_score"":null},{""class_code"":""suspicious_activity"",""frame_index"":445,""timestamp_ms"":55649,""score"":0.8294050693511963,""source_actor_id"":""WIN_20260726_11_57_04_Pro::s9"",""source_score"":null},{""class_code"":""suspicious_activity"",""frame_index"":446,""timestamp_ms"":55778,""score"":0.9028973579406738,""source_actor_id"":""WIN_20260726_11_57_04_Pro::s9"",""source_score"":null},{""class_code"":""suspicious_activity"",""frame_index"":447,""timestamp_ms"":55906,""score"":0.9028973579406738,""source_actor_id"":""WIN_20260726_11_57_04_Pro::s9"",""source_score"":null},{""class_code"":""suspicious_activity"",""frame_index"":448,""timestamp_ms"":56002,""score"":0.9028973579406738,""source_actor_id"":""WIN_20260726_11_57_04_Pro::s9"",""source_score"":null},{""class_code"":""suspicious_activity"",""frame_index"":449,""timestamp_ms"":56146,""score"":0.8991444110870361,""source_actor_id"":""WIN_20260726_11_57_04_Pro::s9"",""source_score"":null},{""class_code"":""c3"",""frame_index"":449,""timestamp_ms"":56146,""score"":0.8416011333465576,""source_actor_id"":""WIN_20260726_11_57_04_Pro::s9"",""source_score"":null},{""class_code"":""suspicious_activity"",""frame_index"":450,""timestamp_ms"":56274,""score"":0.8991444110870361,""source_actor_id"":""WIN_20260726_11_57_04_Pro::s9"",""source_score"":null},{""class_code"":""c3"",""frame_index"":450,""timestamp_ms"":56274,""score"":0.8588296175003052,""source_actor_id"":""WIN_20260726_11_57_04_Pro::s9"",""source_score"":null},{""class_code"":""suspicious_activity"",""frame_index"":451,""timestamp_ms"":56403,""score"":0.8787199854850769,""source_actor_id"":""WIN_20260726_11_57_04_Pro::s9"",""source_score"":null},{""class_code"":""c3"",""frame_index"":451,""timestamp_ms"":56403,""score"":0.8666829466819763,""source_actor_id"":""WIN_20260726_11_57_04_Pro::s9"",""source_score"":null},{""class_code"":""suspicious_activity"",""frame_index"":452,""timestamp_ms"":56514,""score"":0.9018001556396484,""source_actor_id"":""WIN_20260726_11_57_04_Pro::s9"",""source_score"":null},{""class_code"":""c3"",""frame_index"":452,""timestamp_ms"":56514,""score"":0.8708466291427612,""source_actor_id"":""WIN_20260726_11_57_04_Pro::s9"",""source_score"":null},{""class_code"":""suspicious_activity"",""frame_index"":453,""timestamp_ms"":56642,""score"":0.8955444693565369,""source_actor_id"":""WIN_20260726_11_57_04_Pro::s9"",""source_score"":null},{""class_code"":""c3"",""frame_index"":453,""timestamp_ms"":56642,""score"":0.8635140657424927,""source_actor_id"":""WIN_20260726_11_57_04_Pro::s9"",""source_score"":null},{""class_code"":""suspicious_activity"",""frame_index"":454,""timestamp_ms"":56770,""score"":0.8999443650245667,""source_actor_id"":""WIN_20260726_11_57_04_Pro::s9"",""source_score"":null},{""class_code"":""suspicious_activity"",""frame_index"":455,""timestamp_ms"":56882,""score"":0.9023215174674988,""source_actor_id"":""WIN_20260726_11_57_04_Pro::s9"",""source_score"":null},{""class_code"":""suspicious_activity"",""frame_index"":456,""timestamp_ms"":57010,""score"":0.9023215174674988,""source_actor_id"":""WIN_20260726_11_57_04_Pro::s9"",""source_score"":null},{""class_code"":""suspicious_activity"",""frame_index"":457,""timestamp_ms"":57138,""score"":0.886471688747406,""source_actor_id"":""WIN_20260726_11_57_04_Pro::s9"",""source_score"":null},{""class_code"":""suspicious_activity"",""frame_index"":458,""timestamp_ms"":57281,""score"":0.8822281360626221,""source_actor_id"":""WIN_20260726_11_57_04_Pro::s9"",""source_score"":null},{""class_code"":""suspicious_activity"",""frame_index"":459,""timestamp_ms"":57378,""score"":0.8822281360626221,""source_actor_id"":""WIN_20260726_11_57_04_Pro::s9"",""source_score"":null},{""class_code"":""suspicious_activity"",""frame_index"":460,""timestamp_ms"":57506,""score"":0.8822281360626221,""source_actor_id"":""WIN_20260726_11_57_04_Pro::s9"",""source_score"":null},{""class_code"":""c3"",""frame_index"":460,""timestamp_ms"":57506,""score"":0.7712491750717163,""source_actor_id"":""WIN_20260726_11_57_04_Pro::s9"",""source_score"":null},{""class_code"":""suspicious_activity"",""frame_index"":461,""timestamp_ms"":57635,""score"":0.8822281360626221,""source_actor_id"":""WIN_20260726_11_57_04_Pro::s9"",""source_score"":null},{""class_code"":""c3"",""frame_index"":461,""timestamp_ms"":57635,""score"":0.7974714636802673,""source_actor_id"":""WIN_20260726_11_57_04_Pro::s9"",""source_score"":null},{""class_code"":""suspicious_activity"",""frame_index"":462,""timestamp_ms"":57778,""score"":0.8701911568641663,""source_actor_id"":""WIN_20260726_11_57_04_Pro::s9"",""source_score"":null},{""class_code"":""c3"",""frame_index"":462,""timestamp_ms"":57778,""score"":0.8242231011390686,""source_actor_id"":""WIN_20260726_11_57_04_Pro::s9"",""source_score"":null},{""class_code"":""suspicious_activity"",""frame_index"":463,""timestamp_ms"":57906,""score"":0.8288791179656982,""source_actor_id"":""WIN_20260726_11_57_04_Pro::s9"",""source_score"":null},{""class_code"":""c3"",""frame_index"":463,""timestamp_ms"":57906,""score"":0.8982299566268921,""source_actor_id"":""WIN_20260726_11_57_04_Pro::s9"",""source_score"":null},{""class_code"":""suspicious_activity"",""frame_index"":464,""timestamp_ms"":58003,""score"":0.8331848978996277,""source_actor_id"":""WIN_20260726_11_57_04_Pro::s9"",""source_score"":null},{""class_code"":""c3"",""frame_index"":464,""timestamp_ms"":58003,""score"":0.9701334238052368,""source_actor_id"":""WIN_20260726_11_57_04_Pro::s9"",""source_score"":null},{""class_code"":""suspicious_activity"",""frame_index"":465,""timestamp_ms"":58146,""score"":0.8233128786087036,""source_actor_id"":""WIN_20260726_11_57_04_Pro::s9"",""source_score"":null},{""class_code"":""c3"",""frame_index"":465,""timestamp_ms"":58146,""score"":0.9667258858680725,""source_actor_id"":""WIN_20260726_11_57_04_Pro::s9"",""source_score"":null},{""class_code"":""suspicious_activity"",""frame_index"":466,""timestamp_ms"":58275,""score"":0.7836313843727112,""source_actor_id"":""WIN_20260726_11_57_04_Pro::s9"",""source_score"":null},{""class_code"":""c3"",""frame_index"":466,""timestamp_ms"":58275,""score"":0.9667229652404785,""source_actor_id"":""WIN_20260726_11_57_04_Pro::s9"",""source_score"":null},{""class_code"":""suspicious_activity"",""frame_index"":467,""timestamp_ms"":58403,""score"":0.765932559967041,""source_actor_id"":""WIN_20260726_11_57_04_Pro::s9"",""source_score"":null},{""class_code"":""c3"",""frame_index"":467,""timestamp_ms"":58403,""score"":0.9716116189956665,""source_actor_id"":""WIN_20260726_11_57_04_Pro::s9"",""source_score"":null},{""class_code"":""suspicious_activity"",""frame_index"":468,""timestamp_ms"":58514,""score"":0.7594274282455444,""source_actor_id"":""WIN_20260726_11_57_04_Pro::s9"",""source_score"":null},{""class_code"":""c3"",""frame_index"":468,""timestamp_ms"":58514,""score"":0.9722727537155151,""source_actor_id"":""WIN_20260726_11_57_04_Pro::s9"",""source_score"":null},{""class_code"":""suspicious_activity"",""frame_index"":469,""timestamp_ms"":58643,""score"":0.7694007158279419,""source_actor_id"":""WIN_20260726_11_57_04_Pro::s9"",""source_score"":null},{""class_code"":""c3"",""frame_index"":469,""timestamp_ms"":58643,""score"":0.9716688990592957,""source_actor_id"":""WIN_20260726_11_57_04_Pro::s9"",""source_score"":null},{""class_code"":""suspicious_activity"",""frame_index"":470,""timestamp_ms"":58771,""score"":0.8841730952262878,""source_actor_id"":""WIN_20260726_11_57_04_Pro::s9"",""source_score"":null},{""class_code"":""c3"",""frame_index"":470,""timestamp_ms"":58771,""score"":0.9680841565132141,""source_actor_id"":""WIN_20260726_11_57_04_Pro::s9"",""source_score"":null},{""class_code"":""suspicious_activity"",""frame_index"":471,""timestamp_ms"":58881,""score"":0.877860426902771,""source_actor_id"":""WIN_20260726_11_57_04_Pro::s9"",""source_score"":null},{""class_code"":""c3"",""frame_index"":471,""timestamp_ms"":58881,""score"":0.9680841565132141,""source_actor_id"":""WIN_20260726_11_57_04_Pro::s9"",""source_score"":null},{""class_code"":""suspicious_activity"",""frame_index"":472,""timestamp_ms"":59010,""score"":0.8750802874565125,""source_actor_id"":""WIN_20260726_11_57_04_Pro::s9"",""source_score"":null},{""class_code"":""c3"",""frame_index"":472,""timestamp_ms"":59010,""score"":0.9709794521331787,""source_actor_id"":""WIN_20260726_11_57_04_Pro::s9"",""source_score"":null},{""class_code"":""suspicious_activity"",""frame_index"":473,""timestamp_ms"":59138,""score"":0.855671763420105,""source_actor_id"":""WIN_20260726_11_57_04_Pro::s9"",""source_score"":null},{""class_code"":""c3"",""frame_index"":473,""timestamp_ms"":59138,""score"":0.9732118248939514,""source_actor_id"":""WIN_20260726_11_57_04_Pro::s9"",""source_score"":null},{""class_code"":""suspicious_activity"",""frame_index"":474,""timestamp_ms"":59281,""score"":0.8283306360244751,""source_actor_id"":""WIN_20260726_11_57_04_Pro::s9"",""source_score"":null},{""class_code"":""c3"",""frame_index"":474,""timestamp_ms"":59281,""score"":0.9834205508232117,""source_actor_id"":""WIN_20260726_11_57_04_Pro::s9"",""source_score"":null},{""class_code"":""suspicious_activity"",""frame_index"":475,""timestamp_ms"":59378,""score"":0.8437756896018982,""source_actor_id"":""WIN_20260726_11_57_04_Pro::s9"",""source_score"":null},{""class_code"":""c3"",""frame_index"":475,""timestamp_ms"":59378,""score"":0.9429274797439575,""source_actor_id"":""WIN_20260726_11_57_04_Pro::s9"",""source_score"":null},{""class_code"":""suspicious_activity"",""frame_index"":476,""timestamp_ms"":59507,""score"":0.8850559592247009,""source_actor_id"":""WIN_20260726_11_57_04_Pro::s9"",""source_score"":null},{""class_code"":""c3"",""frame_index"":476,""timestamp_ms"":59507,""score"":0.9447728395462036,""source_actor_id"":""WIN_20260726_11_57_04_Pro::s9"",""source_score"":null},{""class_code"":""suspicious_activity"",""frame_index"":477,""timestamp_ms"":59635,""score"":0.8826037049293518,""source_actor_id"":""WIN_20260726_11_57_04_Pro::s9"",""source_score"":null},{""class_code"":""c3"",""frame_index"":477,""timestamp_ms"":59635,""score"":0.9415329098701477,""source_actor_id"":""WIN_20260726_11_57_04_Pro::s9"",""source_score"":null},{""class_code"":""suspicious_activity"",""frame_index"":478,""timestamp_ms"":59778,""score"":0.7888063788414001,""source_actor_id"":""WIN_20260726_11_57_04_Pro::s9"",""source_score"":null},{""class_code"":""c3"",""frame_index"":478,""timestamp_ms"":59778,""score"":0.8098275065422058,""source_actor_id"":""WIN_20260726_11_57_04_Pro::s9"",""source_score"":null},{""class_code"":""suspicious_activity"",""frame_index"":479,""timestamp_ms"":59875,""score"":0.70713210105896,""source_actor_id"":""WIN_20260726_11_57_04_Pro::s9"",""source_score"":null},{""class_code"":""c3"",""frame_index"":479,""timestamp_ms"":59875,""score"":0.2977139949798584,""source_actor_id"":""WIN_20260726_11_57_04_Pro::s9"",""source_score"":null},{""class_code"":""suspicious_activity"",""frame_index"":493,""timestamp_ms"":61635,""score"":0.8920907974243164,""source_actor_id"":""WIN_20260726_11_57_04_Pro::s9"",""source_score"":null}]",49,6129,s9,4,527,True,c3
WIN_20260726_12_00_03_Pro,s10,suspicious_activity,c2,suspicious_activity,s10,313,39153,0.9707403182983398,,"[{""class_code"":""suspicious_activity"",""frame_index"":134,""timestamp_ms"":16768,""score"":0.7731143832206726,""source_actor_id"":""WIN_20260726_12_00_03_Pro::s10"",""source_score"":null},{""class_code"":""suspicious_activity"",""frame_index"":135,""timestamp_ms"":16896,""score"":0.7731143832206726,""source_actor_id"":""WIN_20260726_12_00_03_Pro::s10"",""source_score"":null},{""class_code"":""suspicious_activity"",""frame_index"":136,""timestamp_ms"":17024,""score"":0.7731143832206726,""source_actor_id"":""WIN_20260726_12_00_03_Pro::s10"",""source_score"":null},{""class_code"":""suspicious_activity"",""frame_index"":137,""timestamp_ms"":17136,""score"":0.8251762986183167,""source_actor_id"":""WIN_20260726_12_00_03_Pro::s10"",""source_score"":null},{""class_code"":""suspicious_activity"",""frame_index"":138,""timestamp_ms"":17264,""score"":0.8251762986183167,""source_actor_id"":""WIN_20260726_12_00_03_Pro::s10"",""source_score"":null},{""class_code"":""suspicious_activity"",""frame_index"":139,""timestamp_ms"":17392,""score"":0.8251762986183167,""source_actor_id"":""WIN_20260726_12_00_03_Pro::s10"",""source_score"":null},{""class_code"":""suspicious_activity"",""frame_index"":140,""timestamp_ms"":17504,""score"":0.8251762986183167,""source_actor_id"":""WIN_20260726_12_00_03_Pro::s10"",""source_score"":null},{""class_code"":""suspicious_activity"",""frame_index"":141,""timestamp_ms"":17632,""score"":0.785059928894043,""source_actor_id"":""WIN_20260726_12_00_03_Pro::s10"",""source_score"":null},{""class_code"":""suspicious_activity"",""frame_index"":142,""timestamp_ms"":17760,""score"":0.785059928894043,""source_actor_id"":""WIN_20260726_12_00_03_Pro::s10"",""source_score"":null},{""class_code"":""suspicious_activity"",""frame_index"":143,""timestamp_ms"":17904,""score"":0.7706936597824097,""source_actor_id"":""WIN_20260726_12_00_03_Pro::s10"",""source_score"":null},{""class_code"":""suspicious_activity"",""frame_index"":144,""timestamp_ms"":18000,""score"":0.7706936597824097,""source_actor_id"":""WIN_20260726_12_00_03_Pro::s10"",""source_score"":null},{""class_code"":""suspicious_activity"",""frame_index"":150,""timestamp_ms"":18768,""score"":0.7356386184692383,""source_actor_id"":""WIN_20260726_12_00_03_Pro::s10"",""source_score"":null},{""class_code"":""suspicious_activity"",""frame_index"":151,""timestamp_ms"":18896,""score"":0.7356386184692383,""source_actor_id"":""WIN_20260726_12_00_03_Pro::s10"",""source_score"":null},{""class_code"":""suspicious_activity"",""frame_index"":152,""timestamp_ms"":19024,""score"":0.7581648826599121,""source_actor_id"":""WIN_20260726_12_00_03_Pro::s10"",""source_score"":null},{""class_code"":""suspicious_activity"",""frame_index"":153,""timestamp_ms"":19136,""score"":0.7581648826599121,""source_actor_id"":""WIN_20260726_12_00_03_Pro::s10"",""source_score"":null},{""class_code"":""suspicious_activity"",""frame_index"":154,""timestamp_ms"":19264,""score"":0.7581648826599121,""source_actor_id"":""WIN_20260726_12_00_03_Pro::s10"",""source_score"":null},{""class_code"":""suspicious_activity"",""frame_index"":155,""timestamp_ms"":19392,""score"":0.7581648826599121,""source_actor_id"":""WIN_20260726_12_00_03_Pro::s10"",""source_score"":null},{""class_code"":""suspicious_activity"",""frame_index"":156,""timestamp_ms"":19503,""score"":0.747314989566803,""source_actor_id"":""WIN_20260726_12_00_03_Pro::s10"",""source_score"":null},{""class_code"":""suspicious_activity"",""frame_index"":157,""timestamp_ms"":19632,""score"":0.839388370513916,""source_actor_id"":""WIN_20260726_12_00_03_Pro::s10"",""source_score"":null},{""class_code"":""suspicious_activity"",""frame_index"":158,""timestamp_ms"":19760,""score"":0.8109681010246277,""source_actor_id"":""WIN_20260726_12_00_03_Pro::s10"",""source_score"":null},{""class_code"":""suspicious_activity"",""frame_index"":159,""timestamp_ms"":19903,""score"":0.7933033108711243,""source_actor_id"":""WIN_20260726_12_00_03_Pro::s10"",""source_score"":null},{""class_code"":""suspicious_activity"",""frame_index"":160,""timestamp_ms"":20000,""score"":0.8104977011680603,""source_actor_id"":""WIN_20260726_12_00_03_Pro::s10"",""source_score"":null},{""class_code"":""suspicious_activity"",""frame_index"":217,""timestamp_ms"":27167,""score"":0.9131340384483337,""source_actor_id"":""WIN_20260726_12_00_03_Pro::s10"",""source_score"":null},{""class_code"":""suspicious_activity"",""frame_index"":218,""timestamp_ms"":27264,""score"":0.8966493010520935,""source_actor_id"":""WIN_20260726_12_00_03_Pro::s10"",""source_score"":null},{""class_code"":""suspicious_activity"",""frame_index"":219,""timestamp_ms"":27392,""score"":0.9273086190223694,""source_actor_id"":""WIN_20260726_12_00_03_Pro::s10"",""source_score"":null},{""class_code"":""suspicious_activity"",""frame_index"":220,""timestamp_ms"":27520,""score"":0.9350939393043518,""source_actor_id"":""WIN_20260726_12_00_03_Pro::s10"",""source_score"":null},{""class_code"":""suspicious_activity"",""frame_index"":221,""timestamp_ms"":27632,""score"":0.933423638343811,""source_actor_id"":""WIN_20260726_12_00_03_Pro::s10"",""source_score"":null},{""class_code"":""suspicious_activity"",""frame_index"":222,""timestamp_ms"":27760,""score"":0.9302263259887695,""source_actor_id"":""WIN_20260726_12_00_03_Pro::s10"",""source_score"":null},{""class_code"":""suspicious_activity"",""frame_index"":223,""timestamp_ms"":27888,""score"":0.9302263259887695,""source_actor_id"":""WIN_20260726_12_00_03_Pro::s10"",""source_score"":null},{""class_code"":""suspicious_activity"",""frame_index"":224,""timestamp_ms"":28000,""score"":0.9302263259887695,""source_actor_id"":""WIN_20260726_12_00_03_Pro::s10"",""source_score"":null},{""class_code"":""suspicious_activity"",""frame_index"":225,""timestamp_ms"":28128,""score"":0.9273647665977478,""source_actor_id"":""WIN_20260726_12_00_03_Pro::s10"",""source_score"":null},{""class_code"":""suspicious_activity"",""frame_index"":226,""timestamp_ms"":28256,""score"":0.9225481748580933,""source_actor_id"":""WIN_20260726_12_00_03_Pro::s10"",""source_score"":null},{""class_code"":""suspicious_activity"",""frame_index"":227,""timestamp_ms"":28400,""score"":0.9225481748580933,""source_actor_id"":""WIN_20260726_12_00_03_Pro::s10"",""source_score"":null},{""class_code"":""suspicious_activity"",""frame_index"":228,""timestamp_ms"":28528,""score"":0.9225481748580933,""source_actor_id"":""WIN_20260726_12_00_03_Pro::s10"",""source_score"":null},{""class_code"":""suspicious_activity"",""frame_index"":229,""timestamp_ms"":28656,""score"":0.9210303425788879,""source_actor_id"":""WIN_20260726_12_00_03_Pro::s10"",""source_score"":null},{""class_code"":""suspicious_activity"",""frame_index"":230,""timestamp_ms"":28767,""score"":0.9368541240692139,""source_actor_id"":""WIN_20260726_12_00_03_Pro::s10"",""source_score"":null},{""class_code"":""suspicious_activity"",""frame_index"":231,""timestamp_ms"":28896,""score"":0.9368541240692139,""source_actor_id"":""WIN_20260726_12_00_03_Pro::s10"",""source_score"":null},{""class_code"":""suspicious_activity"",""frame_index"":232,""timestamp_ms"":29024,""score"":0.9353408217430115,""source_actor_id"":""WIN_20260726_12_00_03_Pro::s10"",""source_score"":null},{""class_code"":""suspicious_activity"",""frame_index"":233,""timestamp_ms"":29167,""score"":0.9235885739326477,""source_actor_id"":""WIN_20260726_12_00_03_Pro::s10"",""source_score"":null},{""class_code"":""suspicious_activity"",""frame_index"":234,""timestamp_ms"":29264,""score"":0.9147986173629761,""source_actor_id"":""WIN_20260726_12_00_03_Pro::s10"",""source_score"":null},{""class_code"":""suspicious_activity"",""frame_index"":235,""timestamp_ms"":29392,""score"":0.9314011931419373,""source_actor_id"":""WIN_20260726_12_00_03_Pro::s10"",""source_score"":null},{""class_code"":""suspicious_activity"",""frame_index"":236,""timestamp_ms"":29520,""score"":0.9314011931419373,""source_actor_id"":""WIN_20260726_12_00_03_Pro::s10"",""source_score"":null},{""class_code"":""suspicious_activity"",""frame_index"":237,""timestamp_ms"":29632,""score"":0.9344778060913086,""source_actor_id"":""WIN_20260726_12_00_03_Pro::s10"",""source_score"":null},{""class_code"":""suspicious_activity"",""frame_index"":238,""timestamp_ms"":29760,""score"":0.9344778060913086,""source_actor_id"":""WIN_20260726_12_00_03_Pro::s10"",""source_score"":null},{""class_code"":""suspicious_activity"",""frame_index"":239,""timestamp_ms"":29888,""score"":0.9349766969680786,""source_actor_id"":""WIN_20260726_12_00_03_Pro::s10"",""source_score"":null},{""class_code"":""suspicious_activity"",""frame_index"":240,""timestamp_ms"":30000,""score"":0.9349766969680786,""source_actor_id"":""WIN_20260726_12_00_03_Pro::s10"",""source_score"":null},{""class_code"":""suspicious_activity"",""frame_index"":241,""timestamp_ms"":30128,""score"":0.9349766969680786,""source_actor_id"":""WIN_20260726_12_00_03_Pro::s10"",""source_score"":null},{""class_code"":""suspicious_activity"",""frame_index"":242,""timestamp_ms"":30256,""score"":0.9420326948165894,""source_actor_id"":""WIN_20260726_12_00_03_Pro::s10"",""source_score"":null},{""class_code"":""suspicious_activity"",""frame_index"":243,""timestamp_ms"":30400,""score"":0.9389238953590393,""source_actor_id"":""WIN_20260726_12_00_03_Pro::s10"",""source_score"":null},{""class_code"":""c3"",""frame_index"":272,""timestamp_ms"":34032,""score"":0.44338077306747437,""source_actor_id"":""WIN_20260726_12_00_03_Pro::s10"",""source_score"":null},{""class_code"":""c3"",""frame_index"":273,""timestamp_ms"":34128,""score"":0.5840469002723694,""source_actor_id"":""WIN_20260726_12_00_03_Pro::s10"",""source_score"":null},{""class_code"":""suspicious_activity"",""frame_index"":275,""timestamp_ms"":34399,""score"":0.7644410729408264,""source_actor_id"":""WIN_20260726_12_00_03_Pro::s10"",""source_score"":null},{""class_code"":""c3"",""frame_index"":275,""timestamp_ms"":34399,""score"":0.5488088726997375,""source_actor_id"":""WIN_20260726_12_00_03_Pro::s10"",""source_score"":null},{""class_code"":""suspicious_activity"",""frame_index"":276,""timestamp_ms"":34528,""score"":0.7647860050201416,""source_actor_id"":""WIN_20260726_12_00_03_Pro::s10"",""source_score"":null},{""class_code"":""c3"",""frame_index"":276,""timestamp_ms"":34528,""score"":0.8337277770042419,""source_actor_id"":""WIN_20260726_12_00_03_Pro::s10"",""source_score"":null},{""class_code"":""suspicious_activity"",""frame_index"":277,""timestamp_ms"":34656,""score"":0.8638032078742981,""source_actor_id"":""WIN_20260726_12_00_03_Pro::s10"",""source_score"":null},{""class_code"":""suspicious_activity"",""frame_index"":278,""timestamp_ms"":34752,""score"":0.9040538668632507,""source_actor_id"":""WIN_20260726_12_00_03_Pro::s10"",""source_score"":null},{""class_code"":""suspicious_activity"",""frame_index"":279,""timestamp_ms"":34896,""score"":0.9139904379844666,""source_actor_id"":""WIN_20260726_12_00_03_Pro::s10"",""source_score"":null},{""class_code"":""suspicious_activity"",""frame_index"":280,""timestamp_ms"":35024,""score"":0.8987441062927246,""source_actor_id"":""WIN_20260726_12_00_03_Pro::s10"",""source_score"":null},{""class_code"":""suspicious_activity"",""frame_index"":281,""timestamp_ms"":35152,""score"":0.9076680541038513,""source_actor_id"":""WIN_20260726_12_00_03_Pro::s10"",""source_score"":null},{""class_code"":""suspicious_activity"",""frame_index"":282,""timestamp_ms"":35264,""score"":0.9076680541038513,""source_actor_id"":""WIN_20260726_12_00_03_Pro::s10"",""source_score"":null},{""class_code"":""suspicious_activity"",""frame_index"":283,""timestamp_ms"":35392,""score"":0.9031609892845154,""source_actor_id"":""WIN_20260726_12_00_03_Pro::s10"",""source_score"":null},{""class_code"":""suspicious_activity"",""frame_index"":284,""timestamp_ms"":35520,""score"":0.9012518525123596,""source_actor_id"":""WIN_20260726_12_00_03_Pro::s10"",""source_score"":null},{""class_code"":""suspicious_activity"",""frame_index"":285,""timestamp_ms"":35631,""score"":0.7900820970535278,""source_actor_id"":""WIN_20260726_12_00_03_Pro::s10"",""source_score"":null},{""class_code"":""suspicious_activity"",""frame_index"":286,""timestamp_ms"":35760,""score"":0.7900820970535278,""source_actor_id"":""WIN_20260726_12_00_03_Pro::s10"",""source_score"":null},{""class_code"":""suspicious_activity"",""frame_index"":287,""timestamp_ms"":35888,""score"":0.8101358413696289,""source_actor_id"":""WIN_20260726_12_00_03_Pro::s10"",""source_score"":null},{""class_code"":""suspicious_activity"",""frame_index"":288,""timestamp_ms"":36031,""score"":0.8101358413696289,""source_actor_id"":""WIN_20260726_12_00_03_Pro::s10"",""source_score"":null},{""class_code"":""suspicious_activity"",""frame_index"":289,""timestamp_ms"":36128,""score"":0.8372626900672913,""source_actor_id"":""WIN_20260726_12_00_03_Pro::s10"",""source_score"":null},{""class_code"":""suspicious_activity"",""frame_index"":290,""timestamp_ms"":36256,""score"":0.8471757173538208,""source_actor_id"":""WIN_20260726_12_00_03_Pro::s10"",""source_score"":null},{""class_code"":""suspicious_activity"",""frame_index"":291,""timestamp_ms"":36385,""score"":0.8532612919807434,""source_actor_id"":""WIN_20260726_12_00_03_Pro::s10"",""source_score"":null},{""class_code"":""suspicious_activity"",""frame_index"":292,""timestamp_ms"":36528,""score"":0.8499563932418823,""source_actor_id"":""WIN_20260726_12_00_03_Pro::s10"",""source_score"":null},{""class_code"":""suspicious_activity"",""frame_index"":293,""timestamp_ms"":36625,""score"":0.8499563932418823,""source_actor_id"":""WIN_20260726_12_00_03_Pro::s10"",""source_score"":null},{""class_code"":""suspicious_activity"",""frame_index"":294,""timestamp_ms"":36753,""score"":0.8441035151481628,""source_actor_id"":""WIN_20260726_12_00_03_Pro::s10"",""source_score"":null},{""class_code"":""suspicious_activity"",""frame_index"":295,""timestamp_ms"":36896,""score"":0.8389703631401062,""source_actor_id"":""WIN_20260726_12_00_03_Pro::s10"",""source_score"":null},{""class_code"":""suspicious_activity"",""frame_index"":296,""timestamp_ms"":37024,""score"":0.8293705582618713,""source_actor_id"":""WIN_20260726_12_00_03_Pro::s10"",""source_score"":null},{""class_code"":""suspicious_activity"",""frame_index"":297,""timestamp_ms"":37153,""score"":0.8293705582618713,""source_actor_id"":""WIN_20260726_12_00_03_Pro::s10"",""source_score"":null},{""class_code"":""suspicious_activity"",""frame_index"":298,""timestamp_ms"":37264,""score"":0.8293705582618713,""source_actor_id"":""WIN_20260726_12_00_03_Pro::s10"",""source_score"":null},{""class_code"":""suspicious_activity"",""frame_index"":299,""timestamp_ms"":37392,""score"":0.8213717937469482,""source_actor_id"":""WIN_20260726_12_00_03_Pro::s10"",""source_score"":null},{""class_code"":""suspicious_activity"",""frame_index"":312,""timestamp_ms"":39025,""score"":0.9695369005203247,""source_actor_id"":""WIN_20260726_12_00_03_Pro::s10"",""source_score"":null},{""class_code"":""suspicious_activity"",""frame_index"":313,""timestamp_ms"":39153,""score"":0.9707403182983398,""source_actor_id"":""WIN_20260726_12_00_03_Pro::s10"",""source_score"":null},{""class_code"":""suspicious_activity"",""frame_index"":314,""timestamp_ms"":39263,""score"":0.9693830013275146,""source_actor_id"":""WIN_20260726_12_00_03_Pro::s10"",""source_score"":null},{""class_code"":""suspicious_activity"",""frame_index"":315,""timestamp_ms"":39393,""score"":0.9693830013275146,""source_actor_id"":""WIN_20260726_12_00_03_Pro::s10"",""source_score"":null},{""class_code"":""suspicious_activity"",""frame_index"":316,""timestamp_ms"":39521,""score"":0.9693830013275146,""source_actor_id"":""WIN_20260726_12_00_03_Pro::s10"",""source_score"":null},{""class_code"":""suspicious_activity"",""frame_index"":317,""timestamp_ms"":39663,""score"":0.9693830013275146,""source_actor_id"":""WIN_20260726_12_00_03_Pro::s10"",""source_score"":null},{""class_code"":""suspicious_activity"",""frame_index"":318,""timestamp_ms"":39760,""score"":0.966448962688446,""source_actor_id"":""WIN_20260726_12_00_03_Pro::s10"",""source_score"":null},{""class_code"":""suspicious_activity"",""frame_index"":319,""timestamp_ms"":39889,""score"":0.9692413806915283,""source_actor_id"":""WIN_20260726_12_00_03_Pro::s10"",""source_score"":null},{""class_code"":""suspicious_activity"",""frame_index"":320,""timestamp_ms"":40017,""score"":0.9692413806915283,""source_actor_id"":""WIN_20260726_12_00_03_Pro::s10"",""source_score"":null},{""class_code"":""suspicious_activity"",""frame_index"":321,""timestamp_ms"":40128,""score"":0.9692413806915283,""source_actor_id"":""WIN_20260726_12_00_03_Pro::s10"",""source_score"":null},{""class_code"":""suspicious_activity"",""frame_index"":322,""timestamp_ms"":40257,""score"":0.9617998003959656,""source_actor_id"":""WIN_20260726_12_00_03_Pro::s10"",""source_score"":null},{""class_code"":""suspicious_activity"",""frame_index"":323,""timestamp_ms"":40385,""score"":0.922823965549469,""source_actor_id"":""WIN_20260726_12_00_03_Pro::s10"",""source_score"":null},{""class_code"":""suspicious_activity"",""frame_index"":324,""timestamp_ms"":40528,""score"":0.9189168214797974,""source_actor_id"":""WIN_20260726_12_00_03_Pro::s10"",""source_score"":null},{""class_code"":""suspicious_activity"",""frame_index"":325,""timestamp_ms"":40625,""score"":0.9152835011482239,""source_actor_id"":""WIN_20260726_12_00_03_Pro::s10"",""source_score"":null},{""class_code"":""suspicious_activity"",""frame_index"":326,""timestamp_ms"":40753,""score"":0.9152835011482239,""source_actor_id"":""WIN_20260726_12_00_03_Pro::s10"",""source_score"":null},{""class_code"":""suspicious_activity"",""frame_index"":327,""timestamp_ms"":40896,""score"":0.8903331160545349,""source_actor_id"":""WIN_20260726_12_00_03_Pro::s10"",""source_score"":null},{""class_code"":""suspicious_activity"",""frame_index"":328,""timestamp_ms"":41025,""score"":0.9068293571472168,""source_actor_id"":""WIN_20260726_12_00_03_Pro::s10"",""source_score"":null},{""class_code"":""suspicious_activity"",""frame_index"":329,""timestamp_ms"":41153,""score"":0.8924761414527893,""source_actor_id"":""WIN_20260726_12_00_03_Pro::s10"",""source_score"":null},{""class_code"":""suspicious_activity"",""frame_index"":330,""timestamp_ms"":41263,""score"":0.8429403901100159,""source_actor_id"":""WIN_20260726_12_00_03_Pro::s10"",""source_score"":null},{""class_code"":""suspicious_activity"",""frame_index"":331,""timestamp_ms"":41393,""score"":0.866568386554718,""source_actor_id"":""WIN_20260726_12_00_03_Pro::s10"",""source_score"":null},{""class_code"":""suspicious_activity"",""frame_index"":332,""timestamp_ms"":41521,""score"":0.8726482391357422,""source_actor_id"":""WIN_20260726_12_00_03_Pro::s10"",""source_score"":null},{""class_code"":""suspicious_activity"",""frame_index"":333,""timestamp_ms"":41663,""score"":0.8671275973320007,""source_actor_id"":""WIN_20260726_12_00_03_Pro::s10"",""source_score"":null},{""class_code"":""suspicious_activity"",""frame_index"":334,""timestamp_ms"":41761,""score"":0.8702369332313538,""source_actor_id"":""WIN_20260726_12_00_03_Pro::s10"",""source_score"":null},{""class_code"":""suspicious_activity"",""frame_index"":335,""timestamp_ms"":41889,""score"":0.8831241130828857,""source_actor_id"":""WIN_20260726_12_00_03_Pro::s10"",""source_score"":null},{""class_code"":""suspicious_activity"",""frame_index"":336,""timestamp_ms"":42017,""score"":0.8267098069190979,""source_actor_id"":""WIN_20260726_12_00_03_Pro::s10"",""source_score"":null},{""class_code"":""suspicious_activity"",""frame_index"":337,""timestamp_ms"":42129,""score"":0.8750744462013245,""source_actor_id"":""WIN_20260726_12_00_03_Pro::s10"",""source_score"":null},{""class_code"":""c3"",""frame_index"":425,""timestamp_ms"":53153,""score"":0.8656235337257385,""source_actor_id"":""WIN_20260726_12_00_03_Pro::s10"",""source_score"":null},{""class_code"":""c3"",""frame_index"":426,""timestamp_ms"":53281,""score"":0.9496631026268005,""source_actor_id"":""WIN_20260726_12_00_03_Pro::s10"",""source_score"":null},{""class_code"":""c2"",""frame_index"":542,""timestamp_ms"":67777,""score"":0.6631948947906494,""source_actor_id"":""WIN_20260726_12_00_03_Pro::s10"",""source_score"":0.6631948947906494}]",134,16768,s10,4,539,True,suspicious_activity
WIN_20260726_12_00_03_Pro,s9,suspicious_activity,c2,suspicious_activity,s9,410,51281,0.9812480211257935,,"[{""class_code"":""suspicious_activity"",""frame_index"":14,""timestamp_ms"":1775,""score"":0.8791025280952454,""source_actor_id"":""WIN_20260726_12_00_03_Pro::s9"",""source_score"":null},{""class_code"":""suspicious_activity"",""frame_index"":15,""timestamp_ms"":1903,""score"":0.8803027868270874,""source_actor_id"":""WIN_20260726_12_00_03_Pro::s9"",""source_score"":null},{""class_code"":""suspicious_activity"",""frame_index"":16,""timestamp_ms"":2000,""score"":0.8911779522895813,""source_actor_id"":""WIN_20260726_12_00_03_Pro::s9"",""source_score"":null},{""class_code"":""suspicious_activity"",""frame_index"":17,""timestamp_ms"":2142,""score"":0.8911779522895813,""source_actor_id"":""WIN_20260726_12_00_03_Pro::s9"",""source_score"":null},{""class_code"":""suspicious_activity"",""frame_index"":18,""timestamp_ms"":2271,""score"":0.9028489589691162,""source_actor_id"":""WIN_20260726_12_00_03_Pro::s9"",""source_score"":null},{""class_code"":""suspicious_activity"",""frame_index"":19,""timestamp_ms"":2400,""score"":0.908291220664978,""source_actor_id"":""WIN_20260726_12_00_03_Pro::s9"",""source_score"":null},{""class_code"":""suspicious_activity"",""frame_index"":20,""timestamp_ms"":2542,""score"":0.908291220664978,""source_actor_id"":""WIN_20260726_12_00_03_Pro::s9"",""source_score"":null},{""class_code"":""suspicious_activity"",""frame_index"":21,""timestamp_ms"":2639,""score"":0.908291220664978,""source_actor_id"":""WIN_20260726_12_00_03_Pro::s9"",""source_score"":null},{""class_code"":""suspicious_activity"",""frame_index"":22,""timestamp_ms"":2768,""score"":0.905933678150177,""source_actor_id"":""WIN_20260726_12_00_03_Pro::s9"",""source_score"":null},{""class_code"":""suspicious_activity"",""frame_index"":23,""timestamp_ms"":2896,""score"":0.905933678150177,""source_actor_id"":""WIN_20260726_12_00_03_Pro::s9"",""source_score"":null},{""class_code"":""suspicious_activity"",""frame_index"":24,""timestamp_ms"":3007,""score"":0.905933678150177,""source_actor_id"":""WIN_20260726_12_00_03_Pro::s9"",""source_score"":null},{""class_code"":""suspicious_activity"",""frame_index"":25,""timestamp_ms"":3136,""score"":0.905933678150177,""source_actor_id"":""WIN_20260726_12_00_03_Pro::s9"",""source_score"":null},{""class_code"":""suspicious_activity"",""frame_index"":26,""timestamp_ms"":3264,""score"":0.905933678150177,""source_actor_id"":""WIN_20260726_12_00_03_Pro::s9"",""source_score"":null},{""class_code"":""suspicious_activity"",""frame_index"":27,""timestamp_ms"":3375,""score"":0.9034591913223267,""source_actor_id"":""WIN_20260726_12_00_03_Pro::s9"",""source_score"":null},{""class_code"":""suspicious_activity"",""frame_index"":28,""timestamp_ms"":3503,""score"":0.8955658078193665,""source_actor_id"":""WIN_20260726_12_00_03_Pro::s9"",""source_score"":null},{""class_code"":""suspicious_activity"",""frame_index"":29,""timestamp_ms"":3632,""score"":0.9025387763977051,""source_actor_id"":""WIN_20260726_12_00_03_Pro::s9"",""source_score"":null},{""class_code"":""suspicious_activity"",""frame_index"":30,""timestamp_ms"":3774,""score"":0.9213923215866089,""source_actor_id"":""WIN_20260726_12_00_03_Pro::s9"",""source_score"":null},{""class_code"":""suspicious_activity"",""frame_index"":31,""timestamp_ms"":3904,""score"":0.9213923215866089,""source_actor_id"":""WIN_20260726_12_00_03_Pro::s9"",""source_score"":null},{""class_code"":""suspicious_activity"",""frame_index"":32,""timestamp_ms"":4000,""score"":0.9418240189552307,""source_actor_id"":""WIN_20260726_12_00_03_Pro::s9"",""source_score"":null},{""class_code"":""suspicious_activity"",""frame_index"":33,""timestamp_ms"":4128,""score"":0.9521414637565613,""source_actor_id"":""WIN_20260726_12_00_03_Pro::s9"",""source_score"":null},{""class_code"":""suspicious_activity"",""frame_index"":34,""timestamp_ms"":4272,""score"":0.9770333170890808,""source_actor_id"":""WIN_20260726_12_00_03_Pro::s9"",""source_score"":null},{""class_code"":""suspicious_activity"",""frame_index"":35,""timestamp_ms"":4400,""score"":0.9739766716957092,""source_actor_id"":""WIN_20260726_12_00_03_Pro::s9"",""source_score"":null},{""class_code"":""suspicious_activity"",""frame_index"":36,""timestamp_ms"":4528,""score"":0.974843442440033,""source_actor_id"":""WIN_20260726_12_00_03_Pro::s9"",""source_score"":null},{""class_code"":""suspicious_activity"",""frame_index"":37,""timestamp_ms"":4640,""score"":0.9731591939926147,""source_actor_id"":""WIN_20260726_12_00_03_Pro::s9"",""source_score"":null},{""class_code"":""suspicious_activity"",""frame_index"":38,""timestamp_ms"":4768,""score"":0.9481129050254822,""source_actor_id"":""WIN_20260726_12_00_03_Pro::s9"",""source_score"":null},{""class_code"":""suspicious_activity"",""frame_index"":39,""timestamp_ms"":4896,""score"":0.9570995569229126,""source_actor_id"":""WIN_20260726_12_00_03_Pro::s9"",""source_score"":null},{""class_code"":""suspicious_activity"",""frame_index"":40,""timestamp_ms"":5008,""score"":0.9552122354507446,""source_actor_id"":""WIN_20260726_12_00_03_Pro::s9"",""source_score"":null},{""class_code"":""suspicious_activity"",""frame_index"":41,""timestamp_ms"":5136,""score"":0.9521386623382568,""source_actor_id"":""WIN_20260726_12_00_03_Pro::s9"",""source_score"":null},{""class_code"":""suspicious_activity"",""frame_index"":42,""timestamp_ms"":5264,""score"":0.9074176549911499,""source_actor_id"":""WIN_20260726_12_00_03_Pro::s9"",""source_score"":null},{""class_code"":""suspicious_activity"",""frame_index"":43,""timestamp_ms"":5408,""score"":0.8988806009292603,""source_actor_id"":""WIN_20260726_12_00_03_Pro::s9"",""source_score"":null},{""class_code"":""suspicious_activity"",""frame_index"":44,""timestamp_ms"":5504,""score"":0.9287746548652649,""source_actor_id"":""WIN_20260726_12_00_03_Pro::s9"",""source_score"":null},{""class_code"":""suspicious_activity"",""frame_index"":45,""timestamp_ms"":5632,""score"":0.9576827883720398,""source_actor_id"":""WIN_20260726_12_00_03_Pro::s9"",""source_score"":null},{""class_code"":""suspicious_activity"",""frame_index"":46,""timestamp_ms"":5774,""score"":0.938685417175293,""source_actor_id"":""WIN_20260726_12_00_03_Pro::s9"",""source_score"":null},{""class_code"":""suspicious_activity"",""frame_index"":47,""timestamp_ms"":5904,""score"":0.943488597869873,""source_actor_id"":""WIN_20260726_12_00_03_Pro::s9"",""source_score"":null},{""class_code"":""suspicious_activity"",""frame_index"":48,""timestamp_ms"":6000,""score"":0.9442234635353088,""source_actor_id"":""WIN_20260726_12_00_03_Pro::s9"",""source_score"":null},{""class_code"":""suspicious_activity"",""frame_index"":49,""timestamp_ms"":6128,""score"":0.9442234635353088,""source_actor_id"":""WIN_20260726_12_00_03_Pro::s9"",""source_score"":null},{""class_code"":""suspicious_activity"",""frame_index"":50,""timestamp_ms"":6272,""score"":0.9456790089607239,""source_actor_id"":""WIN_20260726_12_00_03_Pro::s9"",""source_score"":null},{""class_code"":""suspicious_activity"",""frame_index"":51,""timestamp_ms"":6400,""score"":0.9663510918617249,""source_actor_id"":""WIN_20260726_12_00_03_Pro::s9"",""source_score"":null},{""class_code"":""suspicious_activity"",""frame_index"":52,""timestamp_ms"":6528,""score"":0.9393542408943176,""source_actor_id"":""WIN_20260726_12_00_03_Pro::s9"",""source_score"":null},{""class_code"":""suspicious_activity"",""frame_index"":53,""timestamp_ms"":6640,""score"":0.9393542408943176,""source_actor_id"":""WIN_20260726_12_00_03_Pro::s9"",""source_score"":null},{""class_code"":""suspicious_activity"",""frame_index"":54,""timestamp_ms"":6768,""score"":0.9393542408943176,""source_actor_id"":""WIN_20260726_12_00_03_Pro::s9"",""source_score"":null},{""class_code"":""suspicious_activity"",""frame_index"":55,""timestamp_ms"":6896,""score"":0.9440882205963135,""source_actor_id"":""WIN_20260726_12_00_03_Pro::s9"",""source_score"":null},{""class_code"":""suspicious_activity"",""frame_index"":56,""timestamp_ms"":7008,""score"":0.9440882205963135,""source_actor_id"":""WIN_20260726_12_00_03_Pro::s9"",""source_score"":null},{""class_code"":""suspicious_activity"",""frame_index"":57,""timestamp_ms"":7136,""score"":0.9440882205963135,""source_actor_id"":""WIN_20260726_12_00_03_Pro::s9"",""source_score"":null},{""class_code"":""suspicious_activity"",""frame_index"":58,""timestamp_ms"":7264,""score"":0.959777295589447,""source_actor_id"":""WIN_20260726_12_00_03_Pro::s9"",""source_score"":null},{""class_code"":""suspicious_activity"",""frame_index"":59,""timestamp_ms"":7406,""score"":0.9470039010047913,""source_actor_id"":""WIN_20260726_12_00_03_Pro::s9"",""source_score"":null},{""class_code"":""suspicious_activity"",""frame_index"":60,""timestamp_ms"":7504,""score"":0.9462765455245972,""source_actor_id"":""WIN_20260726_12_00_03_Pro::s9"",""source_score"":null},{""class_code"":""suspicious_activity"",""frame_index"":61,""timestamp_ms"":7632,""score"":0.9462765455245972,""source_actor_id"":""WIN_20260726_12_00_03_Pro::s9"",""source_score"":null},{""class_code"":""suspicious_activity"",""frame_index"":62,""timestamp_ms"":7760,""score"":0.9462765455245972,""source_actor_id"":""WIN_20260726_12_00_03_Pro::s9"",""source_score"":null},{""class_code"":""suspicious_activity"",""frame_index"":63,""timestamp_ms"":7904,""score"":0.9462765455245972,""source_actor_id"":""WIN_20260726_12_00_03_Pro::s9"",""source_score"":null},{""class_code"":""suspicious_activity"",""frame_index"":64,""timestamp_ms"":8000,""score"":0.9303719997406006,""source_actor_id"":""WIN_20260726_12_00_03_Pro::s9"",""source_score"":null},{""class_code"":""suspicious_activity"",""frame_index"":65,""timestamp_ms"":8128,""score"":0.9434520602226257,""source_actor_id"":""WIN_20260726_12_00_03_Pro::s9"",""source_score"":null},{""class_code"":""suspicious_activity"",""frame_index"":66,""timestamp_ms"":8272,""score"":0.9434520602226257,""source_actor_id"":""WIN_20260726_12_00_03_Pro::s9"",""source_score"":null},{""class_code"":""suspicious_activity"",""frame_index"":67,""timestamp_ms"":8400,""score"":0.9245670437812805,""source_actor_id"":""WIN_20260726_12_00_03_Pro::s9"",""source_score"":null},{""class_code"":""suspicious_activity"",""frame_index"":68,""timestamp_ms"":8528,""score"":0.9245670437812805,""source_actor_id"":""WIN_20260726_12_00_03_Pro::s9"",""source_score"":null},{""class_code"":""suspicious_activity"",""frame_index"":69,""timestamp_ms"":8640,""score"":0.9222109913825989,""source_actor_id"":""WIN_20260726_12_00_03_Pro::s9"",""source_score"":null},{""class_code"":""suspicious_activity"",""frame_index"":70,""timestamp_ms"":8768,""score"":0.9149740934371948,""source_actor_id"":""WIN_20260726_12_00_03_Pro::s9"",""source_score"":null},{""class_code"":""suspicious_activity"",""frame_index"":71,""timestamp_ms"":8896,""score"":0.9193671345710754,""source_actor_id"":""WIN_20260726_12_00_03_Pro::s9"",""source_score"":null},{""class_code"":""suspicious_activity"",""frame_index"":72,""timestamp_ms"":9006,""score"":0.9340667724609375,""source_actor_id"":""WIN_20260726_12_00_03_Pro::s9"",""source_score"":null},{""class_code"":""suspicious_activity"",""frame_index"":73,""timestamp_ms"":9136,""score"":0.9340667724609375,""source_actor_id"":""WIN_20260726_12_00_03_Pro::s9"",""source_score"":null},{""class_code"":""suspicious_activity"",""frame_index"":74,""timestamp_ms"":9264,""score"":0.9340667724609375,""source_actor_id"":""WIN_20260726_12_00_03_Pro::s9"",""source_score"":null},{""class_code"":""suspicious_activity"",""frame_index"":75,""timestamp_ms"":9406,""score"":0.9340667724609375,""source_actor_id"":""WIN_20260726_12_00_03_Pro::s9"",""source_score"":null},{""class_code"":""suspicious_activity"",""frame_index"":76,""timestamp_ms"":9504,""score"":0.9340667724609375,""source_actor_id"":""WIN_20260726_12_00_03_Pro::s9"",""source_score"":null},{""class_code"":""suspicious_activity"",""frame_index"":77,""timestamp_ms"":9632,""score"":0.9127939343452454,""source_actor_id"":""WIN_20260726_12_00_03_Pro::s9"",""source_score"":null},{""class_code"":""suspicious_activity"",""frame_index"":78,""timestamp_ms"":9760,""score"":0.9066682457923889,""source_actor_id"":""WIN_20260726_12_00_03_Pro::s9"",""source_score"":null},{""class_code"":""suspicious_activity"",""frame_index"":79,""timestamp_ms"":9904,""score"":0.9136689901351929,""source_actor_id"":""WIN_20260726_12_00_03_Pro::s9"",""source_score"":null},{""class_code"":""suspicious_activity"",""frame_index"":97,""timestamp_ms"":12128,""score"":0.8105328679084778,""source_actor_id"":""WIN_20260726_12_00_03_Pro::s9"",""source_score"":null},{""class_code"":""suspicious_activity"",""frame_index"":98,""timestamp_ms"":12272,""score"":0.8469920754432678,""source_actor_id"":""WIN_20260726_12_00_03_Pro::s9"",""source_score"":null},{""class_code"":""suspicious_activity"",""frame_index"":99,""timestamp_ms"":12400,""score"":0.8229423761367798,""source_actor_id"":""WIN_20260726_12_00_03_Pro::s9"",""source_score"":null},{""class_code"":""suspicious_activity"",""frame_index"":100,""timestamp_ms"":12528,""score"":0.8335543274879456,""source_actor_id"":""WIN_20260726_12_00_03_Pro::s9"",""source_score"":null},{""class_code"":""suspicious_activity"",""frame_index"":101,""timestamp_ms"":12638,""score"":0.8815456628799438,""source_actor_id"":""WIN_20260726_12_00_03_Pro::s9"",""source_score"":null},{""class_code"":""suspicious_activity"",""frame_index"":102,""timestamp_ms"":12768,""score"":0.8797731399536133,""source_actor_id"":""WIN_20260726_12_00_03_Pro::s9"",""source_score"":null},{""class_code"":""suspicious_activity"",""frame_index"":103,""timestamp_ms"":12896,""score"":0.8797731399536133,""source_actor_id"":""WIN_20260726_12_00_03_Pro::s9"",""source_score"":null},{""class_code"":""suspicious_activity"",""frame_index"":104,""timestamp_ms"":13038,""score"":0.8797731399536133,""source_actor_id"":""WIN_20260726_12_00_03_Pro::s9"",""source_score"":null},{""class_code"":""suspicious_activity"",""frame_index"":105,""timestamp_ms"":13136,""score"":0.8797731399536133,""source_actor_id"":""WIN_20260726_12_00_03_Pro::s9"",""source_score"":null},{""class_code"":""suspicious_activity"",""frame_index"":106,""timestamp_ms"":13264,""score"":0.8797731399536133,""source_actor_id"":""WIN_20260726_12_00_03_Pro::s9"",""source_score"":null},{""class_code"":""suspicious_activity"",""frame_index"":107,""timestamp_ms"":13392,""score"":0.8797731399536133,""source_actor_id"":""WIN_20260726_12_00_03_Pro::s9"",""source_score"":null},{""class_code"":""suspicious_activity"",""frame_index"":108,""timestamp_ms"":13504,""score"":0.8797731399536133,""source_actor_id"":""WIN_20260726_12_00_03_Pro::s9"",""source_score"":null},{""class_code"":""suspicious_activity"",""frame_index"":109,""timestamp_ms"":13632,""score"":0.8803052306175232,""source_actor_id"":""WIN_20260726_12_00_03_Pro::s9"",""source_score"":null},{""class_code"":""suspicious_activity"",""frame_index"":110,""timestamp_ms"":13760,""score"":0.8803052306175232,""source_actor_id"":""WIN_20260726_12_00_03_Pro::s9"",""source_score"":null},{""class_code"":""suspicious_activity"",""frame_index"":111,""timestamp_ms"":13904,""score"":0.8803052306175232,""source_actor_id"":""WIN_20260726_12_00_03_Pro::s9"",""source_score"":null},{""class_code"":""suspicious_activity"",""frame_index"":112,""timestamp_ms"":14000,""score"":0.8803052306175232,""source_actor_id"":""WIN_20260726_12_00_03_Pro::s9"",""source_score"":null},{""class_code"":""suspicious_activity"",""frame_index"":113,""timestamp_ms"":14128,""score"":0.9461501836776733,""source_actor_id"":""WIN_20260726_12_00_03_Pro::s9"",""source_score"":null},{""class_code"":""suspicious_activity"",""frame_index"":114,""timestamp_ms"":14272,""score"":0.9536626935005188,""source_actor_id"":""WIN_20260726_12_00_03_Pro::s9"",""source_score"":null},{""class_code"":""suspicious_activity"",""frame_index"":115,""timestamp_ms"":14400,""score"":0.9634554386138916,""source_actor_id"":""WIN_20260726_12_00_03_Pro::s9"",""source_score"":null},{""class_code"":""suspicious_activity"",""frame_index"":116,""timestamp_ms"":14528,""score"":0.9073235392570496,""source_actor_id"":""WIN_20260726_12_00_03_Pro::s9"",""source_score"":null},{""class_code"":""suspicious_activity"",""frame_index"":117,""timestamp_ms"":14638,""score"":0.8939381241798401,""source_actor_id"":""WIN_20260726_12_00_03_Pro::s9"",""source_score"":null},{""class_code"":""suspicious_activity"",""frame_index"":118,""timestamp_ms"":14768,""score"":0.8860913515090942,""source_actor_id"":""WIN_20260726_12_00_03_Pro::s9"",""source_score"":null},{""class_code"":""suspicious_activity"",""frame_index"":119,""timestamp_ms"":14896,""score"":0.9084296226501465,""source_actor_id"":""WIN_20260726_12_00_03_Pro::s9"",""source_score"":null},{""class_code"":""suspicious_activity"",""frame_index"":120,""timestamp_ms"":15038,""score"":0.9107334017753601,""source_actor_id"":""WIN_20260726_12_00_03_Pro::s9"",""source_score"":null},{""class_code"":""suspicious_activity"",""frame_index"":121,""timestamp_ms"":15136,""score"":0.8362458348274231,""source_actor_id"":""WIN_20260726_12_00_03_Pro::s9"",""source_score"":null},{""class_code"":""suspicious_activity"",""frame_index"":122,""timestamp_ms"":15264,""score"":0.8290010690689087,""source_actor_id"":""WIN_20260726_12_00_03_Pro::s9"",""source_score"":null},{""class_code"":""suspicious_activity"",""frame_index"":123,""timestamp_ms"":15392,""score"":0.8290010690689087,""source_actor_id"":""WIN_20260726_12_00_03_Pro::s9"",""source_score"":null},{""class_code"":""suspicious_activity"",""frame_index"":124,""timestamp_ms"":15504,""score"":0.8209866285324097,""source_actor_id"":""WIN_20260726_12_00_03_Pro::s9"",""source_score"":null},{""class_code"":""suspicious_activity"",""frame_index"":125,""timestamp_ms"":15632,""score"":0.8180015683174133,""source_actor_id"":""WIN_20260726_12_00_03_Pro::s9"",""source_score"":null},{""class_code"":""suspicious_activity"",""frame_index"":126,""timestamp_ms"":15760,""score"":0.82386714220047,""source_actor_id"":""WIN_20260726_12_00_03_Pro::s9"",""source_score"":null},{""class_code"":""suspicious_activity"",""frame_index"":127,""timestamp_ms"":15904,""score"":0.7225601077079773,""source_actor_id"":""WIN_20260726_12_00_03_Pro::s9"",""source_score"":null},{""class_code"":""suspicious_activity"",""frame_index"":128,""timestamp_ms"":16000,""score"":0.7225601077079773,""source_actor_id"":""WIN_20260726_12_00_03_Pro::s9"",""source_score"":null},{""class_code"":""suspicious_activity"",""frame_index"":129,""timestamp_ms"":16128,""score"":0.7336647510528564,""source_actor_id"":""WIN_20260726_12_00_03_Pro::s9"",""source_score"":null},{""class_code"":""suspicious_activity"",""frame_index"":130,""timestamp_ms"":16271,""score"":0.7336647510528564,""source_actor_id"":""WIN_20260726_12_00_03_Pro::s9"",""source_score"":null},{""class_code"":""suspicious_activity"",""frame_index"":131,""timestamp_ms"":16400,""score"":0.7324839234352112,""source_actor_id"":""WIN_20260726_12_00_03_Pro::s9"",""source_score"":null},{""class_code"":""suspicious_activity"",""frame_index"":132,""timestamp_ms"":16528,""score"":0.7352940440177917,""source_actor_id"":""WIN_20260726_12_00_03_Pro::s9"",""source_score"":null},{""class_code"":""suspicious_activity"",""frame_index"":133,""timestamp_ms"":16670,""score"":0.7352940440177917,""source_actor_id"":""WIN_20260726_12_00_03_Pro::s9"",""source_score"":null},{""class_code"":""suspicious_activity"",""frame_index"":134,""timestamp_ms"":16768,""score"":0.7895280718803406,""source_actor_id"":""WIN_20260726_12_00_03_Pro::s9"",""source_score"":null},{""class_code"":""suspicious_activity"",""frame_index"":135,""timestamp_ms"":16896,""score"":0.7880067229270935,""source_actor_id"":""WIN_20260726_12_00_03_Pro::s9"",""source_score"":null},{""class_code"":""suspicious_activity"",""frame_index"":136,""timestamp_ms"":17024,""score"":0.6834810376167297,""source_actor_id"":""WIN_20260726_12_00_03_Pro::s9"",""source_score"":null},{""class_code"":""suspicious_activity"",""frame_index"":145,""timestamp_ms"":18128,""score"":0.6935459971427917,""source_actor_id"":""WIN_20260726_12_00_03_Pro::s9"",""source_score"":null},{""class_code"":""suspicious_activity"",""frame_index"":146,""timestamp_ms"":18271,""score"":0.7713781595230103,""source_actor_id"":""WIN_20260726_12_00_03_Pro::s9"",""source_score"":null},{""class_code"":""suspicious_activity"",""frame_index"":147,""timestamp_ms"":18400,""score"":0.8973679542541504,""source_actor_id"":""WIN_20260726_12_00_03_Pro::s9"",""source_score"":null},{""class_code"":""suspicious_activity"",""frame_index"":148,""timestamp_ms"":18528,""score"":0.9095828533172607,""source_actor_id"":""WIN_20260726_12_00_03_Pro::s9"",""source_score"":null},{""class_code"":""suspicious_activity"",""frame_index"":149,""timestamp_ms"":18671,""score"":0.863448977470398,""source_actor_id"":""WIN_20260726_12_00_03_Pro::s9"",""source_score"":null},{""class_code"":""suspicious_activity"",""frame_index"":150,""timestamp_ms"":18768,""score"":0.8806703686714172,""source_actor_id"":""WIN_20260726_12_00_03_Pro::s9"",""source_score"":null},{""class_code"":""suspicious_activity"",""frame_index"":151,""timestamp_ms"":18896,""score"":0.8806703686714172,""source_actor_id"":""WIN_20260726_12_00_03_Pro::s9"",""source_score"":null},{""class_code"":""suspicious_activity"",""frame_index"":152,""timestamp_ms"":19024,""score"":0.8714277744293213,""source_actor_id"":""WIN_20260726_12_00_03_Pro::s9"",""source_score"":null},{""class_code"":""suspicious_activity"",""frame_index"":153,""timestamp_ms"":19136,""score"":0.8738337159156799,""source_actor_id"":""WIN_20260726_12_00_03_Pro::s9"",""source_score"":null},{""class_code"":""suspicious_activity"",""frame_index"":154,""timestamp_ms"":19264,""score"":0.8838180899620056,""source_actor_id"":""WIN_20260726_12_00_03_Pro::s9"",""source_score"":null},{""class_code"":""suspicious_activity"",""frame_index"":155,""timestamp_ms"":19392,""score"":0.8838180899620056,""source_actor_id"":""WIN_20260726_12_00_03_Pro::s9"",""source_score"":null},{""class_code"":""suspicious_activity"",""frame_index"":156,""timestamp_ms"":19503,""score"":0.8905448913574219,""source_actor_id"":""WIN_20260726_12_00_03_Pro::s9"",""source_score"":null},{""class_code"":""suspicious_activity"",""frame_index"":157,""timestamp_ms"":19632,""score"":0.8712373971939087,""source_actor_id"":""WIN_20260726_12_00_03_Pro::s9"",""source_score"":null},{""class_code"":""suspicious_activity"",""frame_index"":158,""timestamp_ms"":19760,""score"":0.8422487378120422,""source_actor_id"":""WIN_20260726_12_00_03_Pro::s9"",""source_score"":null},{""class_code"":""suspicious_activity"",""frame_index"":159,""timestamp_ms"":19903,""score"":0.8341087698936462,""source_actor_id"":""WIN_20260726_12_00_03_Pro::s9"",""source_score"":null},{""class_code"":""suspicious_activity"",""frame_index"":160,""timestamp_ms"":20000,""score"":0.8345949053764343,""source_actor_id"":""WIN_20260726_12_00_03_Pro::s9"",""source_score"":null},{""class_code"":""suspicious_activity"",""frame_index"":161,""timestamp_ms"":20128,""score"":0.8837516903877258,""source_actor_id"":""WIN_20260726_12_00_03_Pro::s9"",""source_score"":null},{""class_code"":""suspicious_activity"",""frame_index"":162,""timestamp_ms"":20256,""score"":0.8997247219085693,""source_actor_id"":""WIN_20260726_12_00_03_Pro::s9"",""source_score"":null},{""class_code"":""suspicious_activity"",""frame_index"":202,""timestamp_ms"":25264,""score"":0.8776829838752747,""source_actor_id"":""WIN_20260726_12_00_03_Pro::s9"",""source_score"":null},{""class_code"":""suspicious_activity"",""frame_index"":203,""timestamp_ms"":25392,""score"":0.9537609815597534,""source_actor_id"":""WIN_20260726_12_00_03_Pro::s9"",""source_score"":null},{""class_code"":""suspicious_activity"",""frame_index"":234,""timestamp_ms"":29264,""score"":0.7920079231262207,""source_actor_id"":""WIN_20260726_12_00_03_Pro::s9"",""source_score"":null},{""class_code"":""suspicious_activity"",""frame_index"":235,""timestamp_ms"":29392,""score"":0.7473231554031372,""source_actor_id"":""WIN_20260726_12_00_03_Pro::s9"",""source_score"":null},{""class_code"":""suspicious_activity"",""frame_index"":236,""timestamp_ms"":29520,""score"":0.7751334309577942,""source_actor_id"":""WIN_20260726_12_00_03_Pro::s9"",""source_score"":null},{""class_code"":""suspicious_activity"",""frame_index"":237,""timestamp_ms"":29632,""score"":0.7154683470726013,""source_actor_id"":""WIN_20260726_12_00_03_Pro::s9"",""source_score"":null},{""class_code"":""suspicious_activity"",""frame_index"":238,""timestamp_ms"":29760,""score"":0.8322652578353882,""source_actor_id"":""WIN_20260726_12_00_03_Pro::s9"",""source_score"":null},{""class_code"":""suspicious_activity"",""frame_index"":239,""timestamp_ms"":29888,""score"":0.8432071208953857,""source_actor_id"":""WIN_20260726_12_00_03_Pro::s9"",""source_score"":null},{""class_code"":""suspicious_activity"",""frame_index"":240,""timestamp_ms"":30000,""score"":0.8721622228622437,""source_actor_id"":""WIN_20260726_12_00_03_Pro::s9"",""source_score"":null},{""class_code"":""suspicious_activity"",""frame_index"":241,""timestamp_ms"":30128,""score"":0.9132481217384338,""source_actor_id"":""WIN_20260726_12_00_03_Pro::s9"",""source_score"":null},{""class_code"":""suspicious_activity"",""frame_index"":242,""timestamp_ms"":30256,""score"":0.9132481217384338,""source_actor_id"":""WIN_20260726_12_00_03_Pro::s9"",""source_score"":null},{""class_code"":""suspicious_activity"",""frame_index"":243,""timestamp_ms"":30400,""score"":0.9080775380134583,""source_actor_id"":""WIN_20260726_12_00_03_Pro::s9"",""source_score"":null},{""class_code"":""suspicious_activity"",""frame_index"":244,""timestamp_ms"":30528,""score"":0.9080775380134583,""source_actor_id"":""WIN_20260726_12_00_03_Pro::s9"",""source_score"":null},{""class_code"":""suspicious_activity"",""frame_index"":245,""timestamp_ms"":30656,""score"":0.9047005772590637,""source_actor_id"":""WIN_20260726_12_00_03_Pro::s9"",""source_score"":null},{""class_code"":""suspicious_activity"",""frame_index"":246,""timestamp_ms"":30752,""score"":0.9067654013633728,""source_actor_id"":""WIN_20260726_12_00_03_Pro::s9"",""source_score"":null},{""class_code"":""suspicious_activity"",""frame_index"":247,""timestamp_ms"":30896,""score"":0.9133980870246887,""source_actor_id"":""WIN_20260726_12_00_03_Pro::s9"",""source_score"":null},{""class_code"":""suspicious_activity"",""frame_index"":248,""timestamp_ms"":31024,""score"":0.9117518067359924,""source_actor_id"":""WIN_20260726_12_00_03_Pro::s9"",""source_score"":null},{""class_code"":""suspicious_activity"",""frame_index"":249,""timestamp_ms"":31152,""score"":0.9117518067359924,""source_actor_id"":""WIN_20260726_12_00_03_Pro::s9"",""source_score"":null},{""class_code"":""suspicious_activity"",""frame_index"":250,""timestamp_ms"":31264,""score"":0.9117518067359924,""source_actor_id"":""WIN_20260726_12_00_03_Pro::s9"",""source_score"":null},{""class_code"":""suspicious_activity"",""frame_index"":251,""timestamp_ms"":31392,""score"":0.9117518067359924,""source_actor_id"":""WIN_20260726_12_00_03_Pro::s9"",""source_score"":null},{""class_code"":""suspicious_activity"",""frame_index"":252,""timestamp_ms"":31520,""score"":0.9117518067359924,""source_actor_id"":""WIN_20260726_12_00_03_Pro::s9"",""source_score"":null},{""class_code"":""suspicious_activity"",""frame_index"":253,""timestamp_ms"":31632,""score"":0.9144451022148132,""source_actor_id"":""WIN_20260726_12_00_03_Pro::s9"",""source_score"":null},{""class_code"":""suspicious_activity"",""frame_index"":254,""timestamp_ms"":31760,""score"":0.8488771319389343,""source_actor_id"":""WIN_20260726_12_00_03_Pro::s9"",""source_score"":null},{""class_code"":""suspicious_activity"",""frame_index"":255,""timestamp_ms"":31888,""score"":0.8433984518051147,""source_actor_id"":""WIN_20260726_12_00_03_Pro::s9"",""source_score"":null},{""class_code"":""suspicious_activity"",""frame_index"":256,""timestamp_ms"":32032,""score"":0.838531494140625,""source_actor_id"":""WIN_20260726_12_00_03_Pro::s9"",""source_score"":null},{""class_code"":""suspicious_activity"",""frame_index"":257,""timestamp_ms"":32128,""score"":0.8347069025039673,""source_actor_id"":""WIN_20260726_12_00_03_Pro::s9"",""source_score"":null},{""class_code"":""suspicious_activity"",""frame_index"":258,""timestamp_ms"":32256,""score"":0.6974909901618958,""source_actor_id"":""WIN_20260726_12_00_03_Pro::s9"",""source_score"":null},{""class_code"":""suspicious_activity"",""frame_index"":259,""timestamp_ms"":32399,""score"":0.6974909901618958,""source_actor_id"":""WIN_20260726_12_00_03_Pro::s9"",""source_score"":null},{""class_code"":""suspicious_activity"",""frame_index"":260,""timestamp_ms"":32528,""score"":0.9239044785499573,""source_actor_id"":""WIN_20260726_12_00_03_Pro::s9"",""source_score"":null},{""class_code"":""suspicious_activity"",""frame_index"":261,""timestamp_ms"":32656,""score"":0.9160826206207275,""source_actor_id"":""WIN_20260726_12_00_03_Pro::s9"",""source_score"":null},{""class_code"":""suspicious_activity"",""frame_index"":262,""timestamp_ms"":32752,""score"":0.9160826206207275,""source_actor_id"":""WIN_20260726_12_00_03_Pro::s9"",""source_score"":null},{""class_code"":""suspicious_activity"",""frame_index"":263,""timestamp_ms"":32896,""score"":0.9182800054550171,""source_actor_id"":""WIN_20260726_12_00_03_Pro::s9"",""source_score"":null},{""class_code"":""suspicious_activity"",""frame_index"":264,""timestamp_ms"":33025,""score"":0.9182800054550171,""source_actor_id"":""WIN_20260726_12_00_03_Pro::s9"",""source_score"":null},{""class_code"":""suspicious_activity"",""frame_index"":265,""timestamp_ms"":33152,""score"":0.9160826206207275,""source_actor_id"":""WIN_20260726_12_00_03_Pro::s9"",""source_score"":null},{""class_code"":""suspicious_activity"",""frame_index"":266,""timestamp_ms"":33264,""score"":0.8723025321960449,""source_actor_id"":""WIN_20260726_12_00_03_Pro::s9"",""source_score"":null},{""class_code"":""suspicious_activity"",""frame_index"":267,""timestamp_ms"":33392,""score"":0.8537466526031494,""source_actor_id"":""WIN_20260726_12_00_03_Pro::s9"",""source_score"":null},{""class_code"":""suspicious_activity"",""frame_index"":268,""timestamp_ms"":33520,""score"":0.8537466526031494,""source_actor_id"":""WIN_20260726_12_00_03_Pro::s9"",""source_score"":null},{""class_code"":""suspicious_activity"",""frame_index"":269,""timestamp_ms"":33632,""score"":0.8288776278495789,""source_actor_id"":""WIN_20260726_12_00_03_Pro::s9"",""source_score"":null},{""class_code"":""suspicious_activity"",""frame_index"":270,""timestamp_ms"":33760,""score"":0.8208069801330566,""source_actor_id"":""WIN_20260726_12_00_03_Pro::s9"",""source_score"":null},{""class_code"":""suspicious_activity"",""frame_index"":271,""timestamp_ms"":33888,""score"":0.834507942199707,""source_actor_id"":""WIN_20260726_12_00_03_Pro::s9"",""source_score"":null},{""class_code"":""suspicious_activity"",""frame_index"":272,""timestamp_ms"":34032,""score"":0.8186728358268738,""source_actor_id"":""WIN_20260726_12_00_03_Pro::s9"",""source_score"":null},{""class_code"":""suspicious_activity"",""frame_index"":273,""timestamp_ms"":34128,""score"":0.8186728358268738,""source_actor_id"":""WIN_20260726_12_00_03_Pro::s9"",""source_score"":null},{""class_code"":""suspicious_activity"",""frame_index"":274,""timestamp_ms"":34256,""score"":0.8186728358268738,""source_actor_id"":""WIN_20260726_12_00_03_Pro::s9"",""source_score"":null},{""class_code"":""suspicious_activity"",""frame_index"":275,""timestamp_ms"":34399,""score"":0.8169830441474915,""source_actor_id"":""WIN_20260726_12_00_03_Pro::s9"",""source_score"":null},{""class_code"":""suspicious_activity"",""frame_index"":276,""timestamp_ms"":34528,""score"":0.8088912963867188,""source_actor_id"":""WIN_20260726_12_00_03_Pro::s9"",""source_score"":null},{""class_code"":""suspicious_activity"",""frame_index"":277,""timestamp_ms"":34656,""score"":0.8022431135177612,""source_actor_id"":""WIN_20260726_12_00_03_Pro::s9"",""source_score"":null},{""class_code"":""suspicious_activity"",""frame_index"":278,""timestamp_ms"":34752,""score"":0.7945504784584045,""source_actor_id"":""WIN_20260726_12_00_03_Pro::s9"",""source_score"":null},{""class_code"":""suspicious_activity"",""frame_index"":279,""timestamp_ms"":34896,""score"":0.7921916246414185,""source_actor_id"":""WIN_20260726_12_00_03_Pro::s9"",""source_score"":null},{""class_code"":""suspicious_activity"",""frame_index"":280,""timestamp_ms"":35024,""score"":0.8178495168685913,""source_actor_id"":""WIN_20260726_12_00_03_Pro::s9"",""source_score"":null},{""class_code"":""suspicious_activity"",""frame_index"":281,""timestamp_ms"":35152,""score"":0.9186023473739624,""source_actor_id"":""WIN_20260726_12_00_03_Pro::s9"",""source_score"":null},{""class_code"":""suspicious_activity"",""frame_index"":282,""timestamp_ms"":35264,""score"":0.8780089616775513,""source_actor_id"":""WIN_20260726_12_00_03_Pro::s9"",""source_score"":null},{""class_code"":""suspicious_activity"",""frame_index"":283,""timestamp_ms"":35392,""score"":0.8780089616775513,""source_actor_id"":""WIN_20260726_12_00_03_Pro::s9"",""source_score"":null},{""class_code"":""suspicious_activity"",""frame_index"":284,""timestamp_ms"":35520,""score"":0.8780089616775513,""source_actor_id"":""WIN_20260726_12_00_03_Pro::s9"",""source_score"":null},{""class_code"":""suspicious_activity"",""frame_index"":285,""timestamp_ms"":35631,""score"":0.8672482371330261,""source_actor_id"":""WIN_20260726_12_00_03_Pro::s9"",""source_score"":null},{""class_code"":""suspicious_activity"",""frame_index"":286,""timestamp_ms"":35760,""score"":0.8720595836639404,""source_actor_id"":""WIN_20260726_12_00_03_Pro::s9"",""source_score"":null},{""class_code"":""suspicious_activity"",""frame_index"":287,""timestamp_ms"":35888,""score"":0.8733197450637817,""source_actor_id"":""WIN_20260726_12_00_03_Pro::s9"",""source_score"":null},{""class_code"":""suspicious_activity"",""frame_index"":288,""timestamp_ms"":36031,""score"":0.8733197450637817,""source_actor_id"":""WIN_20260726_12_00_03_Pro::s9"",""source_score"":null},{""class_code"":""suspicious_activity"",""frame_index"":289,""timestamp_ms"":36128,""score"":0.8681698441505432,""source_actor_id"":""WIN_20260726_12_00_03_Pro::s9"",""source_score"":null},{""class_code"":""suspicious_activity"",""frame_index"":290,""timestamp_ms"":36256,""score"":0.8831558227539062,""source_actor_id"":""WIN_20260726_12_00_03_Pro::s9"",""source_score"":null},{""class_code"":""suspicious_activity"",""frame_index"":291,""timestamp_ms"":36385,""score"":0.8836542963981628,""source_actor_id"":""WIN_20260726_12_00_03_Pro::s9"",""source_score"":null},{""class_code"":""suspicious_activity"",""frame_index"":292,""timestamp_ms"":36528,""score"":0.8849074840545654,""source_actor_id"":""WIN_20260726_12_00_03_Pro::s9"",""source_score"":null},{""class_code"":""suspicious_activity"",""frame_index"":293,""timestamp_ms"":36625,""score"":0.8550152778625488,""source_actor_id"":""WIN_20260726_12_00_03_Pro::s9"",""source_score"":null},{""class_code"":""suspicious_activity"",""frame_index"":294,""timestamp_ms"":36753,""score"":0.8359355330467224,""source_actor_id"":""WIN_20260726_12_00_03_Pro::s9"",""source_score"":null},{""class_code"":""suspicious_activity"",""frame_index"":295,""timestamp_ms"":36896,""score"":0.8359355330467224,""source_actor_id"":""WIN_20260726_12_00_03_Pro::s9"",""source_score"":null},{""class_code"":""suspicious_activity"",""frame_index"":296,""timestamp_ms"":37024,""score"":0.8359355330467224,""source_actor_id"":""WIN_20260726_12_00_03_Pro::s9"",""source_score"":null},{""class_code"":""suspicious_activity"",""frame_index"":297,""timestamp_ms"":37153,""score"":0.8359355330467224,""source_actor_id"":""WIN_20260726_12_00_03_Pro::s9"",""source_score"":null},{""class_code"":""suspicious_activity"",""frame_index"":298,""timestamp_ms"":37264,""score"":0.8359355330467224,""source_actor_id"":""WIN_20260726_12_00_03_Pro::s9"",""source_score"":null},{""class_code"":""suspicious_activity"",""frame_index"":299,""timestamp_ms"":37392,""score"":0.8359355330467224,""source_actor_id"":""WIN_20260726_12_00_03_Pro::s9"",""source_score"":null},{""class_code"":""suspicious_activity"",""frame_index"":300,""timestamp_ms"":37521,""score"":0.8296724557876587,""source_actor_id"":""WIN_20260726_12_00_03_Pro::s9"",""source_score"":null},{""class_code"":""suspicious_activity"",""frame_index"":301,""timestamp_ms"":37631,""score"":0.8325551152229309,""source_actor_id"":""WIN_20260726_12_00_03_Pro::s9"",""source_score"":null},{""class_code"":""suspicious_activity"",""frame_index"":302,""timestamp_ms"":37760,""score"":0.8666934370994568,""source_actor_id"":""WIN_20260726_12_00_03_Pro::s9"",""source_score"":null},{""class_code"":""suspicious_activity"",""frame_index"":303,""timestamp_ms"":37888,""score"":0.8774920105934143,""source_actor_id"":""WIN_20260726_12_00_03_Pro::s9"",""source_score"":null},{""class_code"":""suspicious_activity"",""frame_index"":304,""timestamp_ms"":38031,""score"":0.893280029296875,""source_actor_id"":""WIN_20260726_12_00_03_Pro::s9"",""source_score"":null},{""class_code"":""suspicious_activity"",""frame_index"":305,""timestamp_ms"":38128,""score"":0.893280029296875,""source_actor_id"":""WIN_20260726_12_00_03_Pro::s9"",""source_score"":null},{""class_code"":""suspicious_activity"",""frame_index"":306,""timestamp_ms"":38257,""score"":0.893280029296875,""source_actor_id"":""WIN_20260726_12_00_03_Pro::s9"",""source_score"":null},{""class_code"":""suspicious_activity"",""frame_index"":307,""timestamp_ms"":38385,""score"":0.893280029296875,""source_actor_id"":""WIN_20260726_12_00_03_Pro::s9"",""source_score"":null},{""class_code"":""suspicious_activity"",""frame_index"":308,""timestamp_ms"":38528,""score"":0.891945481300354,""source_actor_id"":""WIN_20260726_12_00_03_Pro::s9"",""source_score"":null},{""class_code"":""suspicious_activity"",""frame_index"":309,""timestamp_ms"":38625,""score"":0.8998332023620605,""source_actor_id"":""WIN_20260726_12_00_03_Pro::s9"",""source_score"":null},{""class_code"":""suspicious_activity"",""frame_index"":310,""timestamp_ms"":38752,""score"":0.8891957998275757,""source_actor_id"":""WIN_20260726_12_00_03_Pro::s9"",""source_score"":null},{""class_code"":""suspicious_activity"",""frame_index"":311,""timestamp_ms"":38896,""score"":0.7759211659431458,""source_actor_id"":""WIN_20260726_12_00_03_Pro::s9"",""source_score"":null},{""class_code"":""suspicious_activity"",""frame_index"":327,""timestamp_ms"":40896,""score"":0.7010038495063782,""source_actor_id"":""WIN_20260726_12_00_03_Pro::s9"",""source_score"":null},{""class_code"":""suspicious_activity"",""frame_index"":328,""timestamp_ms"":41025,""score"":0.6647046208381653,""source_actor_id"":""WIN_20260726_12_00_03_Pro::s9"",""source_score"":null},{""class_code"":""suspicious_activity"",""frame_index"":389,""timestamp_ms"":48625,""score"":0.7159191966056824,""source_actor_id"":""WIN_20260726_12_00_03_Pro::s9"",""source_score"":null},{""class_code"":""suspicious_activity"",""frame_index"":390,""timestamp_ms"":48753,""score"":0.7266585826873779,""source_actor_id"":""WIN_20260726_12_00_03_Pro::s9"",""source_score"":null},{""class_code"":""suspicious_activity"",""frame_index"":391,""timestamp_ms"":48881,""score"":0.7417857050895691,""source_actor_id"":""WIN_20260726_12_00_03_Pro::s9"",""source_score"":null},{""class_code"":""suspicious_activity"",""frame_index"":392,""timestamp_ms"":49025,""score"":0.7569657564163208,""source_actor_id"":""WIN_20260726_12_00_03_Pro::s9"",""source_score"":null},{""class_code"":""suspicious_activity"",""frame_index"":393,""timestamp_ms"":49153,""score"":0.7675057649612427,""source_actor_id"":""WIN_20260726_12_00_03_Pro::s9"",""source_score"":null},{""class_code"":""suspicious_activity"",""frame_index"":394,""timestamp_ms"":49281,""score"":0.7529917359352112,""source_actor_id"":""WIN_20260726_12_00_03_Pro::s9"",""source_score"":null},{""class_code"":""suspicious_activity"",""frame_index"":396,""timestamp_ms"":49521,""score"":0.7350480556488037,""source_actor_id"":""WIN_20260726_12_00_03_Pro::s9"",""source_score"":null},{""class_code"":""suspicious_activity"",""frame_index"":397,""timestamp_ms"":49649,""score"":0.9481847882270813,""source_actor_id"":""WIN_20260726_12_00_03_Pro::s9"",""source_score"":null},{""class_code"":""suspicious_activity"",""frame_index"":398,""timestamp_ms"":49761,""score"":0.973280668258667,""source_actor_id"":""WIN_20260726_12_00_03_Pro::s9"",""source_score"":null},{""class_code"":""suspicious_activity"",""frame_index"":399,""timestamp_ms"":49889,""score"":0.9710345268249512,""source_actor_id"":""WIN_20260726_12_00_03_Pro::s9"",""source_score"":null},{""class_code"":""suspicious_activity"",""frame_index"":400,""timestamp_ms"":50017,""score"":0.9710345268249512,""source_actor_id"":""WIN_20260726_12_00_03_Pro::s9"",""source_score"":null},{""class_code"":""suspicious_activity"",""frame_index"":401,""timestamp_ms"":50127,""score"":0.9710345268249512,""source_actor_id"":""WIN_20260726_12_00_03_Pro::s9"",""source_score"":null},{""class_code"":""suspicious_activity"",""frame_index"":402,""timestamp_ms"":50257,""score"":0.9710345268249512,""source_actor_id"":""WIN_20260726_12_00_03_Pro::s9"",""source_score"":null},{""class_code"":""suspicious_activity"",""frame_index"":403,""timestamp_ms"":50385,""score"":0.9711586236953735,""source_actor_id"":""WIN_20260726_12_00_03_Pro::s9"",""source_score"":null},{""class_code"":""suspicious_activity"",""frame_index"":404,""timestamp_ms"":50513,""score"":0.9711586236953735,""source_actor_id"":""WIN_20260726_12_00_03_Pro::s9"",""source_score"":null},{""class_code"":""suspicious_activity"",""frame_index"":405,""timestamp_ms"":50625,""score"":0.9711586236953735,""source_actor_id"":""WIN_20260726_12_00_03_Pro::s9"",""source_score"":null},{""class_code"":""suspicious_activity"",""frame_index"":406,""timestamp_ms"":50753,""score"":0.9708282947540283,""source_actor_id"":""WIN_20260726_12_00_03_Pro::s9"",""source_score"":null},{""class_code"":""suspicious_activity"",""frame_index"":407,""timestamp_ms"":50881,""score"":0.9631856083869934,""source_actor_id"":""WIN_20260726_12_00_03_Pro::s9"",""source_score"":null},{""class_code"":""suspicious_activity"",""frame_index"":408,""timestamp_ms"":51025,""score"":0.9688708782196045,""source_actor_id"":""WIN_20260726_12_00_03_Pro::s9"",""source_score"":null},{""class_code"":""suspicious_activity"",""frame_index"":409,""timestamp_ms"":51153,""score"":0.9807978272438049,""source_actor_id"":""WIN_20260726_12_00_03_Pro::s9"",""source_score"":null},{""class_code"":""suspicious_activity"",""frame_index"":410,""timestamp_ms"":51281,""score"":0.9812480211257935,""source_actor_id"":""WIN_20260726_12_00_03_Pro::s9"",""source_score"":null},{""class_code"":""suspicious_activity"",""frame_index"":411,""timestamp_ms"":51393,""score"":0.9794801473617554,""source_actor_id"":""WIN_20260726_12_00_03_Pro::s9"",""source_score"":null},{""class_code"":""suspicious_activity"",""frame_index"":412,""timestamp_ms"":51521,""score"":0.9794801473617554,""source_actor_id"":""WIN_20260726_12_00_03_Pro::s9"",""source_score"":null},{""class_code"":""suspicious_activity"",""frame_index"":413,""timestamp_ms"":51649,""score"":0.9708823561668396,""source_actor_id"":""WIN_20260726_12_00_03_Pro::s9"",""source_score"":null},{""class_code"":""suspicious_activity"",""frame_index"":414,""timestamp_ms"":51759,""score"":0.9695761203765869,""source_actor_id"":""WIN_20260726_12_00_03_Pro::s9"",""source_score"":null},{""class_code"":""suspicious_activity"",""frame_index"":415,""timestamp_ms"":51889,""score"":0.9673512578010559,""source_actor_id"":""WIN_20260726_12_00_03_Pro::s9"",""source_score"":null},{""class_code"":""suspicious_activity"",""frame_index"":416,""timestamp_ms"":52017,""score"":0.9707722663879395,""source_actor_id"":""WIN_20260726_12_00_03_Pro::s9"",""source_score"":null},{""class_code"":""suspicious_activity"",""frame_index"":417,""timestamp_ms"":52159,""score"":0.9707356095314026,""source_actor_id"":""WIN_20260726_12_00_03_Pro::s9"",""source_score"":null},{""class_code"":""suspicious_activity"",""frame_index"":418,""timestamp_ms"":52257,""score"":0.972866415977478,""source_actor_id"":""WIN_20260726_12_00_03_Pro::s9"",""source_score"":null},{""class_code"":""suspicious_activity"",""frame_index"":419,""timestamp_ms"":52385,""score"":0.972866415977478,""source_actor_id"":""WIN_20260726_12_00_03_Pro::s9"",""source_score"":null},{""class_code"":""suspicious_activity"",""frame_index"":420,""timestamp_ms"":52513,""score"":0.972866415977478,""source_actor_id"":""WIN_20260726_12_00_03_Pro::s9"",""source_score"":null},{""class_code"":""suspicious_activity"",""frame_index"":421,""timestamp_ms"":52625,""score"":0.968326985836029,""source_actor_id"":""WIN_20260726_12_00_03_Pro::s9"",""source_score"":null},{""class_code"":""suspicious_activity"",""frame_index"":422,""timestamp_ms"":52753,""score"":0.9726644158363342,""source_actor_id"":""WIN_20260726_12_00_03_Pro::s9"",""source_score"":null},{""class_code"":""suspicious_activity"",""frame_index"":423,""timestamp_ms"":52881,""score"":0.9726644158363342,""source_actor_id"":""WIN_20260726_12_00_03_Pro::s9"",""source_score"":null},{""class_code"":""suspicious_activity"",""frame_index"":424,""timestamp_ms"":53025,""score"":0.9776679277420044,""source_actor_id"":""WIN_20260726_12_00_03_Pro::s9"",""source_score"":null},{""class_code"":""suspicious_activity"",""frame_index"":425,""timestamp_ms"":53153,""score"":0.9648853540420532,""source_actor_id"":""WIN_20260726_12_00_03_Pro::s9"",""source_score"":null},{""class_code"":""suspicious_activity"",""frame_index"":426,""timestamp_ms"":53281,""score"":0.9648853540420532,""source_actor_id"":""WIN_20260726_12_00_03_Pro::s9"",""source_score"":null},{""class_code"":""suspicious_activity"",""frame_index"":427,""timestamp_ms"":53393,""score"":0.9627214670181274,""source_actor_id"":""WIN_20260726_12_00_03_Pro::s9"",""source_score"":null},{""class_code"":""suspicious_activity"",""frame_index"":428,""timestamp_ms"":53521,""score"":0.9627214670181274,""source_actor_id"":""WIN_20260726_12_00_03_Pro::s9"",""source_score"":null},{""class_code"":""suspicious_activity"",""frame_index"":429,""timestamp_ms"":53649,""score"":0.9627214670181274,""source_actor_id"":""WIN_20260726_12_00_03_Pro::s9"",""source_score"":null},{""class_code"":""suspicious_activity"",""frame_index"":430,""timestamp_ms"":53759,""score"":0.9627214670181274,""source_actor_id"":""WIN_20260726_12_00_03_Pro::s9"",""source_score"":null},{""class_code"":""suspicious_activity"",""frame_index"":431,""timestamp_ms"":53889,""score"":0.9627214670181274,""source_actor_id"":""WIN_20260726_12_00_03_Pro::s9"",""source_score"":null},{""class_code"":""suspicious_activity"",""frame_index"":432,""timestamp_ms"":54017,""score"":0.9712923169136047,""source_actor_id"":""WIN_20260726_12_00_03_Pro::s9"",""source_score"":null},{""class_code"":""suspicious_activity"",""frame_index"":433,""timestamp_ms"":54145,""score"":0.9722355604171753,""source_actor_id"":""WIN_20260726_12_00_03_Pro::s9"",""source_score"":null},{""class_code"":""suspicious_activity"",""frame_index"":434,""timestamp_ms"":54257,""score"":0.9722355604171753,""source_actor_id"":""WIN_20260726_12_00_03_Pro::s9"",""source_score"":null},{""class_code"":""suspicious_activity"",""frame_index"":435,""timestamp_ms"":54385,""score"":0.9647418856620789,""source_actor_id"":""WIN_20260726_12_00_03_Pro::s9"",""source_score"":null},{""class_code"":""suspicious_activity"",""frame_index"":436,""timestamp_ms"":54513,""score"":0.9652934670448303,""source_actor_id"":""WIN_20260726_12_00_03_Pro::s9"",""source_score"":null},{""class_code"":""suspicious_activity"",""frame_index"":437,""timestamp_ms"":54625,""score"":0.9652934670448303,""source_actor_id"":""WIN_20260726_12_00_03_Pro::s9"",""source_score"":null},{""class_code"":""suspicious_activity"",""frame_index"":438,""timestamp_ms"":54753,""score"":0.9619829654693604,""source_actor_id"":""WIN_20260726_12_00_03_Pro::s9"",""source_score"":null},{""class_code"":""suspicious_activity"",""frame_index"":439,""timestamp_ms"":54881,""score"":0.9608470797538757,""source_actor_id"":""WIN_20260726_12_00_03_Pro::s9"",""source_score"":null},{""class_code"":""suspicious_activity"",""frame_index"":440,""timestamp_ms"":55025,""score"":0.9590092301368713,""source_actor_id"":""WIN_20260726_12_00_03_Pro::s9"",""source_score"":null},{""class_code"":""suspicious_activity"",""frame_index"":441,""timestamp_ms"":55153,""score"":0.9570189714431763,""source_actor_id"":""WIN_20260726_12_00_03_Pro::s9"",""source_score"":null},{""class_code"":""suspicious_activity"",""frame_index"":442,""timestamp_ms"":55281,""score"":0.9664934277534485,""source_actor_id"":""WIN_20260726_12_00_03_Pro::s9"",""source_score"":null},{""class_code"":""suspicious_activity"",""frame_index"":443,""timestamp_ms"":55392,""score"":0.9664934277534485,""source_actor_id"":""WIN_20260726_12_00_03_Pro::s9"",""source_score"":null},{""class_code"":""suspicious_activity"",""frame_index"":444,""timestamp_ms"":55521,""score"":0.9664934277534485,""source_actor_id"":""WIN_20260726_12_00_03_Pro::s9"",""source_score"":null},{""class_code"":""suspicious_activity"",""frame_index"":445,""timestamp_ms"":55649,""score"":0.9760667085647583,""source_actor_id"":""WIN_20260726_12_00_03_Pro::s9"",""source_score"":null},{""class_code"":""suspicious_activity"",""frame_index"":446,""timestamp_ms"":55792,""score"":0.9760667085647583,""source_actor_id"":""WIN_20260726_12_00_03_Pro::s9"",""source_score"":null},{""class_code"":""suspicious_activity"",""frame_index"":447,""timestamp_ms"":55889,""score"":0.9704089760780334,""source_actor_id"":""WIN_20260726_12_00_03_Pro::s9"",""source_score"":null},{""class_code"":""suspicious_activity"",""frame_index"":448,""timestamp_ms"":56017,""score"":0.9658564329147339,""source_actor_id"":""WIN_20260726_12_00_03_Pro::s9"",""source_score"":null},{""class_code"":""suspicious_activity"",""frame_index"":449,""timestamp_ms"":56145,""score"":0.9749534726142883,""source_actor_id"":""WIN_20260726_12_00_03_Pro::s9"",""source_score"":null},{""class_code"":""suspicious_activity"",""frame_index"":450,""timestamp_ms"":56257,""score"":0.9749534726142883,""source_actor_id"":""WIN_20260726_12_00_03_Pro::s9"",""source_score"":null},{""class_code"":""suspicious_activity"",""frame_index"":451,""timestamp_ms"":56385,""score"":0.973315954208374,""source_actor_id"":""WIN_20260726_12_00_03_Pro::s9"",""source_score"":null},{""class_code"":""suspicious_activity"",""frame_index"":452,""timestamp_ms"":56513,""score"":0.9805506467819214,""source_actor_id"":""WIN_20260726_12_00_03_Pro::s9"",""source_score"":null},{""class_code"":""suspicious_activity"",""frame_index"":453,""timestamp_ms"":56625,""score"":0.968323290348053,""source_actor_id"":""WIN_20260726_12_00_03_Pro::s9"",""source_score"":null},{""class_code"":""suspicious_activity"",""frame_index"":454,""timestamp_ms"":56753,""score"":0.9708987474441528,""source_actor_id"":""WIN_20260726_12_00_03_Pro::s9"",""source_score"":null},{""class_code"":""suspicious_activity"",""frame_index"":455,""timestamp_ms"":56881,""score"":0.9708987474441528,""source_actor_id"":""WIN_20260726_12_00_03_Pro::s9"",""source_score"":null},{""class_code"":""suspicious_activity"",""frame_index"":456,""timestamp_ms"":57025,""score"":0.9690834283828735,""source_actor_id"":""WIN_20260726_12_00_03_Pro::s9"",""source_score"":null},{""class_code"":""suspicious_activity"",""frame_index"":457,""timestamp_ms"":57153,""score"":0.9680573344230652,""source_actor_id"":""WIN_20260726_12_00_03_Pro::s9"",""source_score"":null},{""class_code"":""suspicious_activity"",""frame_index"":458,""timestamp_ms"":57281,""score"":0.9680573344230652,""source_actor_id"":""WIN_20260726_12_00_03_Pro::s9"",""source_score"":null},{""class_code"":""suspicious_activity"",""frame_index"":459,""timestamp_ms"":57392,""score"":0.9680573344230652,""source_actor_id"":""WIN_20260726_12_00_03_Pro::s9"",""source_score"":null},{""class_code"":""suspicious_activity"",""frame_index"":460,""timestamp_ms"":57521,""score"":0.965239405632019,""source_actor_id"":""WIN_20260726_12_00_03_Pro::s9"",""source_score"":null},{""class_code"":""suspicious_activity"",""frame_index"":461,""timestamp_ms"":57649,""score"":0.8644816279411316,""source_actor_id"":""WIN_20260726_12_00_03_Pro::s9"",""source_score"":null},{""class_code"":""suspicious_activity"",""frame_index"":462,""timestamp_ms"":57792,""score"":0.851382315158844,""source_actor_id"":""WIN_20260726_12_00_03_Pro::s9"",""source_score"":null},{""class_code"":""suspicious_activity"",""frame_index"":463,""timestamp_ms"":57889,""score"":0.8393701910972595,""source_actor_id"":""WIN_20260726_12_00_03_Pro::s9"",""source_score"":null},{""class_code"":""suspicious_activity"",""frame_index"":464,""timestamp_ms"":58017,""score"":0.8393701910972595,""source_actor_id"":""WIN_20260726_12_00_03_Pro::s9"",""source_score"":null},{""class_code"":""suspicious_activity"",""frame_index"":465,""timestamp_ms"":58145,""score"":0.8430829644203186,""source_actor_id"":""WIN_20260726_12_00_03_Pro::s9"",""source_score"":null},{""class_code"":""suspicious_activity"",""frame_index"":466,""timestamp_ms"":58257,""score"":0.8430829644203186,""source_actor_id"":""WIN_20260726_12_00_03_Pro::s9"",""source_score"":null},{""class_code"":""suspicious_activity"",""frame_index"":467,""timestamp_ms"":58385,""score"":0.8430829644203186,""source_actor_id"":""WIN_20260726_12_00_03_Pro::s9"",""source_score"":null},{""class_code"":""suspicious_activity"",""frame_index"":468,""timestamp_ms"":58513,""score"":0.8430829644203186,""source_actor_id"":""WIN_20260726_12_00_03_Pro::s9"",""source_score"":null},{""class_code"":""suspicious_activity"",""frame_index"":469,""timestamp_ms"":58657,""score"":0.8430829644203186,""source_actor_id"":""WIN_20260726_12_00_03_Pro::s9"",""source_score"":null},{""class_code"":""suspicious_activity"",""frame_index"":470,""timestamp_ms"":58753,""score"":0.8430829644203186,""source_actor_id"":""WIN_20260726_12_00_03_Pro::s9"",""source_score"":null},{""class_code"":""suspicious_activity"",""frame_index"":471,""timestamp_ms"":58881,""score"":0.848942756652832,""source_actor_id"":""WIN_20260726_12_00_03_Pro::s9"",""source_score"":null},{""class_code"":""suspicious_activity"",""frame_index"":472,""timestamp_ms"":59024,""score"":0.848942756652832,""source_actor_id"":""WIN_20260726_12_00_03_Pro::s9"",""source_score"":null},{""class_code"":""suspicious_activity"",""frame_index"":473,""timestamp_ms"":59153,""score"":0.8818482756614685,""source_actor_id"":""WIN_20260726_12_00_03_Pro::s9"",""source_score"":null},{""class_code"":""suspicious_activity"",""frame_index"":474,""timestamp_ms"":59281,""score"":0.924258291721344,""source_actor_id"":""WIN_20260726_12_00_03_Pro::s9"",""source_score"":null},{""class_code"":""suspicious_activity"",""frame_index"":475,""timestamp_ms"":59377,""score"":0.9318695068359375,""source_actor_id"":""WIN_20260726_12_00_03_Pro::s9"",""source_score"":null},{""class_code"":""suspicious_activity"",""frame_index"":476,""timestamp_ms"":59521,""score"":0.935560941696167,""source_actor_id"":""WIN_20260726_12_00_03_Pro::s9"",""source_score"":null},{""class_code"":""suspicious_activity"",""frame_index"":477,""timestamp_ms"":59649,""score"":0.935560941696167,""source_actor_id"":""WIN_20260726_12_00_03_Pro::s9"",""source_score"":null},{""class_code"":""suspicious_activity"",""frame_index"":478,""timestamp_ms"":59777,""score"":0.9294966459274292,""source_actor_id"":""WIN_20260726_12_00_03_Pro::s9"",""source_score"":null},{""class_code"":""suspicious_activity"",""frame_index"":479,""timestamp_ms"":59889,""score"":0.937137246131897,""source_actor_id"":""WIN_20260726_12_00_03_Pro::s9"",""source_score"":null},{""class_code"":""suspicious_activity"",""frame_index"":480,""timestamp_ms"":60017,""score"":0.937137246131897,""source_actor_id"":""WIN_20260726_12_00_03_Pro::s9"",""source_score"":null},{""class_code"":""suspicious_activity"",""frame_index"":481,""timestamp_ms"":60145,""score"":0.937137246131897,""source_actor_id"":""WIN_20260726_12_00_03_Pro::s9"",""source_score"":null},{""class_code"":""suspicious_activity"",""frame_index"":482,""timestamp_ms"":60257,""score"":0.937137246131897,""source_actor_id"":""WIN_20260726_12_00_03_Pro::s9"",""source_score"":null},{""class_code"":""suspicious_activity"",""frame_index"":483,""timestamp_ms"":60385,""score"":0.937137246131897,""source_actor_id"":""WIN_20260726_12_00_03_Pro::s9"",""source_score"":null},{""class_code"":""suspicious_activity"",""frame_index"":484,""timestamp_ms"":60513,""score"":0.9152690172195435,""source_actor_id"":""WIN_20260726_12_00_03_Pro::s9"",""source_score"":null},{""class_code"":""suspicious_activity"",""frame_index"":485,""timestamp_ms"":60657,""score"":0.9152690172195435,""source_actor_id"":""WIN_20260726_12_00_03_Pro::s9"",""source_score"":null},{""class_code"":""suspicious_activity"",""frame_index"":486,""timestamp_ms"":60753,""score"":0.921803891658783,""source_actor_id"":""WIN_20260726_12_00_03_Pro::s9"",""source_score"":null},{""class_code"":""suspicious_activity"",""frame_index"":487,""timestamp_ms"":60881,""score"":0.930019736289978,""source_actor_id"":""WIN_20260726_12_00_03_Pro::s9"",""source_score"":null},{""class_code"":""suspicious_activity"",""frame_index"":488,""timestamp_ms"":61024,""score"":0.9530496001243591,""source_actor_id"":""WIN_20260726_12_00_03_Pro::s9"",""source_score"":null},{""class_code"":""suspicious_activity"",""frame_index"":489,""timestamp_ms"":61153,""score"":0.9533379077911377,""source_actor_id"":""WIN_20260726_12_00_03_Pro::s9"",""source_score"":null},{""class_code"":""suspicious_activity"",""frame_index"":490,""timestamp_ms"":61281,""score"":0.9711824655532837,""source_actor_id"":""WIN_20260726_12_00_03_Pro::s9"",""source_score"":null},{""class_code"":""suspicious_activity"",""frame_index"":491,""timestamp_ms"":61377,""score"":0.9317707419395447,""source_actor_id"":""WIN_20260726_12_00_03_Pro::s9"",""source_score"":null},{""class_code"":""suspicious_activity"",""frame_index"":492,""timestamp_ms"":61521,""score"":0.9294204711914062,""source_actor_id"":""WIN_20260726_12_00_03_Pro::s9"",""source_score"":null},{""class_code"":""suspicious_activity"",""frame_index"":493,""timestamp_ms"":61649,""score"":0.9294204711914062,""source_actor_id"":""WIN_20260726_12_00_03_Pro::s9"",""source_score"":null},{""class_code"":""suspicious_activity"",""frame_index"":494,""timestamp_ms"":61777,""score"":0.9450929164886475,""source_actor_id"":""WIN_20260726_12_00_03_Pro::s9"",""source_score"":null},{""class_code"":""suspicious_activity"",""frame_index"":495,""timestamp_ms"":61889,""score"":0.9450929164886475,""source_actor_id"":""WIN_20260726_12_00_03_Pro::s9"",""source_score"":null},{""class_code"":""suspicious_activity"",""frame_index"":496,""timestamp_ms"":62017,""score"":0.9387040734291077,""source_actor_id"":""WIN_20260726_12_00_03_Pro::s9"",""source_score"":null},{""class_code"":""suspicious_activity"",""frame_index"":497,""timestamp_ms"":62145,""score"":0.9387040734291077,""source_actor_id"":""WIN_20260726_12_00_03_Pro::s9"",""source_score"":null},{""class_code"":""suspicious_activity"",""frame_index"":498,""timestamp_ms"":62256,""score"":0.9295496344566345,""source_actor_id"":""WIN_20260726_12_00_03_Pro::s9"",""source_score"":null},{""class_code"":""suspicious_activity"",""frame_index"":499,""timestamp_ms"":62385,""score"":0.9204102754592896,""source_actor_id"":""WIN_20260726_12_00_03_Pro::s9"",""source_score"":null},{""class_code"":""suspicious_activity"",""frame_index"":500,""timestamp_ms"":62513,""score"":0.8914178013801575,""source_actor_id"":""WIN_20260726_12_00_03_Pro::s9"",""source_score"":null},{""class_code"":""suspicious_activity"",""frame_index"":501,""timestamp_ms"":62656,""score"":0.9165202379226685,""source_actor_id"":""WIN_20260726_12_00_03_Pro::s9"",""source_score"":null},{""class_code"":""suspicious_activity"",""frame_index"":502,""timestamp_ms"":62753,""score"":0.9728392362594604,""source_actor_id"":""WIN_20260726_12_00_03_Pro::s9"",""source_score"":null},{""class_code"":""suspicious_activity"",""frame_index"":503,""timestamp_ms"":62881,""score"":0.9568485617637634,""source_actor_id"":""WIN_20260726_12_00_03_Pro::s9"",""source_score"":null},{""class_code"":""suspicious_activity"",""frame_index"":504,""timestamp_ms"":63009,""score"":0.9396458268165588,""source_actor_id"":""WIN_20260726_12_00_03_Pro::s9"",""source_score"":null},{""class_code"":""suspicious_activity"",""frame_index"":505,""timestamp_ms"":63153,""score"":0.9283442497253418,""source_actor_id"":""WIN_20260726_12_00_03_Pro::s9"",""source_score"":null},{""class_code"":""suspicious_activity"",""frame_index"":506,""timestamp_ms"":63281,""score"":0.9238554239273071,""source_actor_id"":""WIN_20260726_12_00_03_Pro::s9"",""source_score"":null},{""class_code"":""suspicious_activity"",""frame_index"":507,""timestamp_ms"":63377,""score"":0.9195085763931274,""source_actor_id"":""WIN_20260726_12_00_03_Pro::s9"",""source_score"":null},{""class_code"":""suspicious_activity"",""frame_index"":508,""timestamp_ms"":63521,""score"":0.9195085763931274,""source_actor_id"":""WIN_20260726_12_00_03_Pro::s9"",""source_score"":null},{""class_code"":""suspicious_activity"",""frame_index"":509,""timestamp_ms"":63649,""score"":0.9195085763931274,""source_actor_id"":""WIN_20260726_12_00_03_Pro::s9"",""source_score"":null},{""class_code"":""suspicious_activity"",""frame_index"":510,""timestamp_ms"":63777,""score"":0.8903034329414368,""source_actor_id"":""WIN_20260726_12_00_03_Pro::s9"",""source_score"":null},{""class_code"":""suspicious_activity"",""frame_index"":511,""timestamp_ms"":63889,""score"":0.8752592206001282,""source_actor_id"":""WIN_20260726_12_00_03_Pro::s9"",""source_score"":null},{""class_code"":""suspicious_activity"",""frame_index"":512,""timestamp_ms"":64017,""score"":0.8714833855628967,""source_actor_id"":""WIN_20260726_12_00_03_Pro::s9"",""source_score"":null},{""class_code"":""suspicious_activity"",""frame_index"":513,""timestamp_ms"":64145,""score"":0.8030029535293579,""source_actor_id"":""WIN_20260726_12_00_03_Pro::s9"",""source_score"":null},{""class_code"":""suspicious_activity"",""frame_index"":514,""timestamp_ms"":64256,""score"":0.8558251261711121,""source_actor_id"":""WIN_20260726_12_00_03_Pro::s9"",""source_score"":null},{""class_code"":""suspicious_activity"",""frame_index"":515,""timestamp_ms"":64385,""score"":0.9115474224090576,""source_actor_id"":""WIN_20260726_12_00_03_Pro::s9"",""source_score"":null},{""class_code"":""suspicious_activity"",""frame_index"":516,""timestamp_ms"":64513,""score"":0.8961623907089233,""source_actor_id"":""WIN_20260726_12_00_03_Pro::s9"",""source_score"":null},{""class_code"":""suspicious_activity"",""frame_index"":517,""timestamp_ms"":64656,""score"":0.8810193538665771,""source_actor_id"":""WIN_20260726_12_00_03_Pro::s9"",""source_score"":null},{""class_code"":""suspicious_activity"",""frame_index"":518,""timestamp_ms"":64753,""score"":0.8940564393997192,""source_actor_id"":""WIN_20260726_12_00_03_Pro::s9"",""source_score"":null},{""class_code"":""suspicious_activity"",""frame_index"":519,""timestamp_ms"":64881,""score"":0.9197481274604797,""source_actor_id"":""WIN_20260726_12_00_03_Pro::s9"",""source_score"":null},{""class_code"":""suspicious_activity"",""frame_index"":520,""timestamp_ms"":65009,""score"":0.9422396421432495,""source_actor_id"":""WIN_20260726_12_00_03_Pro::s9"",""source_score"":null},{""class_code"":""suspicious_activity"",""frame_index"":521,""timestamp_ms"":65153,""score"":0.9190556406974792,""source_actor_id"":""WIN_20260726_12_00_03_Pro::s9"",""source_score"":null},{""class_code"":""suspicious_activity"",""frame_index"":522,""timestamp_ms"":65281,""score"":0.9433244466781616,""source_actor_id"":""WIN_20260726_12_00_03_Pro::s9"",""source_score"":null},{""class_code"":""suspicious_activity"",""frame_index"":523,""timestamp_ms"":65377,""score"":0.8963072896003723,""source_actor_id"":""WIN_20260726_12_00_03_Pro::s9"",""source_score"":null},{""class_code"":""suspicious_activity"",""frame_index"":524,""timestamp_ms"":65521,""score"":0.8963072896003723,""source_actor_id"":""WIN_20260726_12_00_03_Pro::s9"",""source_score"":null},{""class_code"":""suspicious_activity"",""frame_index"":525,""timestamp_ms"":65649,""score"":0.9107196927070618,""source_actor_id"":""WIN_20260726_12_00_03_Pro::s9"",""source_score"":null},{""class_code"":""suspicious_activity"",""frame_index"":526,""timestamp_ms"":65777,""score"":0.8975480794906616,""source_actor_id"":""WIN_20260726_12_00_03_Pro::s9"",""source_score"":null},{""class_code"":""suspicious_activity"",""frame_index"":527,""timestamp_ms"":65889,""score"":0.8609762787818909,""source_actor_id"":""WIN_20260726_12_00_03_Pro::s9"",""source_score"":null},{""class_code"":""suspicious_activity"",""frame_index"":528,""timestamp_ms"":66017,""score"":0.7367258667945862,""source_actor_id"":""WIN_20260726_12_00_03_Pro::s9"",""source_score"":null},{""class_code"":""suspicious_activity"",""frame_index"":529,""timestamp_ms"":66145,""score"":0.6931315064430237,""source_actor_id"":""WIN_20260726_12_00_03_Pro::s9"",""source_score"":null},{""class_code"":""c2"",""frame_index"":542,""timestamp_ms"":67777,""score"":0.30832067131996155,""source_actor_id"":""WIN_20260726_12_00_03_Pro::s10"",""source_score"":0.6631948947906494}]",14,1775,s9,4,539,True,suspicious_activity
WIN_20260726_12_01_37_Pro,s10,suspicious_activity,suspicious_activity,suspicious_activity,s10,228,28528,0.9404711723327637,,"[{""class_code"":""suspicious_activity"",""frame_index"":5,""timestamp_ms"":639,""score"":0.722132682800293,""source_actor_id"":""WIN_20260726_12_01_37_Pro::s10"",""source_score"":null},{""class_code"":""suspicious_activity"",""frame_index"":6,""timestamp_ms"":767,""score"":0.7620652914047241,""source_actor_id"":""WIN_20260726_12_01_37_Pro::s10"",""source_score"":null},{""class_code"":""suspicious_activity"",""frame_index"":7,""timestamp_ms"":879,""score"":0.7668696045875549,""source_actor_id"":""WIN_20260726_12_01_37_Pro::s10"",""source_score"":null},{""class_code"":""suspicious_activity"",""frame_index"":8,""timestamp_ms"":1007,""score"":0.7668696045875549,""source_actor_id"":""WIN_20260726_12_01_37_Pro::s10"",""source_score"":null},{""class_code"":""suspicious_activity"",""frame_index"":9,""timestamp_ms"":1135,""score"":0.7764355540275574,""source_actor_id"":""WIN_20260726_12_01_37_Pro::s10"",""source_score"":null},{""class_code"":""suspicious_activity"",""frame_index"":10,""timestamp_ms"":1279,""score"":0.719573438167572,""source_actor_id"":""WIN_20260726_12_01_37_Pro::s10"",""source_score"":null},{""class_code"":""suspicious_activity"",""frame_index"":11,""timestamp_ms"":1375,""score"":0.6632839441299438,""source_actor_id"":""WIN_20260726_12_01_37_Pro::s10"",""source_score"":null},{""class_code"":""suspicious_activity"",""frame_index"":12,""timestamp_ms"":1503,""score"":0.6666836142539978,""source_actor_id"":""WIN_20260726_12_01_37_Pro::s10"",""source_score"":null},{""class_code"":""suspicious_activity"",""frame_index"":21,""timestamp_ms"":2639,""score"":0.7014671564102173,""source_actor_id"":""WIN_20260726_12_01_37_Pro::s10"",""source_score"":null},{""class_code"":""suspicious_activity"",""frame_index"":22,""timestamp_ms"":2767,""score"":0.7102797031402588,""source_actor_id"":""WIN_20260726_12_01_37_Pro::s10"",""source_score"":null},{""class_code"":""suspicious_activity"",""frame_index"":23,""timestamp_ms"":2879,""score"":0.7102797031402588,""source_actor_id"":""WIN_20260726_12_01_37_Pro::s10"",""source_score"":null},{""class_code"":""suspicious_activity"",""frame_index"":24,""timestamp_ms"":3007,""score"":0.6887368559837341,""source_actor_id"":""WIN_20260726_12_01_37_Pro::s10"",""source_score"":null},{""class_code"":""suspicious_activity"",""frame_index"":25,""timestamp_ms"":3135,""score"":0.8914130926132202,""source_actor_id"":""WIN_20260726_12_01_37_Pro::s10"",""source_score"":null},{""class_code"":""suspicious_activity"",""frame_index"":26,""timestamp_ms"":3279,""score"":0.8909608721733093,""source_actor_id"":""WIN_20260726_12_01_37_Pro::s10"",""source_score"":null},{""class_code"":""suspicious_activity"",""frame_index"":27,""timestamp_ms"":3375,""score"":0.9022477865219116,""source_actor_id"":""WIN_20260726_12_01_37_Pro::s10"",""source_score"":null},{""class_code"":""suspicious_activity"",""frame_index"":28,""timestamp_ms"":3503,""score"":0.8895043730735779,""source_actor_id"":""WIN_20260726_12_01_37_Pro::s10"",""source_score"":null},{""class_code"":""suspicious_activity"",""frame_index"":29,""timestamp_ms"":3631,""score"":0.8895043730735779,""source_actor_id"":""WIN_20260726_12_01_37_Pro::s10"",""source_score"":null},{""class_code"":""suspicious_activity"",""frame_index"":30,""timestamp_ms"":3775,""score"":0.8895043730735779,""source_actor_id"":""WIN_20260726_12_01_37_Pro::s10"",""source_score"":null},{""class_code"":""suspicious_activity"",""frame_index"":31,""timestamp_ms"":3903,""score"":0.8895043730735779,""source_actor_id"":""WIN_20260726_12_01_37_Pro::s10"",""source_score"":null},{""class_code"":""suspicious_activity"",""frame_index"":32,""timestamp_ms"":4031,""score"":0.8895043730735779,""source_actor_id"":""WIN_20260726_12_01_37_Pro::s10"",""source_score"":null},{""class_code"":""suspicious_activity"",""frame_index"":33,""timestamp_ms"":4143,""score"":0.9040996432304382,""source_actor_id"":""WIN_20260726_12_01_37_Pro::s10"",""source_score"":null},{""class_code"":""suspicious_activity"",""frame_index"":34,""timestamp_ms"":4271,""score"":0.9058592319488525,""source_actor_id"":""WIN_20260726_12_01_37_Pro::s10"",""source_score"":null},{""class_code"":""suspicious_activity"",""frame_index"":35,""timestamp_ms"":4399,""score"":0.9058592319488525,""source_actor_id"":""WIN_20260726_12_01_37_Pro::s10"",""source_score"":null},{""class_code"":""suspicious_activity"",""frame_index"":36,""timestamp_ms"":4511,""score"":0.9058592319488525,""source_actor_id"":""WIN_20260726_12_01_37_Pro::s10"",""source_score"":null},{""class_code"":""suspicious_activity"",""frame_index"":37,""timestamp_ms"":4639,""score"":0.9221636056900024,""source_actor_id"":""WIN_20260726_12_01_37_Pro::s10"",""source_score"":null},{""class_code"":""suspicious_activity"",""frame_index"":38,""timestamp_ms"":4767,""score"":0.9221636056900024,""source_actor_id"":""WIN_20260726_12_01_37_Pro::s10"",""source_score"":null},{""class_code"":""suspicious_activity"",""frame_index"":39,""timestamp_ms"":4878,""score"":0.9214966297149658,""source_actor_id"":""WIN_20260726_12_01_37_Pro::s10"",""source_score"":null},{""class_code"":""suspicious_activity"",""frame_index"":40,""timestamp_ms"":5007,""score"":0.9214966297149658,""source_actor_id"":""WIN_20260726_12_01_37_Pro::s10"",""source_score"":null},{""class_code"":""suspicious_activity"",""frame_index"":41,""timestamp_ms"":5135,""score"":0.9214966297149658,""source_actor_id"":""WIN_20260726_12_01_37_Pro::s10"",""source_score"":null},{""class_code"":""suspicious_activity"",""frame_index"":42,""timestamp_ms"":5278,""score"":0.9148476123809814,""source_actor_id"":""WIN_20260726_12_01_37_Pro::s10"",""source_score"":null},{""class_code"":""suspicious_activity"",""frame_index"":43,""timestamp_ms"":5375,""score"":0.9132340550422668,""source_actor_id"":""WIN_20260726_12_01_37_Pro::s10"",""source_score"":null},{""class_code"":""suspicious_activity"",""frame_index"":44,""timestamp_ms"":5503,""score"":0.9132340550422668,""source_actor_id"":""WIN_20260726_12_01_37_Pro::s10"",""source_score"":null},{""class_code"":""suspicious_activity"",""frame_index"":45,""timestamp_ms"":5631,""score"":0.9143674373626709,""source_actor_id"":""WIN_20260726_12_01_37_Pro::s10"",""source_score"":null},{""class_code"":""suspicious_activity"",""frame_index"":46,""timestamp_ms"":5775,""score"":0.8907138109207153,""source_actor_id"":""WIN_20260726_12_01_37_Pro::s10"",""source_score"":null},{""class_code"":""suspicious_activity"",""frame_index"":47,""timestamp_ms"":5903,""score"":0.8907138109207153,""source_actor_id"":""WIN_20260726_12_01_37_Pro::s10"",""source_score"":null},{""class_code"":""suspicious_activity"",""frame_index"":48,""timestamp_ms"":6031,""score"":0.8849949836730957,""source_actor_id"":""WIN_20260726_12_01_37_Pro::s10"",""source_score"":null},{""class_code"":""suspicious_activity"",""frame_index"":49,""timestamp_ms"":6143,""score"":0.8849949836730957,""source_actor_id"":""WIN_20260726_12_01_37_Pro::s10"",""source_score"":null},{""class_code"":""suspicious_activity"",""frame_index"":50,""timestamp_ms"":6271,""score"":0.8887481093406677,""source_actor_id"":""WIN_20260726_12_01_37_Pro::s10"",""source_score"":null},{""class_code"":""suspicious_activity"",""frame_index"":51,""timestamp_ms"":6399,""score"":0.8476063013076782,""source_actor_id"":""WIN_20260726_12_01_37_Pro::s10"",""source_score"":null},{""class_code"":""suspicious_activity"",""frame_index"":52,""timestamp_ms"":6511,""score"":0.7750676274299622,""source_actor_id"":""WIN_20260726_12_01_37_Pro::s10"",""source_score"":null},{""class_code"":""suspicious_activity"",""frame_index"":225,""timestamp_ms"":28128,""score"":0.777137815952301,""source_actor_id"":""WIN_20260726_12_01_37_Pro::s10"",""source_score"":null},{""class_code"":""suspicious_activity"",""frame_index"":226,""timestamp_ms"":28270,""score"":0.7667760252952576,""source_actor_id"":""WIN_20260726_12_01_37_Pro::s10"",""source_score"":null},{""class_code"":""suspicious_activity"",""frame_index"":227,""timestamp_ms"":28400,""score"":0.8624323010444641,""source_actor_id"":""WIN_20260726_12_01_37_Pro::s10"",""source_score"":null},{""class_code"":""suspicious_activity"",""frame_index"":228,""timestamp_ms"":28528,""score"":0.9404711723327637,""source_actor_id"":""WIN_20260726_12_01_37_Pro::s10"",""source_score"":null},{""class_code"":""suspicious_activity"",""frame_index"":229,""timestamp_ms"":28670,""score"":0.9222248792648315,""source_actor_id"":""WIN_20260726_12_01_37_Pro::s10"",""source_score"":null},{""class_code"":""suspicious_activity"",""frame_index"":230,""timestamp_ms"":28768,""score"":0.8185737729072571,""source_actor_id"":""WIN_20260726_12_01_37_Pro::s10"",""source_score"":null},{""class_code"":""suspicious_activity"",""frame_index"":231,""timestamp_ms"":28896,""score"":0.774588942527771,""source_actor_id"":""WIN_20260726_12_01_37_Pro::s10"",""source_score"":null},{""class_code"":""suspicious_activity"",""frame_index"":232,""timestamp_ms"":29024,""score"":0.787653386592865,""source_actor_id"":""WIN_20260726_12_01_37_Pro::s10"",""source_score"":null},{""class_code"":""suspicious_activity"",""frame_index"":233,""timestamp_ms"":29136,""score"":0.7990923523902893,""source_actor_id"":""WIN_20260726_12_01_37_Pro::s10"",""source_score"":null},{""class_code"":""suspicious_activity"",""frame_index"":234,""timestamp_ms"":29264,""score"":0.7937929034233093,""source_actor_id"":""WIN_20260726_12_01_37_Pro::s10"",""source_score"":null},{""class_code"":""suspicious_activity"",""frame_index"":235,""timestamp_ms"":29392,""score"":0.7562539577484131,""source_actor_id"":""WIN_20260726_12_01_37_Pro::s10"",""source_score"":null},{""class_code"":""suspicious_activity"",""frame_index"":236,""timestamp_ms"":29504,""score"":0.8005148768424988,""source_actor_id"":""WIN_20260726_12_01_37_Pro::s10"",""source_score"":null},{""class_code"":""suspicious_activity"",""frame_index"":352,""timestamp_ms"":44032,""score"":0.8306903839111328,""source_actor_id"":""WIN_20260726_12_01_37_Pro::s10"",""source_score"":null},{""class_code"":""suspicious_activity"",""frame_index"":353,""timestamp_ms"":44128,""score"":0.8360739946365356,""source_actor_id"":""WIN_20260726_12_01_37_Pro::s10"",""source_score"":null},{""class_code"":""suspicious_activity"",""frame_index"":354,""timestamp_ms"":44256,""score"":0.8360739946365356,""source_actor_id"":""WIN_20260726_12_01_37_Pro::s10"",""source_score"":null},{""class_code"":""suspicious_activity"",""frame_index"":355,""timestamp_ms"":44399,""score"":0.8360739946365356,""source_actor_id"":""WIN_20260726_12_01_37_Pro::s10"",""source_score"":null},{""class_code"":""suspicious_activity"",""frame_index"":356,""timestamp_ms"":44528,""score"":0.8275086879730225,""source_actor_id"":""WIN_20260726_12_01_37_Pro::s10"",""source_score"":null},{""class_code"":""suspicious_activity"",""frame_index"":357,""timestamp_ms"":44656,""score"":0.8275086879730225,""source_actor_id"":""WIN_20260726_12_01_37_Pro::s10"",""source_score"":null},{""class_code"":""suspicious_activity"",""frame_index"":358,""timestamp_ms"":44753,""score"":0.792285144329071,""source_actor_id"":""WIN_20260726_12_01_37_Pro::s10"",""source_score"":null}]",5,639,s10,4,354,True,suspicious_activity
WIN_20260726_12_01_37_Pro,s9,suspicious_activity,c5,suspicious_activity,s9,333,41632,0.98252272605896,,"[{""class_code"":""suspicious_activity"",""frame_index"":10,""timestamp_ms"":1279,""score"":0.7978830933570862,""source_actor_id"":""WIN_20260726_12_01_37_Pro::s9"",""source_score"":null},{""class_code"":""suspicious_activity"",""frame_index"":11,""timestamp_ms"":1375,""score"":0.9187883138656616,""source_actor_id"":""WIN_20260726_12_01_37_Pro::s9"",""source_score"":null},{""class_code"":""suspicious_activity"",""frame_index"":12,""timestamp_ms"":1503,""score"":0.8819584846496582,""source_actor_id"":""WIN_20260726_12_01_37_Pro::s9"",""source_score"":null},{""class_code"":""suspicious_activity"",""frame_index"":13,""timestamp_ms"":1646,""score"":0.8906897902488708,""source_actor_id"":""WIN_20260726_12_01_37_Pro::s9"",""source_score"":null},{""class_code"":""suspicious_activity"",""frame_index"":14,""timestamp_ms"":1775,""score"":0.8906897902488708,""source_actor_id"":""WIN_20260726_12_01_37_Pro::s9"",""source_score"":null},{""class_code"":""suspicious_activity"",""frame_index"":15,""timestamp_ms"":1903,""score"":0.8906897902488708,""source_actor_id"":""WIN_20260726_12_01_37_Pro::s9"",""source_score"":null},{""class_code"":""suspicious_activity"",""frame_index"":16,""timestamp_ms"":2046,""score"":0.8906897902488708,""source_actor_id"":""WIN_20260726_12_01_37_Pro::s9"",""source_score"":null},{""class_code"":""suspicious_activity"",""frame_index"":17,""timestamp_ms"":2143,""score"":0.8914597034454346,""source_actor_id"":""WIN_20260726_12_01_37_Pro::s9"",""source_score"":null},{""class_code"":""suspicious_activity"",""frame_index"":18,""timestamp_ms"":2271,""score"":0.902105987071991,""source_actor_id"":""WIN_20260726_12_01_37_Pro::s9"",""source_score"":null},{""class_code"":""suspicious_activity"",""frame_index"":19,""timestamp_ms"":2399,""score"":0.8813145160675049,""source_actor_id"":""WIN_20260726_12_01_37_Pro::s9"",""source_score"":null},{""class_code"":""suspicious_activity"",""frame_index"":20,""timestamp_ms"":2511,""score"":0.869513750076294,""source_actor_id"":""WIN_20260726_12_01_37_Pro::s9"",""source_score"":null},{""class_code"":""suspicious_activity"",""frame_index"":21,""timestamp_ms"":2639,""score"":0.7976884245872498,""source_actor_id"":""WIN_20260726_12_01_37_Pro::s9"",""source_score"":null},{""class_code"":""suspicious_activity"",""frame_index"":22,""timestamp_ms"":2767,""score"":0.7976884245872498,""source_actor_id"":""WIN_20260726_12_01_37_Pro::s9"",""source_score"":null},{""class_code"":""suspicious_activity"",""frame_index"":23,""timestamp_ms"":2879,""score"":0.8049961924552917,""source_actor_id"":""WIN_20260726_12_01_37_Pro::s9"",""source_score"":null},{""class_code"":""suspicious_activity"",""frame_index"":24,""timestamp_ms"":3007,""score"":0.7124764323234558,""source_actor_id"":""WIN_20260726_12_01_37_Pro::s9"",""source_score"":null},{""class_code"":""suspicious_activity"",""frame_index"":25,""timestamp_ms"":3135,""score"":0.7124764323234558,""source_actor_id"":""WIN_20260726_12_01_37_Pro::s9"",""source_score"":null},{""class_code"":""suspicious_activity"",""frame_index"":26,""timestamp_ms"":3279,""score"":0.7124764323234558,""source_actor_id"":""WIN_20260726_12_01_37_Pro::s9"",""source_score"":null},{""class_code"":""suspicious_activity"",""frame_index"":27,""timestamp_ms"":3375,""score"":0.7124764323234558,""source_actor_id"":""WIN_20260726_12_01_37_Pro::s9"",""source_score"":null},{""class_code"":""suspicious_activity"",""frame_index"":28,""timestamp_ms"":3503,""score"":0.7124764323234558,""source_actor_id"":""WIN_20260726_12_01_37_Pro::s9"",""source_score"":null},{""class_code"":""suspicious_activity"",""frame_index"":29,""timestamp_ms"":3631,""score"":0.7124764323234558,""source_actor_id"":""WIN_20260726_12_01_37_Pro::s9"",""source_score"":null},{""class_code"":""suspicious_activity"",""frame_index"":30,""timestamp_ms"":3775,""score"":0.7124764323234558,""source_actor_id"":""WIN_20260726_12_01_37_Pro::s9"",""source_score"":null},{""class_code"":""suspicious_activity"",""frame_index"":31,""timestamp_ms"":3903,""score"":0.6962095499038696,""source_actor_id"":""WIN_20260726_12_01_37_Pro::s9"",""source_score"":null},{""class_code"":""suspicious_activity"",""frame_index"":35,""timestamp_ms"":4399,""score"":0.7214921712875366,""source_actor_id"":""WIN_20260726_12_01_37_Pro::s9"",""source_score"":null},{""class_code"":""suspicious_activity"",""frame_index"":36,""timestamp_ms"":4511,""score"":0.8658111691474915,""source_actor_id"":""WIN_20260726_12_01_37_Pro::s9"",""source_score"":null},{""class_code"":""suspicious_activity"",""frame_index"":37,""timestamp_ms"":4639,""score"":0.875943124294281,""source_actor_id"":""WIN_20260726_12_01_37_Pro::s9"",""source_score"":null},{""class_code"":""suspicious_activity"",""frame_index"":38,""timestamp_ms"":4767,""score"":0.7613518238067627,""source_actor_id"":""WIN_20260726_12_01_37_Pro::s9"",""source_score"":null},{""class_code"":""suspicious_activity"",""frame_index"":39,""timestamp_ms"":4878,""score"":0.7409932017326355,""source_actor_id"":""WIN_20260726_12_01_37_Pro::s9"",""source_score"":null},{""class_code"":""suspicious_activity"",""frame_index"":40,""timestamp_ms"":5007,""score"":0.7368302345275879,""source_actor_id"":""WIN_20260726_12_01_37_Pro::s9"",""source_score"":null},{""class_code"":""suspicious_activity"",""frame_index"":41,""timestamp_ms"":5135,""score"":0.7667585611343384,""source_actor_id"":""WIN_20260726_12_01_37_Pro::s9"",""source_score"":null},{""class_code"":""suspicious_activity"",""frame_index"":42,""timestamp_ms"":5278,""score"":0.8421465754508972,""source_actor_id"":""WIN_20260726_12_01_37_Pro::s9"",""source_score"":null},{""class_code"":""suspicious_activity"",""frame_index"":43,""timestamp_ms"":5375,""score"":0.8682714104652405,""source_actor_id"":""WIN_20260726_12_01_37_Pro::s9"",""source_score"":null},{""class_code"":""suspicious_activity"",""frame_index"":44,""timestamp_ms"":5503,""score"":0.8650674819946289,""source_actor_id"":""WIN_20260726_12_01_37_Pro::s9"",""source_score"":null},{""class_code"":""suspicious_activity"",""frame_index"":45,""timestamp_ms"":5631,""score"":0.8650674819946289,""source_actor_id"":""WIN_20260726_12_01_37_Pro::s9"",""source_score"":null},{""class_code"":""suspicious_activity"",""frame_index"":46,""timestamp_ms"":5775,""score"":0.8650674819946289,""source_actor_id"":""WIN_20260726_12_01_37_Pro::s9"",""source_score"":null},{""class_code"":""suspicious_activity"",""frame_index"":47,""timestamp_ms"":5903,""score"":0.8729874491691589,""source_actor_id"":""WIN_20260726_12_01_37_Pro::s9"",""source_score"":null},{""class_code"":""suspicious_activity"",""frame_index"":48,""timestamp_ms"":6031,""score"":0.8729874491691589,""source_actor_id"":""WIN_20260726_12_01_37_Pro::s9"",""source_score"":null},{""class_code"":""suspicious_activity"",""frame_index"":49,""timestamp_ms"":6143,""score"":0.8729874491691589,""source_actor_id"":""WIN_20260726_12_01_37_Pro::s9"",""source_score"":null},{""class_code"":""suspicious_activity"",""frame_index"":50,""timestamp_ms"":6271,""score"":0.8405722975730896,""source_actor_id"":""WIN_20260726_12_01_37_Pro::s9"",""source_score"":null},{""class_code"":""suspicious_activity"",""frame_index"":51,""timestamp_ms"":6399,""score"":0.9200296998023987,""source_actor_id"":""WIN_20260726_12_01_37_Pro::s9"",""source_score"":null},{""class_code"":""suspicious_activity"",""frame_index"":52,""timestamp_ms"":6511,""score"":0.9200296998023987,""source_actor_id"":""WIN_20260726_12_01_37_Pro::s9"",""source_score"":null},{""class_code"":""suspicious_activity"",""frame_index"":53,""timestamp_ms"":6639,""score"":0.9200296998023987,""source_actor_id"":""WIN_20260726_12_01_37_Pro::s9"",""source_score"":null},{""class_code"":""suspicious_activity"",""frame_index"":54,""timestamp_ms"":6767,""score"":0.8736535906791687,""source_actor_id"":""WIN_20260726_12_01_37_Pro::s9"",""source_score"":null},{""class_code"":""suspicious_activity"",""frame_index"":55,""timestamp_ms"":6878,""score"":0.8655122518539429,""source_actor_id"":""WIN_20260726_12_01_37_Pro::s9"",""source_score"":null},{""class_code"":""suspicious_activity"",""frame_index"":56,""timestamp_ms"":7007,""score"":0.8655122518539429,""source_actor_id"":""WIN_20260726_12_01_37_Pro::s9"",""source_score"":null},{""class_code"":""suspicious_activity"",""frame_index"":57,""timestamp_ms"":7135,""score"":0.8655122518539429,""source_actor_id"":""WIN_20260726_12_01_37_Pro::s9"",""source_score"":null},{""class_code"":""suspicious_activity"",""frame_index"":58,""timestamp_ms"":7278,""score"":0.8655122518539429,""source_actor_id"":""WIN_20260726_12_01_37_Pro::s9"",""source_score"":null},{""class_code"":""suspicious_activity"",""frame_index"":59,""timestamp_ms"":7375,""score"":0.8867350816726685,""source_actor_id"":""WIN_20260726_12_01_37_Pro::s9"",""source_score"":null},{""class_code"":""suspicious_activity"",""frame_index"":60,""timestamp_ms"":7503,""score"":0.8906410932540894,""source_actor_id"":""WIN_20260726_12_01_37_Pro::s9"",""source_score"":null},{""class_code"":""suspicious_activity"",""frame_index"":61,""timestamp_ms"":7631,""score"":0.8758693337440491,""source_actor_id"":""WIN_20260726_12_01_37_Pro::s9"",""source_score"":null},{""class_code"":""suspicious_activity"",""frame_index"":62,""timestamp_ms"":7775,""score"":0.7515805959701538,""source_actor_id"":""WIN_20260726_12_01_37_Pro::s9"",""source_score"":null},{""class_code"":""suspicious_activity"",""frame_index"":63,""timestamp_ms"":7903,""score"":0.8658532500267029,""source_actor_id"":""WIN_20260726_12_01_37_Pro::s9"",""source_score"":null},{""class_code"":""suspicious_activity"",""frame_index"":64,""timestamp_ms"":8031,""score"":0.8658532500267029,""source_actor_id"":""WIN_20260726_12_01_37_Pro::s9"",""source_score"":null},{""class_code"":""suspicious_activity"",""frame_index"":65,""timestamp_ms"":8143,""score"":0.8581207990646362,""source_actor_id"":""WIN_20260726_12_01_37_Pro::s9"",""source_score"":null},{""class_code"":""suspicious_activity"",""frame_index"":66,""timestamp_ms"":8271,""score"":0.8720340132713318,""source_actor_id"":""WIN_20260726_12_01_37_Pro::s9"",""source_score"":null},{""class_code"":""suspicious_activity"",""frame_index"":67,""timestamp_ms"":8399,""score"":0.8720340132713318,""source_actor_id"":""WIN_20260726_12_01_37_Pro::s9"",""source_score"":null},{""class_code"":""suspicious_activity"",""frame_index"":68,""timestamp_ms"":8510,""score"":0.890938937664032,""source_actor_id"":""WIN_20260726_12_01_37_Pro::s9"",""source_score"":null},{""class_code"":""suspicious_activity"",""frame_index"":69,""timestamp_ms"":8639,""score"":0.890938937664032,""source_actor_id"":""WIN_20260726_12_01_37_Pro::s9"",""source_score"":null},{""class_code"":""suspicious_activity"",""frame_index"":70,""timestamp_ms"":8767,""score"":0.890938937664032,""source_actor_id"":""WIN_20260726_12_01_37_Pro::s9"",""source_score"":null},{""class_code"":""suspicious_activity"",""frame_index"":71,""timestamp_ms"":8910,""score"":0.8965443968772888,""source_actor_id"":""WIN_20260726_12_01_37_Pro::s9"",""source_score"":null},{""class_code"":""suspicious_activity"",""frame_index"":72,""timestamp_ms"":9007,""score"":0.8934221863746643,""source_actor_id"":""WIN_20260726_12_01_37_Pro::s9"",""source_score"":null},{""class_code"":""suspicious_activity"",""frame_index"":73,""timestamp_ms"":9135,""score"":0.8934221863746643,""source_actor_id"":""WIN_20260726_12_01_37_Pro::s9"",""source_score"":null},{""class_code"":""suspicious_activity"",""frame_index"":74,""timestamp_ms"":9263,""score"":0.8965101838111877,""source_actor_id"":""WIN_20260726_12_01_37_Pro::s9"",""source_score"":null},{""class_code"":""suspicious_activity"",""frame_index"":75,""timestamp_ms"":9375,""score"":0.8850857019424438,""source_actor_id"":""WIN_20260726_12_01_37_Pro::s9"",""source_score"":null},{""class_code"":""suspicious_activity"",""frame_index"":76,""timestamp_ms"":9503,""score"":0.8019302487373352,""source_actor_id"":""WIN_20260726_12_01_37_Pro::s9"",""source_score"":null},{""class_code"":""suspicious_activity"",""frame_index"":77,""timestamp_ms"":9632,""score"":0.8019302487373352,""source_actor_id"":""WIN_20260726_12_01_37_Pro::s9"",""source_score"":null},{""class_code"":""suspicious_activity"",""frame_index"":78,""timestamp_ms"":9775,""score"":0.8019302487373352,""source_actor_id"":""WIN_20260726_12_01_37_Pro::s9"",""source_score"":null},{""class_code"":""suspicious_activity"",""frame_index"":79,""timestamp_ms"":9903,""score"":0.7790834307670593,""source_actor_id"":""WIN_20260726_12_01_37_Pro::s9"",""source_score"":null},{""class_code"":""suspicious_activity"",""frame_index"":80,""timestamp_ms"":10032,""score"":0.7790834307670593,""source_actor_id"":""WIN_20260726_12_01_37_Pro::s9"",""source_score"":null},{""class_code"":""suspicious_activity"",""frame_index"":81,""timestamp_ms"":10143,""score"":0.7832602262496948,""source_actor_id"":""WIN_20260726_12_01_37_Pro::s9"",""source_score"":null},{""class_code"":""suspicious_activity"",""frame_index"":82,""timestamp_ms"":10271,""score"":0.7832602262496948,""source_actor_id"":""WIN_20260726_12_01_37_Pro::s9"",""source_score"":null},{""class_code"":""suspicious_activity"",""frame_index"":83,""timestamp_ms"":10400,""score"":0.8017305135726929,""source_actor_id"":""WIN_20260726_12_01_37_Pro::s9"",""source_score"":null},{""class_code"":""suspicious_activity"",""frame_index"":84,""timestamp_ms"":10510,""score"":0.8126015663146973,""source_actor_id"":""WIN_20260726_12_01_37_Pro::s9"",""source_score"":null},{""class_code"":""suspicious_activity"",""frame_index"":85,""timestamp_ms"":10639,""score"":0.8118330240249634,""source_actor_id"":""WIN_20260726_12_01_37_Pro::s9"",""source_score"":null},{""class_code"":""suspicious_activity"",""frame_index"":125,""timestamp_ms"":15632,""score"":0.6850879788398743,""source_actor_id"":""WIN_20260726_12_01_37_Pro::s9"",""source_score"":null},{""class_code"":""suspicious_activity"",""frame_index"":126,""timestamp_ms"":15774,""score"":0.6850879788398743,""source_actor_id"":""WIN_20260726_12_01_37_Pro::s9"",""source_score"":null},{""class_code"":""suspicious_activity"",""frame_index"":127,""timestamp_ms"":15903,""score"":0.6966037750244141,""source_actor_id"":""WIN_20260726_12_01_37_Pro::s9"",""source_score"":null},{""class_code"":""suspicious_activity"",""frame_index"":128,""timestamp_ms"":16000,""score"":0.7735818028450012,""source_actor_id"":""WIN_20260726_12_01_37_Pro::s9"",""source_score"":null},{""class_code"":""suspicious_activity"",""frame_index"":129,""timestamp_ms"":16128,""score"":0.8457298278808594,""source_actor_id"":""WIN_20260726_12_01_37_Pro::s9"",""source_score"":null},{""class_code"":""suspicious_activity"",""frame_index"":130,""timestamp_ms"":16272,""score"":0.8779197335243225,""source_actor_id"":""WIN_20260726_12_01_37_Pro::s9"",""source_score"":null},{""class_code"":""suspicious_activity"",""frame_index"":131,""timestamp_ms"":16400,""score"":0.8779197335243225,""source_actor_id"":""WIN_20260726_12_01_37_Pro::s9"",""source_score"":null},{""class_code"":""suspicious_activity"",""frame_index"":132,""timestamp_ms"":16528,""score"":0.8843504786491394,""source_actor_id"":""WIN_20260726_12_01_37_Pro::s9"",""source_score"":null},{""class_code"":""suspicious_activity"",""frame_index"":133,""timestamp_ms"":16639,""score"":0.9151006937026978,""source_actor_id"":""WIN_20260726_12_01_37_Pro::s9"",""source_score"":null},{""class_code"":""suspicious_activity"",""frame_index"":134,""timestamp_ms"":16767,""score"":0.9739341735839844,""source_actor_id"":""WIN_20260726_12_01_37_Pro::s9"",""source_score"":null},{""class_code"":""suspicious_activity"",""frame_index"":135,""timestamp_ms"":16896,""score"":0.9578068256378174,""source_actor_id"":""WIN_20260726_12_01_37_Pro::s9"",""source_score"":null},{""class_code"":""suspicious_activity"",""frame_index"":136,""timestamp_ms"":17007,""score"":0.9507834911346436,""source_actor_id"":""WIN_20260726_12_01_37_Pro::s9"",""source_score"":null},{""class_code"":""suspicious_activity"",""frame_index"":137,""timestamp_ms"":17136,""score"":0.9512477517127991,""source_actor_id"":""WIN_20260726_12_01_37_Pro::s9"",""source_score"":null},{""class_code"":""suspicious_activity"",""frame_index"":138,""timestamp_ms"":17264,""score"":0.9512477517127991,""source_actor_id"":""WIN_20260726_12_01_37_Pro::s9"",""source_score"":null},{""class_code"":""suspicious_activity"",""frame_index"":139,""timestamp_ms"":17407,""score"":0.9583022594451904,""source_actor_id"":""WIN_20260726_12_01_37_Pro::s9"",""source_score"":null},{""class_code"":""suspicious_activity"",""frame_index"":140,""timestamp_ms"":17504,""score"":0.9669238924980164,""source_actor_id"":""WIN_20260726_12_01_37_Pro::s9"",""source_score"":null},{""class_code"":""suspicious_activity"",""frame_index"":141,""timestamp_ms"":17632,""score"":0.9681425094604492,""source_actor_id"":""WIN_20260726_12_01_37_Pro::s9"",""source_score"":null},{""class_code"":""suspicious_activity"",""frame_index"":142,""timestamp_ms"":17774,""score"":0.97129887342453,""source_actor_id"":""WIN_20260726_12_01_37_Pro::s9"",""source_score"":null},{""class_code"":""suspicious_activity"",""frame_index"":143,""timestamp_ms"":17904,""score"":0.97129887342453,""source_actor_id"":""WIN_20260726_12_01_37_Pro::s9"",""source_score"":null},{""class_code"":""suspicious_activity"",""frame_index"":144,""timestamp_ms"":18000,""score"":0.97129887342453,""source_actor_id"":""WIN_20260726_12_01_37_Pro::s9"",""source_score"":null},{""class_code"":""suspicious_activity"",""frame_index"":145,""timestamp_ms"":18128,""score"":0.9752580523490906,""source_actor_id"":""WIN_20260726_12_01_37_Pro::s9"",""source_score"":null},{""class_code"":""suspicious_activity"",""frame_index"":146,""timestamp_ms"":18272,""score"":0.9732277393341064,""source_actor_id"":""WIN_20260726_12_01_37_Pro::s9"",""source_score"":null},{""class_code"":""suspicious_activity"",""frame_index"":147,""timestamp_ms"":18400,""score"":0.9650241136550903,""source_actor_id"":""WIN_20260726_12_01_37_Pro::s9"",""source_score"":null},{""class_code"":""suspicious_activity"",""frame_index"":148,""timestamp_ms"":18528,""score"":0.9650241136550903,""source_actor_id"":""WIN_20260726_12_01_37_Pro::s9"",""source_score"":null},{""class_code"":""suspicious_activity"",""frame_index"":149,""timestamp_ms"":18640,""score"":0.9642640948295593,""source_actor_id"":""WIN_20260726_12_01_37_Pro::s9"",""source_score"":null},{""class_code"":""suspicious_activity"",""frame_index"":150,""timestamp_ms"":18768,""score"":0.962681233882904,""source_actor_id"":""WIN_20260726_12_01_37_Pro::s9"",""source_score"":null},{""class_code"":""suspicious_activity"",""frame_index"":151,""timestamp_ms"":18896,""score"":0.9540472030639648,""source_actor_id"":""WIN_20260726_12_01_37_Pro::s9"",""source_score"":null},{""class_code"":""suspicious_activity"",""frame_index"":152,""timestamp_ms"":19007,""score"":0.9033060073852539,""source_actor_id"":""WIN_20260726_12_01_37_Pro::s9"",""source_score"":null},{""class_code"":""suspicious_activity"",""frame_index"":153,""timestamp_ms"":19136,""score"":0.8637197613716125,""source_actor_id"":""WIN_20260726_12_01_37_Pro::s9"",""source_score"":null},{""class_code"":""suspicious_activity"",""frame_index"":154,""timestamp_ms"":19264,""score"":0.8368992209434509,""source_actor_id"":""WIN_20260726_12_01_37_Pro::s9"",""source_score"":null},{""class_code"":""suspicious_activity"",""frame_index"":155,""timestamp_ms"":19406,""score"":0.8368992209434509,""source_actor_id"":""WIN_20260726_12_01_37_Pro::s9"",""source_score"":null},{""class_code"":""suspicious_activity"",""frame_index"":156,""timestamp_ms"":19504,""score"":0.8243760466575623,""source_actor_id"":""WIN_20260726_12_01_37_Pro::s9"",""source_score"":null},{""class_code"":""suspicious_activity"",""frame_index"":157,""timestamp_ms"":19632,""score"":0.8719738125801086,""source_actor_id"":""WIN_20260726_12_01_37_Pro::s9"",""source_score"":null},{""class_code"":""suspicious_activity"",""frame_index"":158,""timestamp_ms"":19760,""score"":0.9391579627990723,""source_actor_id"":""WIN_20260726_12_01_37_Pro::s9"",""source_score"":null},{""class_code"":""suspicious_activity"",""frame_index"":159,""timestamp_ms"":19904,""score"":0.933936357498169,""source_actor_id"":""WIN_20260726_12_01_37_Pro::s9"",""source_score"":null},{""class_code"":""suspicious_activity"",""frame_index"":160,""timestamp_ms"":20000,""score"":0.8638898730278015,""source_actor_id"":""WIN_20260726_12_01_37_Pro::s9"",""source_score"":null},{""class_code"":""suspicious_activity"",""frame_index"":161,""timestamp_ms"":20128,""score"":0.8638898730278015,""source_actor_id"":""WIN_20260726_12_01_37_Pro::s9"",""source_score"":null},{""class_code"":""suspicious_activity"",""frame_index"":162,""timestamp_ms"":20272,""score"":0.8655152320861816,""source_actor_id"":""WIN_20260726_12_01_37_Pro::s9"",""source_score"":null},{""class_code"":""suspicious_activity"",""frame_index"":163,""timestamp_ms"":20400,""score"":0.8759485483169556,""source_actor_id"":""WIN_20260726_12_01_37_Pro::s9"",""source_score"":null},{""class_code"":""suspicious_activity"",""frame_index"":164,""timestamp_ms"":20528,""score"":0.8573746085166931,""source_actor_id"":""WIN_20260726_12_01_37_Pro::s9"",""source_score"":null},{""class_code"":""suspicious_activity"",""frame_index"":165,""timestamp_ms"":20640,""score"":0.8529819250106812,""source_actor_id"":""WIN_20260726_12_01_37_Pro::s9"",""source_score"":null},{""class_code"":""suspicious_activity"",""frame_index"":166,""timestamp_ms"":20768,""score"":0.8747068047523499,""source_actor_id"":""WIN_20260726_12_01_37_Pro::s9"",""source_score"":null},{""class_code"":""suspicious_activity"",""frame_index"":167,""timestamp_ms"":20896,""score"":0.871388852596283,""source_actor_id"":""WIN_20260726_12_01_37_Pro::s9"",""source_score"":null},{""class_code"":""suspicious_activity"",""frame_index"":168,""timestamp_ms"":21006,""score"":0.7682021856307983,""source_actor_id"":""WIN_20260726_12_01_37_Pro::s9"",""source_score"":null},{""class_code"":""suspicious_activity"",""frame_index"":169,""timestamp_ms"":21136,""score"":0.871388852596283,""source_actor_id"":""WIN_20260726_12_01_37_Pro::s9"",""source_score"":null},{""class_code"":""suspicious_activity"",""frame_index"":170,""timestamp_ms"":21264,""score"":0.8359935283660889,""source_actor_id"":""WIN_20260726_12_01_37_Pro::s9"",""source_score"":null},{""class_code"":""suspicious_activity"",""frame_index"":171,""timestamp_ms"":21406,""score"":0.7779013514518738,""source_actor_id"":""WIN_20260726_12_01_37_Pro::s9"",""source_score"":null},{""class_code"":""suspicious_activity"",""frame_index"":172,""timestamp_ms"":21504,""score"":0.7649387717247009,""source_actor_id"":""WIN_20260726_12_01_37_Pro::s9"",""source_score"":null},{""class_code"":""suspicious_activity"",""frame_index"":173,""timestamp_ms"":21632,""score"":0.7620937824249268,""source_actor_id"":""WIN_20260726_12_01_37_Pro::s9"",""source_score"":null},{""class_code"":""suspicious_activity"",""frame_index"":174,""timestamp_ms"":21760,""score"":0.7620937824249268,""source_actor_id"":""WIN_20260726_12_01_37_Pro::s9"",""source_score"":null},{""class_code"":""suspicious_activity"",""frame_index"":200,""timestamp_ms"":25038,""score"":0.6710774898529053,""source_actor_id"":""WIN_20260726_12_01_37_Pro::s9"",""source_score"":null},{""class_code"":""suspicious_activity"",""frame_index"":201,""timestamp_ms"":25136,""score"":0.7028712630271912,""source_actor_id"":""WIN_20260726_12_01_37_Pro::s9"",""source_score"":null},{""class_code"":""suspicious_activity"",""frame_index"":202,""timestamp_ms"":25264,""score"":0.7757557034492493,""source_actor_id"":""WIN_20260726_12_01_37_Pro::s9"",""source_score"":null},{""class_code"":""suspicious_activity"",""frame_index"":203,""timestamp_ms"":25392,""score"":0.8634321093559265,""source_actor_id"":""WIN_20260726_12_01_37_Pro::s9"",""source_score"":null},{""class_code"":""suspicious_activity"",""frame_index"":204,""timestamp_ms"":25504,""score"":0.714755654335022,""source_actor_id"":""WIN_20260726_12_01_37_Pro::s9"",""source_score"":null},{""class_code"":""suspicious_activity"",""frame_index"":205,""timestamp_ms"":25632,""score"":0.742988646030426,""source_actor_id"":""WIN_20260726_12_01_37_Pro::s9"",""source_score"":null},{""class_code"":""suspicious_activity"",""frame_index"":233,""timestamp_ms"":29136,""score"":0.8705493807792664,""source_actor_id"":""WIN_20260726_12_01_37_Pro::s9"",""source_score"":null},{""class_code"":""suspicious_activity"",""frame_index"":234,""timestamp_ms"":29264,""score"":0.8610381484031677,""source_actor_id"":""WIN_20260726_12_01_37_Pro::s9"",""source_score"":null},{""class_code"":""suspicious_activity"",""frame_index"":235,""timestamp_ms"":29392,""score"":0.8570680022239685,""source_actor_id"":""WIN_20260726_12_01_37_Pro::s9"",""source_score"":null},{""class_code"":""suspicious_activity"",""frame_index"":236,""timestamp_ms"":29504,""score"":0.8864281177520752,""source_actor_id"":""WIN_20260726_12_01_37_Pro::s9"",""source_score"":null},{""class_code"":""suspicious_activity"",""frame_index"":237,""timestamp_ms"":29632,""score"":0.9498994946479797,""source_actor_id"":""WIN_20260726_12_01_37_Pro::s9"",""source_score"":null},{""class_code"":""suspicious_activity"",""frame_index"":238,""timestamp_ms"":29760,""score"":0.9411269426345825,""source_actor_id"":""WIN_20260726_12_01_37_Pro::s9"",""source_score"":null},{""class_code"":""suspicious_activity"",""frame_index"":239,""timestamp_ms"":29904,""score"":0.9383414387702942,""source_actor_id"":""WIN_20260726_12_01_37_Pro::s9"",""source_score"":null},{""class_code"":""suspicious_activity"",""frame_index"":240,""timestamp_ms"":30000,""score"":0.940768301486969,""source_actor_id"":""WIN_20260726_12_01_37_Pro::s9"",""source_score"":null},{""class_code"":""suspicious_activity"",""frame_index"":241,""timestamp_ms"":30128,""score"":0.9366429448127747,""source_actor_id"":""WIN_20260726_12_01_37_Pro::s9"",""source_score"":null},{""class_code"":""suspicious_activity"",""frame_index"":242,""timestamp_ms"":30270,""score"":0.934623658657074,""source_actor_id"":""WIN_20260726_12_01_37_Pro::s9"",""source_score"":null},{""class_code"":""suspicious_activity"",""frame_index"":243,""timestamp_ms"":30400,""score"":0.9429371953010559,""source_actor_id"":""WIN_20260726_12_01_37_Pro::s9"",""source_score"":null},{""class_code"":""suspicious_activity"",""frame_index"":244,""timestamp_ms"":30528,""score"":0.9489552974700928,""source_actor_id"":""WIN_20260726_12_01_37_Pro::s9"",""source_score"":null},{""class_code"":""suspicious_activity"",""frame_index"":245,""timestamp_ms"":30670,""score"":0.9380412101745605,""source_actor_id"":""WIN_20260726_12_01_37_Pro::s9"",""source_score"":null},{""class_code"":""suspicious_activity"",""frame_index"":246,""timestamp_ms"":30768,""score"":0.9580005407333374,""source_actor_id"":""WIN_20260726_12_01_37_Pro::s9"",""source_score"":null},{""class_code"":""suspicious_activity"",""frame_index"":247,""timestamp_ms"":30896,""score"":0.9600403308868408,""source_actor_id"":""WIN_20260726_12_01_37_Pro::s9"",""source_score"":null},{""class_code"":""suspicious_activity"",""frame_index"":248,""timestamp_ms"":31024,""score"":0.9595545530319214,""source_actor_id"":""WIN_20260726_12_01_37_Pro::s9"",""source_score"":null},{""class_code"":""suspicious_activity"",""frame_index"":249,""timestamp_ms"":31136,""score"":0.9606538414955139,""source_actor_id"":""WIN_20260726_12_01_37_Pro::s9"",""source_score"":null},{""class_code"":""suspicious_activity"",""frame_index"":250,""timestamp_ms"":31264,""score"":0.9583195447921753,""source_actor_id"":""WIN_20260726_12_01_37_Pro::s9"",""source_score"":null},{""class_code"":""suspicious_activity"",""frame_index"":251,""timestamp_ms"":31392,""score"":0.9583195447921753,""source_actor_id"":""WIN_20260726_12_01_37_Pro::s9"",""source_score"":null},{""class_code"":""suspicious_activity"",""frame_index"":252,""timestamp_ms"":31502,""score"":0.9583195447921753,""source_actor_id"":""WIN_20260726_12_01_37_Pro::s9"",""source_score"":null},{""class_code"":""suspicious_activity"",""frame_index"":253,""timestamp_ms"":31632,""score"":0.9583195447921753,""source_actor_id"":""WIN_20260726_12_01_37_Pro::s9"",""source_score"":null},{""class_code"":""suspicious_activity"",""frame_index"":254,""timestamp_ms"":31760,""score"":0.9665628671646118,""source_actor_id"":""WIN_20260726_12_01_37_Pro::s9"",""source_score"":null},{""class_code"":""suspicious_activity"",""frame_index"":255,""timestamp_ms"":31903,""score"":0.9665628671646118,""source_actor_id"":""WIN_20260726_12_01_37_Pro::s9"",""source_score"":null},{""class_code"":""suspicious_activity"",""frame_index"":256,""timestamp_ms"":32000,""score"":0.9675893783569336,""source_actor_id"":""WIN_20260726_12_01_37_Pro::s9"",""source_score"":null},{""class_code"":""suspicious_activity"",""frame_index"":257,""timestamp_ms"":32128,""score"":0.9675893783569336,""source_actor_id"":""WIN_20260726_12_01_37_Pro::s9"",""source_score"":null},{""class_code"":""suspicious_activity"",""frame_index"":258,""timestamp_ms"":32256,""score"":0.9675893783569336,""source_actor_id"":""WIN_20260726_12_01_37_Pro::s9"",""source_score"":null},{""class_code"":""suspicious_activity"",""frame_index"":259,""timestamp_ms"":32400,""score"":0.9706469774246216,""source_actor_id"":""WIN_20260726_12_01_37_Pro::s9"",""source_score"":null},{""class_code"":""suspicious_activity"",""frame_index"":270,""timestamp_ms"":33760,""score"":0.9754146337509155,""source_actor_id"":""WIN_20260726_12_01_37_Pro::s9"",""source_score"":null},{""class_code"":""suspicious_activity"",""frame_index"":271,""timestamp_ms"":33903,""score"":0.9721549153327942,""source_actor_id"":""WIN_20260726_12_01_37_Pro::s9"",""source_score"":null},{""class_code"":""suspicious_activity"",""frame_index"":272,""timestamp_ms"":34000,""score"":0.9721549153327942,""source_actor_id"":""WIN_20260726_12_01_37_Pro::s9"",""source_score"":null},{""class_code"":""suspicious_activity"",""frame_index"":273,""timestamp_ms"":34128,""score"":0.9724554419517517,""source_actor_id"":""WIN_20260726_12_01_37_Pro::s9"",""source_score"":null},{""class_code"":""suspicious_activity"",""frame_index"":274,""timestamp_ms"":34256,""score"":0.9748138189315796,""source_actor_id"":""WIN_20260726_12_01_37_Pro::s9"",""source_score"":null},{""class_code"":""suspicious_activity"",""frame_index"":275,""timestamp_ms"":34400,""score"":0.9721827507019043,""source_actor_id"":""WIN_20260726_12_01_37_Pro::s9"",""source_score"":null},{""class_code"":""suspicious_activity"",""frame_index"":276,""timestamp_ms"":34528,""score"":0.9714081883430481,""source_actor_id"":""WIN_20260726_12_01_37_Pro::s9"",""source_score"":null},{""class_code"":""suspicious_activity"",""frame_index"":277,""timestamp_ms"":34656,""score"":0.9714081883430481,""source_actor_id"":""WIN_20260726_12_01_37_Pro::s9"",""source_score"":null},{""class_code"":""suspicious_activity"",""frame_index"":278,""timestamp_ms"":34768,""score"":0.9714081883430481,""source_actor_id"":""WIN_20260726_12_01_37_Pro::s9"",""source_score"":null},{""class_code"":""suspicious_activity"",""frame_index"":279,""timestamp_ms"":34896,""score"":0.9717558026313782,""source_actor_id"":""WIN_20260726_12_01_37_Pro::s9"",""source_score"":null},{""class_code"":""suspicious_activity"",""frame_index"":280,""timestamp_ms"":35024,""score"":0.9693183302879333,""source_actor_id"":""WIN_20260726_12_01_37_Pro::s9"",""source_score"":null},{""class_code"":""suspicious_activity"",""frame_index"":281,""timestamp_ms"":35135,""score"":0.9725781083106995,""source_actor_id"":""WIN_20260726_12_01_37_Pro::s9"",""source_score"":null},{""class_code"":""suspicious_activity"",""frame_index"":282,""timestamp_ms"":35264,""score"":0.9725781083106995,""source_actor_id"":""WIN_20260726_12_01_37_Pro::s9"",""source_score"":null},{""class_code"":""suspicious_activity"",""frame_index"":283,""timestamp_ms"":35392,""score"":0.9732223153114319,""source_actor_id"":""WIN_20260726_12_01_37_Pro::s9"",""source_score"":null},{""class_code"":""suspicious_activity"",""frame_index"":284,""timestamp_ms"":35535,""score"":0.9666601419448853,""source_actor_id"":""WIN_20260726_12_01_37_Pro::s9"",""source_score"":null},{""class_code"":""suspicious_activity"",""frame_index"":285,""timestamp_ms"":35632,""score"":0.9695762395858765,""source_actor_id"":""WIN_20260726_12_01_37_Pro::s9"",""source_score"":null},{""class_code"":""suspicious_activity"",""frame_index"":286,""timestamp_ms"":35760,""score"":0.9695762395858765,""source_actor_id"":""WIN_20260726_12_01_37_Pro::s9"",""source_score"":null},{""class_code"":""suspicious_activity"",""frame_index"":287,""timestamp_ms"":35888,""score"":0.9620646238327026,""source_actor_id"":""WIN_20260726_12_01_37_Pro::s9"",""source_score"":null},{""class_code"":""suspicious_activity"",""frame_index"":288,""timestamp_ms"":36000,""score"":0.9614885449409485,""source_actor_id"":""WIN_20260726_12_01_37_Pro::s9"",""source_score"":null},{""class_code"":""suspicious_activity"",""frame_index"":289,""timestamp_ms"":36128,""score"":0.9614885449409485,""source_actor_id"":""WIN_20260726_12_01_37_Pro::s9"",""source_score"":null},{""class_code"":""suspicious_activity"",""frame_index"":290,""timestamp_ms"":36256,""score"":0.9609684944152832,""source_actor_id"":""WIN_20260726_12_01_37_Pro::s9"",""source_score"":null},{""class_code"":""suspicious_activity"",""frame_index"":291,""timestamp_ms"":36400,""score"":0.9545350670814514,""source_actor_id"":""WIN_20260726_12_01_37_Pro::s9"",""source_score"":null},{""class_code"":""suspicious_activity"",""frame_index"":292,""timestamp_ms"":36528,""score"":0.924068808555603,""source_actor_id"":""WIN_20260726_12_01_37_Pro::s9"",""source_score"":null},{""class_code"":""suspicious_activity"",""frame_index"":293,""timestamp_ms"":36656,""score"":0.9469420313835144,""source_actor_id"":""WIN_20260726_12_01_37_Pro::s9"",""source_score"":null},{""class_code"":""suspicious_activity"",""frame_index"":294,""timestamp_ms"":36768,""score"":0.9579323530197144,""source_actor_id"":""WIN_20260726_12_01_37_Pro::s9"",""source_score"":null},{""class_code"":""suspicious_activity"",""frame_index"":295,""timestamp_ms"":36896,""score"":0.9579323530197144,""source_actor_id"":""WIN_20260726_12_01_37_Pro::s9"",""source_score"":null},{""class_code"":""suspicious_activity"",""frame_index"":296,""timestamp_ms"":37024,""score"":0.9518488645553589,""source_actor_id"":""WIN_20260726_12_01_37_Pro::s9"",""source_score"":null},{""class_code"":""suspicious_activity"",""frame_index"":297,""timestamp_ms"":37135,""score"":0.840830385684967,""source_actor_id"":""WIN_20260726_12_01_37_Pro::s9"",""source_score"":null},{""class_code"":""suspicious_activity"",""frame_index"":298,""timestamp_ms"":37264,""score"":0.7036265730857849,""source_actor_id"":""WIN_20260726_12_01_37_Pro::s9"",""source_score"":null},{""class_code"":""suspicious_activity"",""frame_index"":299,""timestamp_ms"":37392,""score"":0.6991259455680847,""source_actor_id"":""WIN_20260726_12_01_37_Pro::s9"",""source_score"":null},{""class_code"":""suspicious_activity"",""frame_index"":300,""timestamp_ms"":37535,""score"":0.6729807257652283,""source_actor_id"":""WIN_20260726_12_01_37_Pro::s9"",""source_score"":null},{""class_code"":""suspicious_activity"",""frame_index"":301,""timestamp_ms"":37632,""score"":0.6847355961799622,""source_actor_id"":""WIN_20260726_12_01_37_Pro::s9"",""source_score"":null},{""class_code"":""suspicious_activity"",""frame_index"":302,""timestamp_ms"":37760,""score"":0.6847355961799622,""source_actor_id"":""WIN_20260726_12_01_37_Pro::s9"",""source_score"":null},{""class_code"":""suspicious_activity"",""frame_index"":303,""timestamp_ms"":37888,""score"":0.6847355961799622,""source_actor_id"":""WIN_20260726_12_01_37_Pro::s9"",""source_score"":null},{""class_code"":""suspicious_activity"",""frame_index"":304,""timestamp_ms"":38000,""score"":0.6729807257652283,""source_actor_id"":""WIN_20260726_12_01_37_Pro::s9"",""source_score"":null},{""class_code"":""suspicious_activity"",""frame_index"":305,""timestamp_ms"":38128,""score"":0.6930748820304871,""source_actor_id"":""WIN_20260726_12_01_37_Pro::s9"",""source_score"":null},{""class_code"":""suspicious_activity"",""frame_index"":306,""timestamp_ms"":38256,""score"":0.6930748820304871,""source_actor_id"":""WIN_20260726_12_01_37_Pro::s9"",""source_score"":null},{""class_code"":""suspicious_activity"",""frame_index"":307,""timestamp_ms"":38400,""score"":0.6993656158447266,""source_actor_id"":""WIN_20260726_12_01_37_Pro::s9"",""source_score"":null},{""class_code"":""suspicious_activity"",""frame_index"":308,""timestamp_ms"":38528,""score"":0.6993656158447266,""source_actor_id"":""WIN_20260726_12_01_37_Pro::s9"",""source_score"":null},{""class_code"":""suspicious_activity"",""frame_index"":309,""timestamp_ms"":38656,""score"":0.7133677005767822,""source_actor_id"":""WIN_20260726_12_01_37_Pro::s9"",""source_score"":null},{""class_code"":""suspicious_activity"",""frame_index"":310,""timestamp_ms"":38768,""score"":0.7133677005767822,""source_actor_id"":""WIN_20260726_12_01_37_Pro::s9"",""source_score"":null},{""class_code"":""suspicious_activity"",""frame_index"":311,""timestamp_ms"":38896,""score"":0.7133677005767822,""source_actor_id"":""WIN_20260726_12_01_37_Pro::s9"",""source_score"":null},{""class_code"":""suspicious_activity"",""frame_index"":312,""timestamp_ms"":39024,""score"":0.7074633836746216,""source_actor_id"":""WIN_20260726_12_01_37_Pro::s9"",""source_score"":null},{""class_code"":""suspicious_activity"",""frame_index"":313,""timestamp_ms"":39167,""score"":0.7107961177825928,""source_actor_id"":""WIN_20260726_12_01_37_Pro::s9"",""source_score"":null},{""class_code"":""suspicious_activity"",""frame_index"":325,""timestamp_ms"":40656,""score"":0.7195533514022827,""source_actor_id"":""WIN_20260726_12_01_37_Pro::s9"",""source_score"":null},{""class_code"":""suspicious_activity"",""frame_index"":326,""timestamp_ms"":40767,""score"":0.9333245158195496,""source_actor_id"":""WIN_20260726_12_01_37_Pro::s9"",""source_score"":null},{""class_code"":""suspicious_activity"",""frame_index"":327,""timestamp_ms"":40896,""score"":0.93960040807724,""source_actor_id"":""WIN_20260726_12_01_37_Pro::s9"",""source_score"":null},{""class_code"":""suspicious_activity"",""frame_index"":328,""timestamp_ms"":41024,""score"":0.9428762793540955,""source_actor_id"":""WIN_20260726_12_01_37_Pro::s9"",""source_score"":null},{""class_code"":""suspicious_activity"",""frame_index"":329,""timestamp_ms"":41167,""score"":0.95261549949646,""source_actor_id"":""WIN_20260726_12_01_37_Pro::s9"",""source_score"":null},{""class_code"":""suspicious_activity"",""frame_index"":330,""timestamp_ms"":41264,""score"":0.9622458219528198,""source_actor_id"":""WIN_20260726_12_01_37_Pro::s9"",""source_score"":null},{""class_code"":""suspicious_activity"",""frame_index"":331,""timestamp_ms"":41392,""score"":0.9744662642478943,""source_actor_id"":""WIN_20260726_12_01_37_Pro::s9"",""source_score"":null},{""class_code"":""suspicious_activity"",""frame_index"":332,""timestamp_ms"":41520,""score"":0.9768392443656921,""source_actor_id"":""WIN_20260726_12_01_37_Pro::s9"",""source_score"":null},{""class_code"":""suspicious_activity"",""frame_index"":333,""timestamp_ms"":41632,""score"":0.98252272605896,""source_actor_id"":""WIN_20260726_12_01_37_Pro::s9"",""source_score"":null},{""class_code"":""suspicious_activity"",""frame_index"":334,""timestamp_ms"":41760,""score"":0.9825160503387451,""source_actor_id"":""WIN_20260726_12_01_37_Pro::s9"",""source_score"":null},{""class_code"":""suspicious_activity"",""frame_index"":335,""timestamp_ms"":41888,""score"":0.9761630296707153,""source_actor_id"":""WIN_20260726_12_01_37_Pro::s9"",""source_score"":null},{""class_code"":""suspicious_activity"",""frame_index"":336,""timestamp_ms"":42000,""score"":0.9754664897918701,""source_actor_id"":""WIN_20260726_12_01_37_Pro::s9"",""source_score"":null},{""class_code"":""suspicious_activity"",""frame_index"":337,""timestamp_ms"":42128,""score"":0.9753746390342712,""source_actor_id"":""WIN_20260726_12_01_37_Pro::s9"",""source_score"":null},{""class_code"":""suspicious_activity"",""frame_index"":338,""timestamp_ms"":42256,""score"":0.9758043885231018,""source_actor_id"":""WIN_20260726_12_01_37_Pro::s9"",""source_score"":null},{""class_code"":""suspicious_activity"",""frame_index"":339,""timestamp_ms"":42400,""score"":0.9770111441612244,""source_actor_id"":""WIN_20260726_12_01_37_Pro::s9"",""source_score"":null},{""class_code"":""suspicious_activity"",""frame_index"":340,""timestamp_ms"":42528,""score"":0.9770111441612244,""source_actor_id"":""WIN_20260726_12_01_37_Pro::s9"",""source_score"":null},{""class_code"":""suspicious_activity"",""frame_index"":341,""timestamp_ms"":42656,""score"":0.9760682582855225,""source_actor_id"":""WIN_20260726_12_01_37_Pro::s9"",""source_score"":null},{""class_code"":""suspicious_activity"",""frame_index"":342,""timestamp_ms"":42753,""score"":0.9741567373275757,""source_actor_id"":""WIN_20260726_12_01_37_Pro::s9"",""source_score"":null},{""class_code"":""suspicious_activity"",""frame_index"":343,""timestamp_ms"":42896,""score"":0.9734476208686829,""source_actor_id"":""WIN_20260726_12_01_37_Pro::s9"",""source_score"":null},{""class_code"":""suspicious_activity"",""frame_index"":344,""timestamp_ms"":43024,""score"":0.969170331954956,""source_actor_id"":""WIN_20260726_12_01_37_Pro::s9"",""source_score"":null},{""class_code"":""suspicious_activity"",""frame_index"":345,""timestamp_ms"":43153,""score"":0.9657422304153442,""source_actor_id"":""WIN_20260726_12_01_37_Pro::s9"",""source_score"":null},{""class_code"":""suspicious_activity"",""frame_index"":346,""timestamp_ms"":43264,""score"":0.9489631056785583,""source_actor_id"":""WIN_20260726_12_01_37_Pro::s9"",""source_score"":null},{""class_code"":""suspicious_activity"",""frame_index"":347,""timestamp_ms"":43392,""score"":0.9581579566001892,""source_actor_id"":""WIN_20260726_12_01_37_Pro::s9"",""source_score"":null},{""class_code"":""suspicious_activity"",""frame_index"":348,""timestamp_ms"":43520,""score"":0.9487259984016418,""source_actor_id"":""WIN_20260726_12_01_37_Pro::s9"",""source_score"":null},{""class_code"":""suspicious_activity"",""frame_index"":349,""timestamp_ms"":43632,""score"":0.9511286020278931,""source_actor_id"":""WIN_20260726_12_01_37_Pro::s9"",""source_score"":null},{""class_code"":""suspicious_activity"",""frame_index"":350,""timestamp_ms"":43760,""score"":0.9385241866111755,""source_actor_id"":""WIN_20260726_12_01_37_Pro::s9"",""source_score"":null},{""class_code"":""suspicious_activity"",""frame_index"":351,""timestamp_ms"":43888,""score"":0.9413211345672607,""source_actor_id"":""WIN_20260726_12_01_37_Pro::s9"",""source_score"":null},{""class_code"":""suspicious_activity"",""frame_index"":352,""timestamp_ms"":44032,""score"":0.9104348421096802,""source_actor_id"":""WIN_20260726_12_01_37_Pro::s9"",""source_score"":null},{""class_code"":""suspicious_activity"",""frame_index"":353,""timestamp_ms"":44128,""score"":0.9097885489463806,""source_actor_id"":""WIN_20260726_12_01_37_Pro::s9"",""source_score"":null}]",10,1279,s9,4,355,True,suspicious_activity
WIN_20260726_12_02_24_Pro,s10,c5,c5,suspicious_activity,s10,412,51521,0.9435253143310547,,"[{""class_code"":""suspicious_activity"",""frame_index"":4,""timestamp_ms"":528,""score"":0.8289089202880859,""source_actor_id"":""WIN_20260726_12_02_24_Pro::s10"",""source_score"":null},{""class_code"":""suspicious_activity"",""frame_index"":5,""timestamp_ms"":639,""score"":0.7619137167930603,""source_actor_id"":""WIN_20260726_12_02_24_Pro::s10"",""source_score"":null},{""class_code"":""suspicious_activity"",""frame_index"":6,""timestamp_ms"":767,""score"":0.7619137167930603,""source_actor_id"":""WIN_20260726_12_02_24_Pro::s10"",""source_score"":null},{""class_code"":""suspicious_activity"",""frame_index"":7,""timestamp_ms"":896,""score"":0.7619137167930603,""source_actor_id"":""WIN_20260726_12_02_24_Pro::s10"",""source_score"":null},{""class_code"":""suspicious_activity"",""frame_index"":8,""timestamp_ms"":1006,""score"":0.7619137167930603,""source_actor_id"":""WIN_20260726_12_02_24_Pro::s10"",""source_score"":null},{""class_code"":""suspicious_activity"",""frame_index"":9,""timestamp_ms"":1136,""score"":0.7619137167930603,""source_actor_id"":""WIN_20260726_12_02_24_Pro::s10"",""source_score"":null},{""class_code"":""suspicious_activity"",""frame_index"":10,""timestamp_ms"":1264,""score"":0.7656345963478088,""source_actor_id"":""WIN_20260726_12_02_24_Pro::s10"",""source_score"":null},{""class_code"":""suspicious_activity"",""frame_index"":11,""timestamp_ms"":1406,""score"":0.8002551794052124,""source_actor_id"":""WIN_20260726_12_02_24_Pro::s10"",""source_score"":null},{""class_code"":""suspicious_activity"",""frame_index"":12,""timestamp_ms"":1503,""score"":0.8952305912971497,""source_actor_id"":""WIN_20260726_12_02_24_Pro::s10"",""source_score"":null},{""class_code"":""suspicious_activity"",""frame_index"":13,""timestamp_ms"":1632,""score"":0.8953798413276672,""source_actor_id"":""WIN_20260726_12_02_24_Pro::s10"",""source_score"":null},{""class_code"":""suspicious_activity"",""frame_index"":14,""timestamp_ms"":1760,""score"":0.8951500058174133,""source_actor_id"":""WIN_20260726_12_02_24_Pro::s10"",""source_score"":null},{""class_code"":""suspicious_activity"",""frame_index"":15,""timestamp_ms"":1903,""score"":0.8743767738342285,""source_actor_id"":""WIN_20260726_12_02_24_Pro::s10"",""source_score"":null},{""class_code"":""suspicious_activity"",""frame_index"":16,""timestamp_ms"":2000,""score"":0.8743767738342285,""source_actor_id"":""WIN_20260726_12_02_24_Pro::s10"",""source_score"":null},{""class_code"":""suspicious_activity"",""frame_index"":17,""timestamp_ms"":2128,""score"":0.8618979454040527,""source_actor_id"":""WIN_20260726_12_02_24_Pro::s10"",""source_score"":null},{""class_code"":""suspicious_activity"",""frame_index"":18,""timestamp_ms"":2272,""score"":0.8618979454040527,""source_actor_id"":""WIN_20260726_12_02_24_Pro::s10"",""source_score"":null},{""class_code"":""suspicious_activity"",""frame_index"":19,""timestamp_ms"":2400,""score"":0.7500026226043701,""source_actor_id"":""WIN_20260726_12_02_24_Pro::s10"",""source_score"":null},{""class_code"":""suspicious_activity"",""frame_index"":20,""timestamp_ms"":2528,""score"":0.7436089515686035,""source_actor_id"":""WIN_20260726_12_02_24_Pro::s10"",""source_score"":null},{""class_code"":""suspicious_activity"",""frame_index"":21,""timestamp_ms"":2640,""score"":0.7436089515686035,""source_actor_id"":""WIN_20260726_12_02_24_Pro::s10"",""source_score"":null},{""class_code"":""suspicious_activity"",""frame_index"":22,""timestamp_ms"":2768,""score"":0.7473709583282471,""source_actor_id"":""WIN_20260726_12_02_24_Pro::s10"",""source_score"":null},{""class_code"":""suspicious_activity"",""frame_index"":23,""timestamp_ms"":2896,""score"":0.7473709583282471,""source_actor_id"":""WIN_20260726_12_02_24_Pro::s10"",""source_score"":null},{""class_code"":""suspicious_activity"",""frame_index"":24,""timestamp_ms"":3006,""score"":0.7495789527893066,""source_actor_id"":""WIN_20260726_12_02_24_Pro::s10"",""source_score"":null},{""class_code"":""suspicious_activity"",""frame_index"":25,""timestamp_ms"":3136,""score"":0.7495789527893066,""source_actor_id"":""WIN_20260726_12_02_24_Pro::s10"",""source_score"":null},{""class_code"":""suspicious_activity"",""frame_index"":26,""timestamp_ms"":3264,""score"":0.798469066619873,""source_actor_id"":""WIN_20260726_12_02_24_Pro::s10"",""source_score"":null},{""class_code"":""suspicious_activity"",""frame_index"":279,""timestamp_ms"":34895,""score"":0.7616240382194519,""source_actor_id"":""WIN_20260726_12_02_24_Pro::s10"",""source_score"":null},{""class_code"":""suspicious_activity"",""frame_index"":280,""timestamp_ms"":35024,""score"":0.7688406109809875,""source_actor_id"":""WIN_20260726_12_02_24_Pro::s10"",""source_score"":null},{""class_code"":""suspicious_activity"",""frame_index"":281,""timestamp_ms"":35153,""score"":0.7701326012611389,""source_actor_id"":""WIN_20260726_12_02_24_Pro::s10"",""source_score"":null},{""class_code"":""suspicious_activity"",""frame_index"":282,""timestamp_ms"":35295,""score"":0.7701326012611389,""source_actor_id"":""WIN_20260726_12_02_24_Pro::s10"",""source_score"":null},{""class_code"":""suspicious_activity"",""frame_index"":283,""timestamp_ms"":35392,""score"":0.7701326012611389,""source_actor_id"":""WIN_20260726_12_02_24_Pro::s10"",""source_score"":null},{""class_code"":""suspicious_activity"",""frame_index"":284,""timestamp_ms"":35520,""score"":0.7701326012611389,""source_actor_id"":""WIN_20260726_12_02_24_Pro::s10"",""source_score"":null},{""class_code"":""suspicious_activity"",""frame_index"":285,""timestamp_ms"":35648,""score"":0.7701326012611389,""source_actor_id"":""WIN_20260726_12_02_24_Pro::s10"",""source_score"":null},{""class_code"":""suspicious_activity"",""frame_index"":286,""timestamp_ms"":35760,""score"":0.7701326012611389,""source_actor_id"":""WIN_20260726_12_02_24_Pro::s10"",""source_score"":null},{""class_code"":""suspicious_activity"",""frame_index"":287,""timestamp_ms"":35889,""score"":0.7701326012611389,""source_actor_id"":""WIN_20260726_12_02_24_Pro::s10"",""source_score"":null},{""class_code"":""suspicious_activity"",""frame_index"":288,""timestamp_ms"":36017,""score"":0.8140730857849121,""source_actor_id"":""WIN_20260726_12_02_24_Pro::s10"",""source_score"":null},{""class_code"":""suspicious_activity"",""frame_index"":289,""timestamp_ms"":36128,""score"":0.7889377474784851,""source_actor_id"":""WIN_20260726_12_02_24_Pro::s10"",""source_score"":null},{""class_code"":""suspicious_activity"",""frame_index"":290,""timestamp_ms"":36257,""score"":0.7829073667526245,""source_actor_id"":""WIN_20260726_12_02_24_Pro::s10"",""source_score"":null},{""class_code"":""suspicious_activity"",""frame_index"":291,""timestamp_ms"":36385,""score"":0.7829073667526245,""source_actor_id"":""WIN_20260726_12_02_24_Pro::s10"",""source_score"":null},{""class_code"":""suspicious_activity"",""frame_index"":292,""timestamp_ms"":36528,""score"":0.7829073667526245,""source_actor_id"":""WIN_20260726_12_02_24_Pro::s10"",""source_score"":null},{""class_code"":""suspicious_activity"",""frame_index"":297,""timestamp_ms"":37153,""score"":0.7528864145278931,""source_actor_id"":""WIN_20260726_12_02_24_Pro::s10"",""source_score"":null},{""class_code"":""suspicious_activity"",""frame_index"":298,""timestamp_ms"":37295,""score"":0.7773032188415527,""source_actor_id"":""WIN_20260726_12_02_24_Pro::s10"",""source_score"":null},{""class_code"":""suspicious_activity"",""frame_index"":305,""timestamp_ms"":38128,""score"":0.6997551918029785,""source_actor_id"":""WIN_20260726_12_02_24_Pro::s10"",""source_score"":null},{""class_code"":""suspicious_activity"",""frame_index"":317,""timestamp_ms"":39649,""score"":0.6883645057678223,""source_actor_id"":""WIN_20260726_12_02_24_Pro::s10"",""source_score"":null},{""class_code"":""suspicious_activity"",""frame_index"":318,""timestamp_ms"":39761,""score"":0.8917545080184937,""source_actor_id"":""WIN_20260726_12_02_24_Pro::s10"",""source_score"":null},{""class_code"":""suspicious_activity"",""frame_index"":319,""timestamp_ms"":39889,""score"":0.8917545080184937,""source_actor_id"":""WIN_20260726_12_02_24_Pro::s10"",""source_score"":null},{""class_code"":""suspicious_activity"",""frame_index"":320,""timestamp_ms"":40017,""score"":0.9015202522277832,""source_actor_id"":""WIN_20260726_12_02_24_Pro::s10"",""source_score"":null},{""class_code"":""suspicious_activity"",""frame_index"":321,""timestamp_ms"":40127,""score"":0.8989425897598267,""source_actor_id"":""WIN_20260726_12_02_24_Pro::s10"",""source_score"":null},{""class_code"":""suspicious_activity"",""frame_index"":322,""timestamp_ms"":40257,""score"":0.7086750864982605,""source_actor_id"":""WIN_20260726_12_02_24_Pro::s10"",""source_score"":null},{""class_code"":""suspicious_activity"",""frame_index"":323,""timestamp_ms"":40385,""score"":0.6903730034828186,""source_actor_id"":""WIN_20260726_12_02_24_Pro::s10"",""source_score"":null},{""class_code"":""suspicious_activity"",""frame_index"":404,""timestamp_ms"":50513,""score"":0.8038821816444397,""source_actor_id"":""WIN_20260726_12_02_24_Pro::s10"",""source_score"":null},{""class_code"":""suspicious_activity"",""frame_index"":406,""timestamp_ms"":50753,""score"":0.8511250615119934,""source_actor_id"":""WIN_20260726_12_02_24_Pro::s10"",""source_score"":null},{""class_code"":""suspicious_activity"",""frame_index"":407,""timestamp_ms"":50881,""score"":0.8646154403686523,""source_actor_id"":""WIN_20260726_12_02_24_Pro::s10"",""source_score"":null},{""class_code"":""suspicious_activity"",""frame_index"":408,""timestamp_ms"":51024,""score"":0.8564435243606567,""source_actor_id"":""WIN_20260726_12_02_24_Pro::s10"",""source_score"":null},{""class_code"":""suspicious_activity"",""frame_index"":409,""timestamp_ms"":51153,""score"":0.910235583782196,""source_actor_id"":""WIN_20260726_12_02_24_Pro::s10"",""source_score"":null},{""class_code"":""suspicious_activity"",""frame_index"":410,""timestamp_ms"":51281,""score"":0.9364334344863892,""source_actor_id"":""WIN_20260726_12_02_24_Pro::s10"",""source_score"":null},{""class_code"":""suspicious_activity"",""frame_index"":411,""timestamp_ms"":51377,""score"":0.9435253143310547,""source_actor_id"":""WIN_20260726_12_02_24_Pro::s10"",""source_score"":null},{""class_code"":""suspicious_activity"",""frame_index"":412,""timestamp_ms"":51521,""score"":0.9435253143310547,""source_actor_id"":""WIN_20260726_12_02_24_Pro::s10"",""source_score"":null},{""class_code"":""suspicious_activity"",""frame_index"":413,""timestamp_ms"":51649,""score"":0.9044750332832336,""source_actor_id"":""WIN_20260726_12_02_24_Pro::s10"",""source_score"":null},{""class_code"":""suspicious_activity"",""frame_index"":414,""timestamp_ms"":51777,""score"":0.8680631518363953,""source_actor_id"":""WIN_20260726_12_02_24_Pro::s10"",""source_score"":null},{""class_code"":""suspicious_activity"",""frame_index"":415,""timestamp_ms"":51889,""score"":0.849615216255188,""source_actor_id"":""WIN_20260726_12_02_24_Pro::s10"",""source_score"":null},{""class_code"":""suspicious_activity"",""frame_index"":416,""timestamp_ms"":52017,""score"":0.8837203979492188,""source_actor_id"":""WIN_20260726_12_02_24_Pro::s10"",""source_score"":null}]",4,528,s10,4,455,True,suspicious_activity
WIN_20260726_12_02_24_Pro,s9,c5,c5,suspicious_activity,s9,385,48145,0.9911134839057922,,"[{""class_code"":""suspicious_activity"",""frame_index"":26,""timestamp_ms"":3264,""score"":0.8970041871070862,""source_actor_id"":""WIN_20260726_12_02_24_Pro::s9"",""source_score"":null},{""class_code"":""suspicious_activity"",""frame_index"":27,""timestamp_ms"":3392,""score"":0.8968346118927002,""source_actor_id"":""WIN_20260726_12_02_24_Pro::s9"",""source_score"":null},{""class_code"":""suspicious_activity"",""frame_index"":28,""timestamp_ms"":3504,""score"":0.9070020318031311,""source_actor_id"":""WIN_20260726_12_02_24_Pro::s9"",""source_score"":null},{""class_code"":""suspicious_activity"",""frame_index"":29,""timestamp_ms"":3632,""score"":0.9086617231369019,""source_actor_id"":""WIN_20260726_12_02_24_Pro::s9"",""source_score"":null},{""class_code"":""suspicious_activity"",""frame_index"":30,""timestamp_ms"":3760,""score"":0.9086617231369019,""source_actor_id"":""WIN_20260726_12_02_24_Pro::s9"",""source_score"":null},{""class_code"":""suspicious_activity"",""frame_index"":31,""timestamp_ms"":3904,""score"":0.9086617231369019,""source_actor_id"":""WIN_20260726_12_02_24_Pro::s9"",""source_score"":null},{""class_code"":""suspicious_activity"",""frame_index"":32,""timestamp_ms"":4000,""score"":0.9086617231369019,""source_actor_id"":""WIN_20260726_12_02_24_Pro::s9"",""source_score"":null},{""class_code"":""suspicious_activity"",""frame_index"":33,""timestamp_ms"":4128,""score"":0.9086617231369019,""source_actor_id"":""WIN_20260726_12_02_24_Pro::s9"",""source_score"":null},{""class_code"":""suspicious_activity"",""frame_index"":34,""timestamp_ms"":4272,""score"":0.9086617231369019,""source_actor_id"":""WIN_20260726_12_02_24_Pro::s9"",""source_score"":null},{""class_code"":""suspicious_activity"",""frame_index"":35,""timestamp_ms"":4400,""score"":0.9086617231369019,""source_actor_id"":""WIN_20260726_12_02_24_Pro::s9"",""source_score"":null},{""class_code"":""suspicious_activity"",""frame_index"":36,""timestamp_ms"":4528,""score"":0.9086617231369019,""source_actor_id"":""WIN_20260726_12_02_24_Pro::s9"",""source_score"":null},{""class_code"":""suspicious_activity"",""frame_index"":37,""timestamp_ms"":4638,""score"":0.9065758585929871,""source_actor_id"":""WIN_20260726_12_02_24_Pro::s9"",""source_score"":null},{""class_code"":""suspicious_activity"",""frame_index"":38,""timestamp_ms"":4768,""score"":0.9010356068611145,""source_actor_id"":""WIN_20260726_12_02_24_Pro::s9"",""source_score"":null},{""class_code"":""suspicious_activity"",""frame_index"":39,""timestamp_ms"":4896,""score"":0.9102927446365356,""source_actor_id"":""WIN_20260726_12_02_24_Pro::s9"",""source_score"":null},{""class_code"":""suspicious_activity"",""frame_index"":40,""timestamp_ms"":5038,""score"":0.8688796162605286,""source_actor_id"":""WIN_20260726_12_02_24_Pro::s9"",""source_score"":null},{""class_code"":""suspicious_activity"",""frame_index"":41,""timestamp_ms"":5136,""score"":0.866053581237793,""source_actor_id"":""WIN_20260726_12_02_24_Pro::s9"",""source_score"":null},{""class_code"":""suspicious_activity"",""frame_index"":42,""timestamp_ms"":5264,""score"":0.8815061450004578,""source_actor_id"":""WIN_20260726_12_02_24_Pro::s9"",""source_score"":null},{""class_code"":""suspicious_activity"",""frame_index"":43,""timestamp_ms"":5392,""score"":0.8815061450004578,""source_actor_id"":""WIN_20260726_12_02_24_Pro::s9"",""source_score"":null},{""class_code"":""suspicious_activity"",""frame_index"":44,""timestamp_ms"":5504,""score"":0.883551836013794,""source_actor_id"":""WIN_20260726_12_02_24_Pro::s9"",""source_score"":null},{""class_code"":""suspicious_activity"",""frame_index"":45,""timestamp_ms"":5632,""score"":0.9280675649642944,""source_actor_id"":""WIN_20260726_12_02_24_Pro::s9"",""source_score"":null},{""class_code"":""suspicious_activity"",""frame_index"":46,""timestamp_ms"":5760,""score"":0.9645972847938538,""source_actor_id"":""WIN_20260726_12_02_24_Pro::s9"",""source_score"":null},{""class_code"":""suspicious_activity"",""frame_index"":47,""timestamp_ms"":5904,""score"":0.9836561679840088,""source_actor_id"":""WIN_20260726_12_02_24_Pro::s9"",""source_score"":null},{""class_code"":""suspicious_activity"",""frame_index"":48,""timestamp_ms"":6000,""score"":0.983870267868042,""source_actor_id"":""WIN_20260726_12_02_24_Pro::s9"",""source_score"":null},{""class_code"":""suspicious_activity"",""frame_index"":49,""timestamp_ms"":6128,""score"":0.9619613885879517,""source_actor_id"":""WIN_20260726_12_02_24_Pro::s9"",""source_score"":null},{""class_code"":""suspicious_activity"",""frame_index"":50,""timestamp_ms"":6272,""score"":0.9679777026176453,""source_actor_id"":""WIN_20260726_12_02_24_Pro::s9"",""source_score"":null},{""class_code"":""suspicious_activity"",""frame_index"":51,""timestamp_ms"":6400,""score"":0.9707170724868774,""source_actor_id"":""WIN_20260726_12_02_24_Pro::s9"",""source_score"":null},{""class_code"":""suspicious_activity"",""frame_index"":52,""timestamp_ms"":6528,""score"":0.976148247718811,""source_actor_id"":""WIN_20260726_12_02_24_Pro::s9"",""source_score"":null},{""class_code"":""suspicious_activity"",""frame_index"":53,""timestamp_ms"":6638,""score"":0.9677537083625793,""source_actor_id"":""WIN_20260726_12_02_24_Pro::s9"",""source_score"":null},{""class_code"":""suspicious_activity"",""frame_index"":54,""timestamp_ms"":6768,""score"":0.9677537083625793,""source_actor_id"":""WIN_20260726_12_02_24_Pro::s9"",""source_score"":null},{""class_code"":""suspicious_activity"",""frame_index"":55,""timestamp_ms"":6896,""score"":0.9677537083625793,""source_actor_id"":""WIN_20260726_12_02_24_Pro::s9"",""source_score"":null},{""class_code"":""suspicious_activity"",""frame_index"":56,""timestamp_ms"":7024,""score"":0.9677537083625793,""source_actor_id"":""WIN_20260726_12_02_24_Pro::s9"",""source_score"":null},{""class_code"":""suspicious_activity"",""frame_index"":57,""timestamp_ms"":7136,""score"":0.9682227969169617,""source_actor_id"":""WIN_20260726_12_02_24_Pro::s9"",""source_score"":null},{""class_code"":""suspicious_activity"",""frame_index"":58,""timestamp_ms"":7264,""score"":0.9682227969169617,""source_actor_id"":""WIN_20260726_12_02_24_Pro::s9"",""source_score"":null},{""class_code"":""suspicious_activity"",""frame_index"":59,""timestamp_ms"":7392,""score"":0.9710164070129395,""source_actor_id"":""WIN_20260726_12_02_24_Pro::s9"",""source_score"":null},{""class_code"":""suspicious_activity"",""frame_index"":60,""timestamp_ms"":7504,""score"":0.968873918056488,""source_actor_id"":""WIN_20260726_12_02_24_Pro::s9"",""source_score"":null},{""class_code"":""suspicious_activity"",""frame_index"":61,""timestamp_ms"":7632,""score"":0.968873918056488,""source_actor_id"":""WIN_20260726_12_02_24_Pro::s9"",""source_score"":null},{""class_code"":""suspicious_activity"",""frame_index"":62,""timestamp_ms"":7760,""score"":0.968873918056488,""source_actor_id"":""WIN_20260726_12_02_24_Pro::s9"",""source_score"":null},{""class_code"":""suspicious_activity"",""frame_index"":63,""timestamp_ms"":7904,""score"":0.968873918056488,""source_actor_id"":""WIN_20260726_12_02_24_Pro::s9"",""source_score"":null},{""class_code"":""suspicious_activity"",""frame_index"":64,""timestamp_ms"":8000,""score"":0.968873918056488,""source_actor_id"":""WIN_20260726_12_02_24_Pro::s9"",""source_score"":null},{""class_code"":""suspicious_activity"",""frame_index"":65,""timestamp_ms"":8128,""score"":0.9678601026535034,""source_actor_id"":""WIN_20260726_12_02_24_Pro::s9"",""source_score"":null},{""class_code"":""suspicious_activity"",""frame_index"":66,""timestamp_ms"":8270,""score"":0.9678601026535034,""source_actor_id"":""WIN_20260726_12_02_24_Pro::s9"",""source_score"":null},{""class_code"":""suspicious_activity"",""frame_index"":67,""timestamp_ms"":8400,""score"":0.9663110375404358,""source_actor_id"":""WIN_20260726_12_02_24_Pro::s9"",""source_score"":null},{""class_code"":""suspicious_activity"",""frame_index"":68,""timestamp_ms"":8528,""score"":0.9663110375404358,""source_actor_id"":""WIN_20260726_12_02_24_Pro::s9"",""source_score"":null},{""class_code"":""suspicious_activity"",""frame_index"":69,""timestamp_ms"":8670,""score"":0.9651117920875549,""source_actor_id"":""WIN_20260726_12_02_24_Pro::s9"",""source_score"":null},{""class_code"":""suspicious_activity"",""frame_index"":70,""timestamp_ms"":8768,""score"":0.9644072651863098,""source_actor_id"":""WIN_20260726_12_02_24_Pro::s9"",""source_score"":null},{""class_code"":""suspicious_activity"",""frame_index"":71,""timestamp_ms"":8896,""score"":0.9644072651863098,""source_actor_id"":""WIN_20260726_12_02_24_Pro::s9"",""source_score"":null},{""class_code"":""suspicious_activity"",""frame_index"":72,""timestamp_ms"":9024,""score"":0.9644072651863098,""source_actor_id"":""WIN_20260726_12_02_24_Pro::s9"",""source_score"":null},{""class_code"":""suspicious_activity"",""frame_index"":73,""timestamp_ms"":9136,""score"":0.9637966156005859,""source_actor_id"":""WIN_20260726_12_02_24_Pro::s9"",""source_score"":null},{""class_code"":""suspicious_activity"",""frame_index"":74,""timestamp_ms"":9264,""score"":0.9637966156005859,""source_actor_id"":""WIN_20260726_12_02_24_Pro::s9"",""source_score"":null},{""class_code"":""suspicious_activity"",""frame_index"":75,""timestamp_ms"":9392,""score"":0.9218677878379822,""source_actor_id"":""WIN_20260726_12_02_24_Pro::s9"",""source_score"":null},{""class_code"":""suspicious_activity"",""frame_index"":76,""timestamp_ms"":9504,""score"":0.8787769675254822,""source_actor_id"":""WIN_20260726_12_02_24_Pro::s9"",""source_score"":null},{""class_code"":""suspicious_activity"",""frame_index"":77,""timestamp_ms"":9632,""score"":0.8921152353286743,""source_actor_id"":""WIN_20260726_12_02_24_Pro::s9"",""source_score"":null},{""class_code"":""suspicious_activity"",""frame_index"":78,""timestamp_ms"":9760,""score"":0.8968952894210815,""source_actor_id"":""WIN_20260726_12_02_24_Pro::s9"",""source_score"":null},{""class_code"":""suspicious_activity"",""frame_index"":79,""timestamp_ms"":9904,""score"":0.893568754196167,""source_actor_id"":""WIN_20260726_12_02_24_Pro::s9"",""source_score"":null},{""class_code"":""suspicious_activity"",""frame_index"":80,""timestamp_ms"":10000,""score"":0.893568754196167,""source_actor_id"":""WIN_20260726_12_02_24_Pro::s9"",""source_score"":null},{""class_code"":""suspicious_activity"",""frame_index"":81,""timestamp_ms"":10128,""score"":0.8968952894210815,""source_actor_id"":""WIN_20260726_12_02_24_Pro::s9"",""source_score"":null},{""class_code"":""suspicious_activity"",""frame_index"":82,""timestamp_ms"":10270,""score"":0.8968952894210815,""source_actor_id"":""WIN_20260726_12_02_24_Pro::s9"",""source_score"":null},{""class_code"":""suspicious_activity"",""frame_index"":83,""timestamp_ms"":10400,""score"":0.8968952894210815,""source_actor_id"":""WIN_20260726_12_02_24_Pro::s9"",""source_score"":null},{""class_code"":""suspicious_activity"",""frame_index"":84,""timestamp_ms"":10528,""score"":0.8968952894210815,""source_actor_id"":""WIN_20260726_12_02_24_Pro::s9"",""source_score"":null},{""class_code"":""suspicious_activity"",""frame_index"":85,""timestamp_ms"":10670,""score"":0.8968952894210815,""source_actor_id"":""WIN_20260726_12_02_24_Pro::s9"",""source_score"":null},{""class_code"":""suspicious_activity"",""frame_index"":86,""timestamp_ms"":10768,""score"":0.9016658067703247,""source_actor_id"":""WIN_20260726_12_02_24_Pro::s9"",""source_score"":null},{""class_code"":""suspicious_activity"",""frame_index"":87,""timestamp_ms"":10896,""score"":0.9027007818222046,""source_actor_id"":""WIN_20260726_12_02_24_Pro::s9"",""source_score"":null},{""class_code"":""suspicious_activity"",""frame_index"":88,""timestamp_ms"":11024,""score"":0.9160954356193542,""source_actor_id"":""WIN_20260726_12_02_24_Pro::s9"",""source_score"":null},{""class_code"":""suspicious_activity"",""frame_index"":89,""timestamp_ms"":11136,""score"":0.9521608948707581,""source_actor_id"":""WIN_20260726_12_02_24_Pro::s9"",""source_score"":null},{""class_code"":""suspicious_activity"",""frame_index"":90,""timestamp_ms"":11264,""score"":0.9302981495857239,""source_actor_id"":""WIN_20260726_12_02_24_Pro::s9"",""source_score"":null},{""class_code"":""suspicious_activity"",""frame_index"":91,""timestamp_ms"":11392,""score"":0.932655930519104,""source_actor_id"":""WIN_20260726_12_02_24_Pro::s9"",""source_score"":null},{""class_code"":""suspicious_activity"",""frame_index"":92,""timestamp_ms"":11502,""score"":0.8904966711997986,""source_actor_id"":""WIN_20260726_12_02_24_Pro::s9"",""source_score"":null},{""class_code"":""suspicious_activity"",""frame_index"":93,""timestamp_ms"":11632,""score"":0.9026139378547668,""source_actor_id"":""WIN_20260726_12_02_24_Pro::s9"",""source_score"":null},{""class_code"":""suspicious_activity"",""frame_index"":94,""timestamp_ms"":11760,""score"":0.9508172273635864,""source_actor_id"":""WIN_20260726_12_02_24_Pro::s9"",""source_score"":null},{""class_code"":""suspicious_activity"",""frame_index"":95,""timestamp_ms"":11902,""score"":0.9508172273635864,""source_actor_id"":""WIN_20260726_12_02_24_Pro::s9"",""source_score"":null},{""class_code"":""suspicious_activity"",""frame_index"":96,""timestamp_ms"":12000,""score"":0.9508172273635864,""source_actor_id"":""WIN_20260726_12_02_24_Pro::s9"",""source_score"":null},{""class_code"":""suspicious_activity"",""frame_index"":97,""timestamp_ms"":12128,""score"":0.9516358375549316,""source_actor_id"":""WIN_20260726_12_02_24_Pro::s9"",""source_score"":null},{""class_code"":""suspicious_activity"",""frame_index"":98,""timestamp_ms"":12256,""score"":0.9088784456253052,""source_actor_id"":""WIN_20260726_12_02_24_Pro::s9"",""source_score"":null},{""class_code"":""suspicious_activity"",""frame_index"":99,""timestamp_ms"":12400,""score"":0.9088784456253052,""source_actor_id"":""WIN_20260726_12_02_24_Pro::s9"",""source_score"":null},{""class_code"":""suspicious_activity"",""frame_index"":100,""timestamp_ms"":12528,""score"":0.9088784456253052,""source_actor_id"":""WIN_20260726_12_02_24_Pro::s9"",""source_score"":null},{""class_code"":""suspicious_activity"",""frame_index"":101,""timestamp_ms"":12656,""score"":0.8757159113883972,""source_actor_id"":""WIN_20260726_12_02_24_Pro::s9"",""source_score"":null},{""class_code"":""suspicious_activity"",""frame_index"":102,""timestamp_ms"":12768,""score"":0.8757159113883972,""source_actor_id"":""WIN_20260726_12_02_24_Pro::s9"",""source_score"":null},{""class_code"":""suspicious_activity"",""frame_index"":103,""timestamp_ms"":12896,""score"":0.8586018681526184,""source_actor_id"":""WIN_20260726_12_02_24_Pro::s9"",""source_score"":null},{""class_code"":""suspicious_activity"",""frame_index"":104,""timestamp_ms"":13024,""score"":0.867581307888031,""source_actor_id"":""WIN_20260726_12_02_24_Pro::s9"",""source_score"":null},{""class_code"":""suspicious_activity"",""frame_index"":105,""timestamp_ms"":13136,""score"":0.899724543094635,""source_actor_id"":""WIN_20260726_12_02_24_Pro::s9"",""source_score"":null},{""class_code"":""suspicious_activity"",""frame_index"":106,""timestamp_ms"":13264,""score"":0.8962785601615906,""source_actor_id"":""WIN_20260726_12_02_24_Pro::s9"",""source_score"":null},{""class_code"":""suspicious_activity"",""frame_index"":107,""timestamp_ms"":13392,""score"":0.9169479012489319,""source_actor_id"":""WIN_20260726_12_02_24_Pro::s9"",""source_score"":null},{""class_code"":""suspicious_activity"",""frame_index"":108,""timestamp_ms"":13502,""score"":0.9111694693565369,""source_actor_id"":""WIN_20260726_12_02_24_Pro::s9"",""source_score"":null},{""class_code"":""suspicious_activity"",""frame_index"":109,""timestamp_ms"":13632,""score"":0.9013043642044067,""source_actor_id"":""WIN_20260726_12_02_24_Pro::s9"",""source_score"":null},{""class_code"":""suspicious_activity"",""frame_index"":110,""timestamp_ms"":13760,""score"":0.8987617492675781,""source_actor_id"":""WIN_20260726_12_02_24_Pro::s9"",""source_score"":null},{""class_code"":""suspicious_activity"",""frame_index"":111,""timestamp_ms"":13902,""score"":0.8987617492675781,""source_actor_id"":""WIN_20260726_12_02_24_Pro::s9"",""source_score"":null},{""class_code"":""suspicious_activity"",""frame_index"":112,""timestamp_ms"":14000,""score"":0.9052634835243225,""source_actor_id"":""WIN_20260726_12_02_24_Pro::s9"",""source_score"":null},{""class_code"":""suspicious_activity"",""frame_index"":113,""timestamp_ms"":14128,""score"":0.9076594710350037,""source_actor_id"":""WIN_20260726_12_02_24_Pro::s9"",""source_score"":null},{""class_code"":""suspicious_activity"",""frame_index"":114,""timestamp_ms"":14256,""score"":0.9343676567077637,""source_actor_id"":""WIN_20260726_12_02_24_Pro::s9"",""source_score"":null},{""class_code"":""suspicious_activity"",""frame_index"":115,""timestamp_ms"":14400,""score"":0.9166011214256287,""source_actor_id"":""WIN_20260726_12_02_24_Pro::s9"",""source_score"":null},{""class_code"":""suspicious_activity"",""frame_index"":116,""timestamp_ms"":14528,""score"":0.8270244002342224,""source_actor_id"":""WIN_20260726_12_02_24_Pro::s9"",""source_score"":null},{""class_code"":""suspicious_activity"",""frame_index"":117,""timestamp_ms"":14656,""score"":0.7774369120597839,""source_actor_id"":""WIN_20260726_12_02_24_Pro::s9"",""source_score"":null},{""class_code"":""suspicious_activity"",""frame_index"":118,""timestamp_ms"":14768,""score"":0.7774369120597839,""source_actor_id"":""WIN_20260726_12_02_24_Pro::s9"",""source_score"":null},{""class_code"":""suspicious_activity"",""frame_index"":119,""timestamp_ms"":14896,""score"":0.7922958135604858,""source_actor_id"":""WIN_20260726_12_02_24_Pro::s9"",""source_score"":null},{""class_code"":""suspicious_activity"",""frame_index"":120,""timestamp_ms"":15024,""score"":0.7813171148300171,""source_actor_id"":""WIN_20260726_12_02_24_Pro::s9"",""source_score"":null},{""class_code"":""suspicious_activity"",""frame_index"":121,""timestamp_ms"":15135,""score"":0.7771005630493164,""source_actor_id"":""WIN_20260726_12_02_24_Pro::s9"",""source_score"":null},{""class_code"":""suspicious_activity"",""frame_index"":122,""timestamp_ms"":15264,""score"":0.8396944403648376,""source_actor_id"":""WIN_20260726_12_02_24_Pro::s9"",""source_score"":null},{""class_code"":""suspicious_activity"",""frame_index"":123,""timestamp_ms"":15392,""score"":0.8568451404571533,""source_actor_id"":""WIN_20260726_12_02_24_Pro::s9"",""source_score"":null},{""class_code"":""suspicious_activity"",""frame_index"":124,""timestamp_ms"":15535,""score"":0.8613646626472473,""source_actor_id"":""WIN_20260726_12_02_24_Pro::s9"",""source_score"":null},{""class_code"":""suspicious_activity"",""frame_index"":125,""timestamp_ms"":15632,""score"":0.8847343921661377,""source_actor_id"":""WIN_20260726_12_02_24_Pro::s9"",""source_score"":null},{""class_code"":""suspicious_activity"",""frame_index"":126,""timestamp_ms"":15760,""score"":0.8872371315956116,""source_actor_id"":""WIN_20260726_12_02_24_Pro::s9"",""source_score"":null},{""class_code"":""suspicious_activity"",""frame_index"":127,""timestamp_ms"":15888,""score"":0.9016736149787903,""source_actor_id"":""WIN_20260726_12_02_24_Pro::s9"",""source_score"":null},{""class_code"":""suspicious_activity"",""frame_index"":128,""timestamp_ms"":16000,""score"":0.8142263293266296,""source_actor_id"":""WIN_20260726_12_02_24_Pro::s9"",""source_score"":null},{""class_code"":""suspicious_activity"",""frame_index"":129,""timestamp_ms"":16128,""score"":0.8039864301681519,""source_actor_id"":""WIN_20260726_12_02_24_Pro::s9"",""source_score"":null},{""class_code"":""suspicious_activity"",""frame_index"":130,""timestamp_ms"":16256,""score"":0.8120996952056885,""source_actor_id"":""WIN_20260726_12_02_24_Pro::s9"",""source_score"":null},{""class_code"":""suspicious_activity"",""frame_index"":131,""timestamp_ms"":16400,""score"":0.75323486328125,""source_actor_id"":""WIN_20260726_12_02_24_Pro::s9"",""source_score"":null},{""class_code"":""suspicious_activity"",""frame_index"":132,""timestamp_ms"":16528,""score"":0.7404094934463501,""source_actor_id"":""WIN_20260726_12_02_24_Pro::s9"",""source_score"":null},{""class_code"":""suspicious_activity"",""frame_index"":133,""timestamp_ms"":16657,""score"":0.7559611201286316,""source_actor_id"":""WIN_20260726_12_02_24_Pro::s9"",""source_score"":null},{""class_code"":""suspicious_activity"",""frame_index"":134,""timestamp_ms"":16768,""score"":0.8178291916847229,""source_actor_id"":""WIN_20260726_12_02_24_Pro::s9"",""source_score"":null},{""class_code"":""suspicious_activity"",""frame_index"":135,""timestamp_ms"":16896,""score"":0.8416726589202881,""source_actor_id"":""WIN_20260726_12_02_24_Pro::s9"",""source_score"":null},{""class_code"":""suspicious_activity"",""frame_index"":136,""timestamp_ms"":17024,""score"":0.7584815621376038,""source_actor_id"":""WIN_20260726_12_02_24_Pro::s9"",""source_score"":null},{""class_code"":""suspicious_activity"",""frame_index"":137,""timestamp_ms"":17135,""score"":0.7390052080154419,""source_actor_id"":""WIN_20260726_12_02_24_Pro::s9"",""source_score"":null},{""class_code"":""suspicious_activity"",""frame_index"":138,""timestamp_ms"":17264,""score"":0.7390052080154419,""source_actor_id"":""WIN_20260726_12_02_24_Pro::s9"",""source_score"":null},{""class_code"":""suspicious_activity"",""frame_index"":139,""timestamp_ms"":17392,""score"":0.7738747000694275,""source_actor_id"":""WIN_20260726_12_02_24_Pro::s9"",""source_score"":null},{""class_code"":""suspicious_activity"",""frame_index"":140,""timestamp_ms"":17535,""score"":0.7738747000694275,""source_actor_id"":""WIN_20260726_12_02_24_Pro::s9"",""source_score"":null},{""class_code"":""suspicious_activity"",""frame_index"":141,""timestamp_ms"":17632,""score"":0.7933344841003418,""source_actor_id"":""WIN_20260726_12_02_24_Pro::s9"",""source_score"":null},{""class_code"":""suspicious_activity"",""frame_index"":142,""timestamp_ms"":17760,""score"":0.7978846430778503,""source_actor_id"":""WIN_20260726_12_02_24_Pro::s9"",""source_score"":null},{""class_code"":""suspicious_activity"",""frame_index"":143,""timestamp_ms"":17888,""score"":0.7978846430778503,""source_actor_id"":""WIN_20260726_12_02_24_Pro::s9"",""source_score"":null},{""class_code"":""suspicious_activity"",""frame_index"":144,""timestamp_ms"":18000,""score"":0.7978846430778503,""source_actor_id"":""WIN_20260726_12_02_24_Pro::s9"",""source_score"":null},{""class_code"":""suspicious_activity"",""frame_index"":145,""timestamp_ms"":18128,""score"":0.7978846430778503,""source_actor_id"":""WIN_20260726_12_02_24_Pro::s9"",""source_score"":null},{""class_code"":""suspicious_activity"",""frame_index"":146,""timestamp_ms"":18256,""score"":0.803593099117279,""source_actor_id"":""WIN_20260726_12_02_24_Pro::s9"",""source_score"":null},{""class_code"":""suspicious_activity"",""frame_index"":147,""timestamp_ms"":18400,""score"":0.8152080178260803,""source_actor_id"":""WIN_20260726_12_02_24_Pro::s9"",""source_score"":null},{""class_code"":""suspicious_activity"",""frame_index"":148,""timestamp_ms"":18528,""score"":0.799311101436615,""source_actor_id"":""WIN_20260726_12_02_24_Pro::s9"",""source_score"":null},{""class_code"":""suspicious_activity"",""frame_index"":149,""timestamp_ms"":18656,""score"":0.8080564141273499,""source_actor_id"":""WIN_20260726_12_02_24_Pro::s9"",""source_score"":null},{""class_code"":""suspicious_activity"",""frame_index"":150,""timestamp_ms"":18767,""score"":0.8080564141273499,""source_actor_id"":""WIN_20260726_12_02_24_Pro::s9"",""source_score"":null},{""class_code"":""suspicious_activity"",""frame_index"":151,""timestamp_ms"":18896,""score"":0.8080564141273499,""source_actor_id"":""WIN_20260726_12_02_24_Pro::s9"",""source_score"":null},{""class_code"":""suspicious_activity"",""frame_index"":152,""timestamp_ms"":19024,""score"":0.9336974024772644,""source_actor_id"":""WIN_20260726_12_02_24_Pro::s9"",""source_score"":null},{""class_code"":""suspicious_activity"",""frame_index"":153,""timestamp_ms"":19167,""score"":0.9558599591255188,""source_actor_id"":""WIN_20260726_12_02_24_Pro::s9"",""source_score"":null},{""class_code"":""suspicious_activity"",""frame_index"":154,""timestamp_ms"":19264,""score"":0.9485018253326416,""source_actor_id"":""WIN_20260726_12_02_24_Pro::s9"",""source_score"":null},{""class_code"":""suspicious_activity"",""frame_index"":155,""timestamp_ms"":19392,""score"":0.9502233862876892,""source_actor_id"":""WIN_20260726_12_02_24_Pro::s9"",""source_score"":null},{""class_code"":""suspicious_activity"",""frame_index"":156,""timestamp_ms"":19520,""score"":0.9605886936187744,""source_actor_id"":""WIN_20260726_12_02_24_Pro::s9"",""source_score"":null},{""class_code"":""suspicious_activity"",""frame_index"":157,""timestamp_ms"":19632,""score"":0.9605886936187744,""source_actor_id"":""WIN_20260726_12_02_24_Pro::s9"",""source_score"":null},{""class_code"":""suspicious_activity"",""frame_index"":158,""timestamp_ms"":19760,""score"":0.9621299505233765,""source_actor_id"":""WIN_20260726_12_02_24_Pro::s9"",""source_score"":null},{""class_code"":""suspicious_activity"",""frame_index"":159,""timestamp_ms"":19888,""score"":0.9621299505233765,""source_actor_id"":""WIN_20260726_12_02_24_Pro::s9"",""source_score"":null},{""class_code"":""suspicious_activity"",""frame_index"":160,""timestamp_ms"":20000,""score"":0.9616022109985352,""source_actor_id"":""WIN_20260726_12_02_24_Pro::s9"",""source_score"":null},{""class_code"":""suspicious_activity"",""frame_index"":161,""timestamp_ms"":20128,""score"":0.9616022109985352,""source_actor_id"":""WIN_20260726_12_02_24_Pro::s9"",""source_score"":null},{""class_code"":""suspicious_activity"",""frame_index"":162,""timestamp_ms"":20256,""score"":0.9616022109985352,""source_actor_id"":""WIN_20260726_12_02_24_Pro::s9"",""source_score"":null},{""class_code"":""suspicious_activity"",""frame_index"":163,""timestamp_ms"":20400,""score"":0.9706519246101379,""source_actor_id"":""WIN_20260726_12_02_24_Pro::s9"",""source_score"":null},{""class_code"":""suspicious_activity"",""frame_index"":164,""timestamp_ms"":20528,""score"":0.9747945070266724,""source_actor_id"":""WIN_20260726_12_02_24_Pro::s9"",""source_score"":null},{""class_code"":""suspicious_activity"",""frame_index"":165,""timestamp_ms"":20656,""score"":0.9747945070266724,""source_actor_id"":""WIN_20260726_12_02_24_Pro::s9"",""source_score"":null},{""class_code"":""suspicious_activity"",""frame_index"":166,""timestamp_ms"":20767,""score"":0.9725698828697205,""source_actor_id"":""WIN_20260726_12_02_24_Pro::s9"",""source_score"":null},{""class_code"":""suspicious_activity"",""frame_index"":167,""timestamp_ms"":20896,""score"":0.9725698828697205,""source_actor_id"":""WIN_20260726_12_02_24_Pro::s9"",""source_score"":null},{""class_code"":""suspicious_activity"",""frame_index"":168,""timestamp_ms"":21024,""score"":0.9725698828697205,""source_actor_id"":""WIN_20260726_12_02_24_Pro::s9"",""source_score"":null},{""class_code"":""suspicious_activity"",""frame_index"":169,""timestamp_ms"":21167,""score"":0.9725698828697205,""source_actor_id"":""WIN_20260726_12_02_24_Pro::s9"",""source_score"":null},{""class_code"":""suspicious_activity"",""frame_index"":170,""timestamp_ms"":21264,""score"":0.9725698828697205,""source_actor_id"":""WIN_20260726_12_02_24_Pro::s9"",""source_score"":null},{""class_code"":""suspicious_activity"",""frame_index"":171,""timestamp_ms"":21392,""score"":0.9722319841384888,""source_actor_id"":""WIN_20260726_12_02_24_Pro::s9"",""source_score"":null},{""class_code"":""suspicious_activity"",""frame_index"":172,""timestamp_ms"":21520,""score"":0.971232533454895,""source_actor_id"":""WIN_20260726_12_02_24_Pro::s9"",""source_score"":null},{""class_code"":""suspicious_activity"",""frame_index"":173,""timestamp_ms"":21632,""score"":0.971232533454895,""source_actor_id"":""WIN_20260726_12_02_24_Pro::s9"",""source_score"":null},{""class_code"":""suspicious_activity"",""frame_index"":174,""timestamp_ms"":21760,""score"":0.971232533454895,""source_actor_id"":""WIN_20260726_12_02_24_Pro::s9"",""source_score"":null},{""class_code"":""suspicious_activity"",""frame_index"":175,""timestamp_ms"":21888,""score"":0.971232533454895,""source_actor_id"":""WIN_20260726_12_02_24_Pro::s9"",""source_score"":null},{""class_code"":""suspicious_activity"",""frame_index"":176,""timestamp_ms"":22000,""score"":0.971232533454895,""source_actor_id"":""WIN_20260726_12_02_24_Pro::s9"",""source_score"":null},{""class_code"":""suspicious_activity"",""frame_index"":177,""timestamp_ms"":22128,""score"":0.971232533454895,""source_actor_id"":""WIN_20260726_12_02_24_Pro::s9"",""source_score"":null},{""class_code"":""suspicious_activity"",""frame_index"":178,""timestamp_ms"":22256,""score"":0.9727560877799988,""source_actor_id"":""WIN_20260726_12_02_24_Pro::s9"",""source_score"":null},{""class_code"":""suspicious_activity"",""frame_index"":179,""timestamp_ms"":22400,""score"":0.9767377972602844,""source_actor_id"":""WIN_20260726_12_02_24_Pro::s9"",""source_score"":null},{""class_code"":""suspicious_activity"",""frame_index"":180,""timestamp_ms"":22528,""score"":0.9707451462745667,""source_actor_id"":""WIN_20260726_12_02_24_Pro::s9"",""source_score"":null},{""class_code"":""suspicious_activity"",""frame_index"":181,""timestamp_ms"":22656,""score"":0.9632229208946228,""source_actor_id"":""WIN_20260726_12_02_24_Pro::s9"",""source_score"":null},{""class_code"":""suspicious_activity"",""frame_index"":182,""timestamp_ms"":22752,""score"":0.9623424410820007,""source_actor_id"":""WIN_20260726_12_02_24_Pro::s9"",""source_score"":null},{""class_code"":""suspicious_activity"",""frame_index"":183,""timestamp_ms"":22896,""score"":0.9526160955429077,""source_actor_id"":""WIN_20260726_12_02_24_Pro::s9"",""source_score"":null},{""class_code"":""suspicious_activity"",""frame_index"":184,""timestamp_ms"":23024,""score"":0.9537981748580933,""source_actor_id"":""WIN_20260726_12_02_24_Pro::s9"",""source_score"":null},{""class_code"":""suspicious_activity"",""frame_index"":185,""timestamp_ms"":23152,""score"":0.9505342245101929,""source_actor_id"":""WIN_20260726_12_02_24_Pro::s9"",""source_score"":null},{""class_code"":""suspicious_activity"",""frame_index"":186,""timestamp_ms"":23264,""score"":0.9505342245101929,""source_actor_id"":""WIN_20260726_12_02_24_Pro::s9"",""source_score"":null},{""class_code"":""suspicious_activity"",""frame_index"":187,""timestamp_ms"":23392,""score"":0.9557170867919922,""source_actor_id"":""WIN_20260726_12_02_24_Pro::s9"",""source_score"":null},{""class_code"":""suspicious_activity"",""frame_index"":188,""timestamp_ms"":23520,""score"":0.9500508308410645,""source_actor_id"":""WIN_20260726_12_02_24_Pro::s9"",""source_score"":null},{""class_code"":""suspicious_activity"",""frame_index"":189,""timestamp_ms"":23632,""score"":0.9487061500549316,""source_actor_id"":""WIN_20260726_12_02_24_Pro::s9"",""source_score"":null},{""class_code"":""suspicious_activity"",""frame_index"":190,""timestamp_ms"":23760,""score"":0.941253662109375,""source_actor_id"":""WIN_20260726_12_02_24_Pro::s9"",""source_score"":null},{""class_code"":""suspicious_activity"",""frame_index"":191,""timestamp_ms"":23888,""score"":0.9362317323684692,""source_actor_id"":""WIN_20260726_12_02_24_Pro::s9"",""source_score"":null},{""class_code"":""suspicious_activity"",""frame_index"":192,""timestamp_ms"":24032,""score"":0.937399685382843,""source_actor_id"":""WIN_20260726_12_02_24_Pro::s9"",""source_score"":null},{""class_code"":""suspicious_activity"",""frame_index"":193,""timestamp_ms"":24128,""score"":0.9259920120239258,""source_actor_id"":""WIN_20260726_12_02_24_Pro::s9"",""source_score"":null},{""class_code"":""suspicious_activity"",""frame_index"":194,""timestamp_ms"":24256,""score"":0.9259920120239258,""source_actor_id"":""WIN_20260726_12_02_24_Pro::s9"",""source_score"":null},{""class_code"":""suspicious_activity"",""frame_index"":195,""timestamp_ms"":24399,""score"":0.9488564133644104,""source_actor_id"":""WIN_20260726_12_02_24_Pro::s9"",""source_score"":null},{""class_code"":""suspicious_activity"",""frame_index"":196,""timestamp_ms"":24528,""score"":0.9147370457649231,""source_actor_id"":""WIN_20260726_12_02_24_Pro::s9"",""source_score"":null},{""class_code"":""suspicious_activity"",""frame_index"":197,""timestamp_ms"":24656,""score"":0.9206464290618896,""source_actor_id"":""WIN_20260726_12_02_24_Pro::s9"",""source_score"":null},{""class_code"":""suspicious_activity"",""frame_index"":198,""timestamp_ms"":24752,""score"":0.9081265926361084,""source_actor_id"":""WIN_20260726_12_02_24_Pro::s9"",""source_score"":null},{""class_code"":""suspicious_activity"",""frame_index"":199,""timestamp_ms"":24896,""score"":0.9213710427284241,""source_actor_id"":""WIN_20260726_12_02_24_Pro::s9"",""source_score"":null},{""class_code"":""suspicious_activity"",""frame_index"":200,""timestamp_ms"":25024,""score"":0.9084141850471497,""source_actor_id"":""WIN_20260726_12_02_24_Pro::s9"",""source_score"":null},{""class_code"":""suspicious_activity"",""frame_index"":201,""timestamp_ms"":25152,""score"":0.8521373271942139,""source_actor_id"":""WIN_20260726_12_02_24_Pro::s9"",""source_score"":null},{""class_code"":""suspicious_activity"",""frame_index"":202,""timestamp_ms"":25264,""score"":0.8076834678649902,""source_actor_id"":""WIN_20260726_12_02_24_Pro::s9"",""source_score"":null},{""class_code"":""suspicious_activity"",""frame_index"":203,""timestamp_ms"":25392,""score"":0.7267364859580994,""source_actor_id"":""WIN_20260726_12_02_24_Pro::s9"",""source_score"":null},{""class_code"":""suspicious_activity"",""frame_index"":207,""timestamp_ms"":25888,""score"":0.682233452796936,""source_actor_id"":""WIN_20260726_12_02_24_Pro::s9"",""source_score"":null},{""class_code"":""suspicious_activity"",""frame_index"":208,""timestamp_ms"":26032,""score"":0.86017906665802,""source_actor_id"":""WIN_20260726_12_02_24_Pro::s9"",""source_score"":null},{""class_code"":""suspicious_activity"",""frame_index"":209,""timestamp_ms"":26128,""score"":0.9207350611686707,""source_actor_id"":""WIN_20260726_12_02_24_Pro::s9"",""source_score"":null},{""class_code"":""suspicious_activity"",""frame_index"":210,""timestamp_ms"":26256,""score"":0.9333033561706543,""source_actor_id"":""WIN_20260726_12_02_24_Pro::s9"",""source_score"":null},{""class_code"":""suspicious_activity"",""frame_index"":211,""timestamp_ms"":26399,""score"":0.9206573367118835,""source_actor_id"":""WIN_20260726_12_02_24_Pro::s9"",""source_score"":null},{""class_code"":""suspicious_activity"",""frame_index"":212,""timestamp_ms"":26528,""score"":0.9206573367118835,""source_actor_id"":""WIN_20260726_12_02_24_Pro::s9"",""source_score"":null},{""class_code"":""suspicious_activity"",""frame_index"":213,""timestamp_ms"":26656,""score"":0.9245080351829529,""source_actor_id"":""WIN_20260726_12_02_24_Pro::s9"",""source_score"":null},{""class_code"":""suspicious_activity"",""frame_index"":214,""timestamp_ms"":26752,""score"":0.9245080351829529,""source_actor_id"":""WIN_20260726_12_02_24_Pro::s9"",""source_score"":null},{""class_code"":""suspicious_activity"",""frame_index"":215,""timestamp_ms"":26896,""score"":0.9340171813964844,""source_actor_id"":""WIN_20260726_12_02_24_Pro::s9"",""source_score"":null},{""class_code"":""suspicious_activity"",""frame_index"":216,""timestamp_ms"":27024,""score"":0.9324952363967896,""source_actor_id"":""WIN_20260726_12_02_24_Pro::s9"",""source_score"":null},{""class_code"":""suspicious_activity"",""frame_index"":217,""timestamp_ms"":27152,""score"":0.9353792071342468,""source_actor_id"":""WIN_20260726_12_02_24_Pro::s9"",""source_score"":null},{""class_code"":""suspicious_activity"",""frame_index"":218,""timestamp_ms"":27264,""score"":0.9575973153114319,""source_actor_id"":""WIN_20260726_12_02_24_Pro::s9"",""source_score"":null},{""class_code"":""suspicious_activity"",""frame_index"":219,""timestamp_ms"":27392,""score"":0.9638296961784363,""source_actor_id"":""WIN_20260726_12_02_24_Pro::s9"",""source_score"":null},{""class_code"":""suspicious_activity"",""frame_index"":220,""timestamp_ms"":27520,""score"":0.9689264893531799,""source_actor_id"":""WIN_20260726_12_02_24_Pro::s9"",""source_score"":null},{""class_code"":""suspicious_activity"",""frame_index"":221,""timestamp_ms"":27631,""score"":0.9711945056915283,""source_actor_id"":""WIN_20260726_12_02_24_Pro::s9"",""source_score"":null},{""class_code"":""suspicious_activity"",""frame_index"":222,""timestamp_ms"":27760,""score"":0.9711945056915283,""source_actor_id"":""WIN_20260726_12_02_24_Pro::s9"",""source_score"":null},{""class_code"":""suspicious_activity"",""frame_index"":223,""timestamp_ms"":27888,""score"":0.9534530639648438,""source_actor_id"":""WIN_20260726_12_02_24_Pro::s9"",""source_score"":null},{""class_code"":""suspicious_activity"",""frame_index"":224,""timestamp_ms"":28031,""score"":0.9577817320823669,""source_actor_id"":""WIN_20260726_12_02_24_Pro::s9"",""source_score"":null},{""class_code"":""suspicious_activity"",""frame_index"":225,""timestamp_ms"":28128,""score"":0.9517225027084351,""source_actor_id"":""WIN_20260726_12_02_24_Pro::s9"",""source_score"":null},{""class_code"":""suspicious_activity"",""frame_index"":226,""timestamp_ms"":28256,""score"":0.9517225027084351,""source_actor_id"":""WIN_20260726_12_02_24_Pro::s9"",""source_score"":null},{""class_code"":""suspicious_activity"",""frame_index"":227,""timestamp_ms"":28384,""score"":0.9517225027084351,""source_actor_id"":""WIN_20260726_12_02_24_Pro::s9"",""source_score"":null},{""class_code"":""suspicious_activity"",""frame_index"":228,""timestamp_ms"":28528,""score"":0.9608667492866516,""source_actor_id"":""WIN_20260726_12_02_24_Pro::s9"",""source_score"":null},{""class_code"":""suspicious_activity"",""frame_index"":229,""timestamp_ms"":28656,""score"":0.9507606625556946,""source_actor_id"":""WIN_20260726_12_02_24_Pro::s9"",""source_score"":null},{""class_code"":""suspicious_activity"",""frame_index"":230,""timestamp_ms"":28752,""score"":0.9222720265388489,""source_actor_id"":""WIN_20260726_12_02_24_Pro::s9"",""source_score"":null},{""class_code"":""suspicious_activity"",""frame_index"":231,""timestamp_ms"":28896,""score"":0.9219699501991272,""source_actor_id"":""WIN_20260726_12_02_24_Pro::s9"",""source_score"":null},{""class_code"":""suspicious_activity"",""frame_index"":232,""timestamp_ms"":29024,""score"":0.9263368248939514,""source_actor_id"":""WIN_20260726_12_02_24_Pro::s9"",""source_score"":null},{""class_code"":""suspicious_activity"",""frame_index"":233,""timestamp_ms"":29152,""score"":0.9263368248939514,""source_actor_id"":""WIN_20260726_12_02_24_Pro::s9"",""source_score"":null},{""class_code"":""suspicious_activity"",""frame_index"":234,""timestamp_ms"":29264,""score"":0.9158577919006348,""source_actor_id"":""WIN_20260726_12_02_24_Pro::s9"",""source_score"":null},{""class_code"":""suspicious_activity"",""frame_index"":235,""timestamp_ms"":29392,""score"":0.920173704624176,""source_actor_id"":""WIN_20260726_12_02_24_Pro::s9"",""source_score"":null},{""class_code"":""suspicious_activity"",""frame_index"":236,""timestamp_ms"":29520,""score"":0.920173704624176,""source_actor_id"":""WIN_20260726_12_02_24_Pro::s9"",""source_score"":null},{""class_code"":""suspicious_activity"",""frame_index"":237,""timestamp_ms"":29631,""score"":0.9146124720573425,""source_actor_id"":""WIN_20260726_12_02_24_Pro::s9"",""source_score"":null},{""class_code"":""suspicious_activity"",""frame_index"":241,""timestamp_ms"":30128,""score"":0.8744653463363647,""source_actor_id"":""WIN_20260726_12_02_24_Pro::s9"",""source_score"":null},{""class_code"":""suspicious_activity"",""frame_index"":242,""timestamp_ms"":30256,""score"":0.8840838074684143,""source_actor_id"":""WIN_20260726_12_02_24_Pro::s9"",""source_score"":null},{""class_code"":""suspicious_activity"",""frame_index"":259,""timestamp_ms"":32384,""score"":0.7313870787620544,""source_actor_id"":""WIN_20260726_12_02_24_Pro::s9"",""source_score"":null},{""class_code"":""suspicious_activity"",""frame_index"":260,""timestamp_ms"":32528,""score"":0.7313870787620544,""source_actor_id"":""WIN_20260726_12_02_24_Pro::s9"",""source_score"":null},{""class_code"":""suspicious_activity"",""frame_index"":261,""timestamp_ms"":32656,""score"":0.7437243461608887,""source_actor_id"":""WIN_20260726_12_02_24_Pro::s9"",""source_score"":null},{""class_code"":""suspicious_activity"",""frame_index"":262,""timestamp_ms"":32752,""score"":0.795259952545166,""source_actor_id"":""WIN_20260726_12_02_24_Pro::s9"",""source_score"":null},{""class_code"":""suspicious_activity"",""frame_index"":272,""timestamp_ms"":34017,""score"":0.6772975325584412,""source_actor_id"":""WIN_20260726_12_02_24_Pro::s9"",""source_score"":null},{""class_code"":""suspicious_activity"",""frame_index"":273,""timestamp_ms"":34128,""score"":0.6772975325584412,""source_actor_id"":""WIN_20260726_12_02_24_Pro::s9"",""source_score"":null},{""class_code"":""suspicious_activity"",""frame_index"":275,""timestamp_ms"":34385,""score"":0.6731841564178467,""source_actor_id"":""WIN_20260726_12_02_24_Pro::s9"",""source_score"":null},{""class_code"":""suspicious_activity"",""frame_index"":276,""timestamp_ms"":34528,""score"":0.736713171005249,""source_actor_id"":""WIN_20260726_12_02_24_Pro::s9"",""source_score"":null},{""class_code"":""suspicious_activity"",""frame_index"":280,""timestamp_ms"":35024,""score"":0.6796615123748779,""source_actor_id"":""WIN_20260726_12_02_24_Pro::s9"",""source_score"":null},{""class_code"":""suspicious_activity"",""frame_index"":281,""timestamp_ms"":35153,""score"":0.6868483424186707,""source_actor_id"":""WIN_20260726_12_02_24_Pro::s9"",""source_score"":null},{""class_code"":""suspicious_activity"",""frame_index"":282,""timestamp_ms"":35295,""score"":0.7654001712799072,""source_actor_id"":""WIN_20260726_12_02_24_Pro::s9"",""source_score"":null},{""class_code"":""suspicious_activity"",""frame_index"":283,""timestamp_ms"":35392,""score"":0.7741377949714661,""source_actor_id"":""WIN_20260726_12_02_24_Pro::s9"",""source_score"":null},{""class_code"":""suspicious_activity"",""frame_index"":284,""timestamp_ms"":35520,""score"":0.7741377949714661,""source_actor_id"":""WIN_20260726_12_02_24_Pro::s9"",""source_score"":null},{""class_code"":""suspicious_activity"",""frame_index"":285,""timestamp_ms"":35648,""score"":0.7853121757507324,""source_actor_id"":""WIN_20260726_12_02_24_Pro::s9"",""source_score"":null},{""class_code"":""suspicious_activity"",""frame_index"":286,""timestamp_ms"":35760,""score"":0.7853121757507324,""source_actor_id"":""WIN_20260726_12_02_24_Pro::s9"",""source_score"":null},{""class_code"":""suspicious_activity"",""frame_index"":287,""timestamp_ms"":35889,""score"":0.8512464165687561,""source_actor_id"":""WIN_20260726_12_02_24_Pro::s9"",""source_score"":null},{""class_code"":""suspicious_activity"",""frame_index"":288,""timestamp_ms"":36017,""score"":0.8448635339736938,""source_actor_id"":""WIN_20260726_12_02_24_Pro::s9"",""source_score"":null},{""class_code"":""suspicious_activity"",""frame_index"":289,""timestamp_ms"":36128,""score"":0.8279343247413635,""source_actor_id"":""WIN_20260726_12_02_24_Pro::s9"",""source_score"":null},{""class_code"":""suspicious_activity"",""frame_index"":290,""timestamp_ms"":36257,""score"":0.8320988416671753,""source_actor_id"":""WIN_20260726_12_02_24_Pro::s9"",""source_score"":null},{""class_code"":""suspicious_activity"",""frame_index"":291,""timestamp_ms"":36385,""score"":0.8714790344238281,""source_actor_id"":""WIN_20260726_12_02_24_Pro::s9"",""source_score"":null},{""class_code"":""suspicious_activity"",""frame_index"":292,""timestamp_ms"":36528,""score"":0.8752924203872681,""source_actor_id"":""WIN_20260726_12_02_24_Pro::s9"",""source_score"":null},{""class_code"":""suspicious_activity"",""frame_index"":293,""timestamp_ms"":36657,""score"":0.8246631622314453,""source_actor_id"":""WIN_20260726_12_02_24_Pro::s9"",""source_score"":null},{""class_code"":""suspicious_activity"",""frame_index"":294,""timestamp_ms"":36753,""score"":0.830114483833313,""source_actor_id"":""WIN_20260726_12_02_24_Pro::s9"",""source_score"":null},{""class_code"":""suspicious_activity"",""frame_index"":295,""timestamp_ms"":36895,""score"":0.7596087455749512,""source_actor_id"":""WIN_20260726_12_02_24_Pro::s9"",""source_score"":null},{""class_code"":""suspicious_activity"",""frame_index"":296,""timestamp_ms"":37024,""score"":0.7325373888015747,""source_actor_id"":""WIN_20260726_12_02_24_Pro::s9"",""source_score"":null},{""class_code"":""suspicious_activity"",""frame_index"":297,""timestamp_ms"":37153,""score"":0.7001708149909973,""source_actor_id"":""WIN_20260726_12_02_24_Pro::s9"",""source_score"":null},{""class_code"":""suspicious_activity"",""frame_index"":301,""timestamp_ms"":37649,""score"":0.8142390251159668,""source_actor_id"":""WIN_20260726_12_02_24_Pro::s9"",""source_score"":null},{""class_code"":""suspicious_activity"",""frame_index"":302,""timestamp_ms"":37761,""score"":0.8586833477020264,""source_actor_id"":""WIN_20260726_12_02_24_Pro::s9"",""source_score"":null},{""class_code"":""suspicious_activity"",""frame_index"":303,""timestamp_ms"":37889,""score"":0.8586833477020264,""source_actor_id"":""WIN_20260726_12_02_24_Pro::s9"",""source_score"":null},{""class_code"":""suspicious_activity"",""frame_index"":304,""timestamp_ms"":38017,""score"":0.8757936358451843,""source_actor_id"":""WIN_20260726_12_02_24_Pro::s9"",""source_score"":null},{""class_code"":""suspicious_activity"",""frame_index"":305,""timestamp_ms"":38128,""score"":0.8833818435668945,""source_actor_id"":""WIN_20260726_12_02_24_Pro::s9"",""source_score"":null},{""class_code"":""suspicious_activity"",""frame_index"":306,""timestamp_ms"":38257,""score"":0.8833818435668945,""source_actor_id"":""WIN_20260726_12_02_24_Pro::s9"",""source_score"":null},{""class_code"":""suspicious_activity"",""frame_index"":307,""timestamp_ms"":38385,""score"":0.8833818435668945,""source_actor_id"":""WIN_20260726_12_02_24_Pro::s9"",""source_score"":null},{""class_code"":""suspicious_activity"",""frame_index"":308,""timestamp_ms"":38527,""score"":0.8626744151115417,""source_actor_id"":""WIN_20260726_12_02_24_Pro::s9"",""source_score"":null},{""class_code"":""suspicious_activity"",""frame_index"":309,""timestamp_ms"":38656,""score"":0.8572577238082886,""source_actor_id"":""WIN_20260726_12_02_24_Pro::s9"",""source_score"":null},{""class_code"":""suspicious_activity"",""frame_index"":310,""timestamp_ms"":38753,""score"":0.8572577238082886,""source_actor_id"":""WIN_20260726_12_02_24_Pro::s9"",""source_score"":null},{""class_code"":""suspicious_activity"",""frame_index"":311,""timestamp_ms"":38881,""score"":0.7998571395874023,""source_actor_id"":""WIN_20260726_12_02_24_Pro::s9"",""source_score"":null},{""class_code"":""suspicious_activity"",""frame_index"":312,""timestamp_ms"":39025,""score"":0.8290966153144836,""source_actor_id"":""WIN_20260726_12_02_24_Pro::s9"",""source_score"":null},{""class_code"":""suspicious_activity"",""frame_index"":313,""timestamp_ms"":39153,""score"":0.8387343287467957,""source_actor_id"":""WIN_20260726_12_02_24_Pro::s9"",""source_score"":null},{""class_code"":""suspicious_activity"",""frame_index"":314,""timestamp_ms"":39281,""score"":0.8387343287467957,""source_actor_id"":""WIN_20260726_12_02_24_Pro::s9"",""source_score"":null},{""class_code"":""suspicious_activity"",""frame_index"":315,""timestamp_ms"":39393,""score"":0.8604199886322021,""source_actor_id"":""WIN_20260726_12_02_24_Pro::s9"",""source_score"":null},{""class_code"":""suspicious_activity"",""frame_index"":316,""timestamp_ms"":39521,""score"":0.8604199886322021,""source_actor_id"":""WIN_20260726_12_02_24_Pro::s9"",""source_score"":null},{""class_code"":""suspicious_activity"",""frame_index"":317,""timestamp_ms"":39649,""score"":0.8882155418395996,""source_actor_id"":""WIN_20260726_12_02_24_Pro::s9"",""source_score"":null},{""class_code"":""suspicious_activity"",""frame_index"":318,""timestamp_ms"":39761,""score"":0.8657427430152893,""source_actor_id"":""WIN_20260726_12_02_24_Pro::s9"",""source_score"":null},{""class_code"":""suspicious_activity"",""frame_index"":319,""timestamp_ms"":39889,""score"":0.8202204704284668,""source_actor_id"":""WIN_20260726_12_02_24_Pro::s9"",""source_score"":null},{""class_code"":""suspicious_activity"",""frame_index"":320,""timestamp_ms"":40017,""score"":0.8426564335823059,""source_actor_id"":""WIN_20260726_12_02_24_Pro::s9"",""source_score"":null},{""class_code"":""suspicious_activity"",""frame_index"":321,""timestamp_ms"":40127,""score"":0.8426564335823059,""source_actor_id"":""WIN_20260726_12_02_24_Pro::s9"",""source_score"":null},{""class_code"":""suspicious_activity"",""frame_index"":322,""timestamp_ms"":40257,""score"":0.8497112989425659,""source_actor_id"":""WIN_20260726_12_02_24_Pro::s9"",""source_score"":null},{""class_code"":""suspicious_activity"",""frame_index"":323,""timestamp_ms"":40385,""score"":0.8514739274978638,""source_actor_id"":""WIN_20260726_12_02_24_Pro::s9"",""source_score"":null},{""class_code"":""suspicious_activity"",""frame_index"":324,""timestamp_ms"":40527,""score"":0.8438723683357239,""source_actor_id"":""WIN_20260726_12_02_24_Pro::s9"",""source_score"":null},{""class_code"":""suspicious_activity"",""frame_index"":325,""timestamp_ms"":40625,""score"":0.8422064781188965,""source_actor_id"":""WIN_20260726_12_02_24_Pro::s9"",""source_score"":null},{""class_code"":""suspicious_activity"",""frame_index"":326,""timestamp_ms"":40753,""score"":0.8422064781188965,""source_actor_id"":""WIN_20260726_12_02_24_Pro::s9"",""source_score"":null},{""class_code"":""suspicious_activity"",""frame_index"":327,""timestamp_ms"":40881,""score"":0.880768358707428,""source_actor_id"":""WIN_20260726_12_02_24_Pro::s9"",""source_score"":null},{""class_code"":""suspicious_activity"",""frame_index"":328,""timestamp_ms"":41025,""score"":0.880768358707428,""source_actor_id"":""WIN_20260726_12_02_24_Pro::s9"",""source_score"":null},{""class_code"":""suspicious_activity"",""frame_index"":329,""timestamp_ms"":41153,""score"":0.880768358707428,""source_actor_id"":""WIN_20260726_12_02_24_Pro::s9"",""source_score"":null},{""class_code"":""suspicious_activity"",""frame_index"":330,""timestamp_ms"":41281,""score"":0.8865064382553101,""source_actor_id"":""WIN_20260726_12_02_24_Pro::s9"",""source_score"":null},{""class_code"":""suspicious_activity"",""frame_index"":331,""timestamp_ms"":41393,""score"":0.8405643701553345,""source_actor_id"":""WIN_20260726_12_02_24_Pro::s9"",""source_score"":null},{""class_code"":""suspicious_activity"",""frame_index"":332,""timestamp_ms"":41521,""score"":0.8405643701553345,""source_actor_id"":""WIN_20260726_12_02_24_Pro::s9"",""source_score"":null},{""class_code"":""suspicious_activity"",""frame_index"":333,""timestamp_ms"":41649,""score"":0.8465010523796082,""source_actor_id"":""WIN_20260726_12_02_24_Pro::s9"",""source_score"":null},{""class_code"":""suspicious_activity"",""frame_index"":334,""timestamp_ms"":41761,""score"":0.8077369928359985,""source_actor_id"":""WIN_20260726_12_02_24_Pro::s9"",""source_score"":null},{""class_code"":""suspicious_activity"",""frame_index"":335,""timestamp_ms"":41889,""score"":0.9615415930747986,""source_actor_id"":""WIN_20260726_12_02_24_Pro::s9"",""source_score"":null},{""class_code"":""suspicious_activity"",""frame_index"":336,""timestamp_ms"":42017,""score"":0.9622695446014404,""source_actor_id"":""WIN_20260726_12_02_24_Pro::s9"",""source_score"":null},{""class_code"":""suspicious_activity"",""frame_index"":337,""timestamp_ms"":42159,""score"":0.9580259323120117,""source_actor_id"":""WIN_20260726_12_02_24_Pro::s9"",""source_score"":null},{""class_code"":""suspicious_activity"",""frame_index"":338,""timestamp_ms"":42257,""score"":0.9724235534667969,""source_actor_id"":""WIN_20260726_12_02_24_Pro::s9"",""source_score"":null},{""class_code"":""suspicious_activity"",""frame_index"":339,""timestamp_ms"":42385,""score"":0.9470385313034058,""source_actor_id"":""WIN_20260726_12_02_24_Pro::s9"",""source_score"":null},{""class_code"":""suspicious_activity"",""frame_index"":340,""timestamp_ms"":42513,""score"":0.8320019245147705,""source_actor_id"":""WIN_20260726_12_02_24_Pro::s9"",""source_score"":null},{""class_code"":""suspicious_activity"",""frame_index"":341,""timestamp_ms"":42625,""score"":0.793336033821106,""source_actor_id"":""WIN_20260726_12_02_24_Pro::s9"",""source_score"":null},{""class_code"":""suspicious_activity"",""frame_index"":342,""timestamp_ms"":42753,""score"":0.7992603182792664,""source_actor_id"":""WIN_20260726_12_02_24_Pro::s9"",""source_score"":null},{""class_code"":""suspicious_activity"",""frame_index"":343,""timestamp_ms"":42881,""score"":0.7992603182792664,""source_actor_id"":""WIN_20260726_12_02_24_Pro::s9"",""source_score"":null},{""class_code"":""suspicious_activity"",""frame_index"":344,""timestamp_ms"":43025,""score"":0.7992603182792664,""source_actor_id"":""WIN_20260726_12_02_24_Pro::s9"",""source_score"":null},{""class_code"":""suspicious_activity"",""frame_index"":345,""timestamp_ms"":43153,""score"":0.8218746185302734,""source_actor_id"":""WIN_20260726_12_02_24_Pro::s9"",""source_score"":null},{""class_code"":""suspicious_activity"",""frame_index"":346,""timestamp_ms"":43281,""score"":0.8812790513038635,""source_actor_id"":""WIN_20260726_12_02_24_Pro::s9"",""source_score"":null},{""class_code"":""suspicious_activity"",""frame_index"":347,""timestamp_ms"":43393,""score"":0.8891544938087463,""source_actor_id"":""WIN_20260726_12_02_24_Pro::s9"",""source_score"":null},{""class_code"":""suspicious_activity"",""frame_index"":348,""timestamp_ms"":43521,""score"":0.860273540019989,""source_actor_id"":""WIN_20260726_12_02_24_Pro::s9"",""source_score"":null},{""class_code"":""suspicious_activity"",""frame_index"":349,""timestamp_ms"":43649,""score"":0.860273540019989,""source_actor_id"":""WIN_20260726_12_02_24_Pro::s9"",""source_score"":null},{""class_code"":""suspicious_activity"",""frame_index"":350,""timestamp_ms"":43759,""score"":0.860273540019989,""source_actor_id"":""WIN_20260726_12_02_24_Pro::s9"",""source_score"":null},{""class_code"":""suspicious_activity"",""frame_index"":351,""timestamp_ms"":43889,""score"":0.860273540019989,""source_actor_id"":""WIN_20260726_12_02_24_Pro::s9"",""source_score"":null},{""class_code"":""suspicious_activity"",""frame_index"":352,""timestamp_ms"":44017,""score"":0.860273540019989,""source_actor_id"":""WIN_20260726_12_02_24_Pro::s9"",""source_score"":null},{""class_code"":""suspicious_activity"",""frame_index"":353,""timestamp_ms"":44159,""score"":0.860273540019989,""source_actor_id"":""WIN_20260726_12_02_24_Pro::s9"",""source_score"":null},{""class_code"":""suspicious_activity"",""frame_index"":354,""timestamp_ms"":44257,""score"":0.860273540019989,""source_actor_id"":""WIN_20260726_12_02_24_Pro::s9"",""source_score"":null},{""class_code"":""suspicious_activity"",""frame_index"":355,""timestamp_ms"":44385,""score"":0.860273540019989,""source_actor_id"":""WIN_20260726_12_02_24_Pro::s9"",""source_score"":null},{""class_code"":""suspicious_activity"",""frame_index"":356,""timestamp_ms"":44513,""score"":0.8666634559631348,""source_actor_id"":""WIN_20260726_12_02_24_Pro::s9"",""source_score"":null},{""class_code"":""suspicious_activity"",""frame_index"":357,""timestamp_ms"":44625,""score"":0.8666634559631348,""source_actor_id"":""WIN_20260726_12_02_24_Pro::s9"",""source_score"":null},{""class_code"":""suspicious_activity"",""frame_index"":358,""timestamp_ms"":44753,""score"":0.8563023209571838,""source_actor_id"":""WIN_20260726_12_02_24_Pro::s9"",""source_score"":null},{""class_code"":""suspicious_activity"",""frame_index"":359,""timestamp_ms"":44881,""score"":0.8563023209571838,""source_actor_id"":""WIN_20260726_12_02_24_Pro::s9"",""source_score"":null},{""class_code"":""suspicious_activity"",""frame_index"":360,""timestamp_ms"":45025,""score"":0.8547462821006775,""source_actor_id"":""WIN_20260726_12_02_24_Pro::s9"",""source_score"":null},{""class_code"":""suspicious_activity"",""frame_index"":361,""timestamp_ms"":45153,""score"":0.8547462821006775,""source_actor_id"":""WIN_20260726_12_02_24_Pro::s9"",""source_score"":null},{""class_code"":""suspicious_activity"",""frame_index"":362,""timestamp_ms"":45281,""score"":0.8547462821006775,""source_actor_id"":""WIN_20260726_12_02_24_Pro::s9"",""source_score"":null},{""class_code"":""suspicious_activity"",""frame_index"":363,""timestamp_ms"":45393,""score"":0.8547462821006775,""source_actor_id"":""WIN_20260726_12_02_24_Pro::s9"",""source_score"":null},{""class_code"":""suspicious_activity"",""frame_index"":364,""timestamp_ms"":45521,""score"":0.9502623081207275,""source_actor_id"":""WIN_20260726_12_02_24_Pro::s9"",""source_score"":null},{""class_code"":""suspicious_activity"",""frame_index"":365,""timestamp_ms"":45649,""score"":0.9499743580818176,""source_actor_id"":""WIN_20260726_12_02_24_Pro::s9"",""source_score"":null},{""class_code"":""suspicious_activity"",""frame_index"":366,""timestamp_ms"":45759,""score"":0.944094181060791,""source_actor_id"":""WIN_20260726_12_02_24_Pro::s9"",""source_score"":null},{""class_code"":""suspicious_activity"",""frame_index"":367,""timestamp_ms"":45889,""score"":0.9372724294662476,""source_actor_id"":""WIN_20260726_12_02_24_Pro::s9"",""source_score"":null},{""class_code"":""suspicious_activity"",""frame_index"":368,""timestamp_ms"":46017,""score"":0.9372724294662476,""source_actor_id"":""WIN_20260726_12_02_24_Pro::s9"",""source_score"":null},{""class_code"":""suspicious_activity"",""frame_index"":369,""timestamp_ms"":46145,""score"":0.9435627460479736,""source_actor_id"":""WIN_20260726_12_02_24_Pro::s9"",""source_score"":null},{""class_code"":""suspicious_activity"",""frame_index"":370,""timestamp_ms"":46257,""score"":0.9435627460479736,""source_actor_id"":""WIN_20260726_12_02_24_Pro::s9"",""source_score"":null},{""class_code"":""suspicious_activity"",""frame_index"":371,""timestamp_ms"":46385,""score"":0.9162343144416809,""source_actor_id"":""WIN_20260726_12_02_24_Pro::s9"",""source_score"":null},{""class_code"":""suspicious_activity"",""frame_index"":372,""timestamp_ms"":46513,""score"":0.9659373760223389,""source_actor_id"":""WIN_20260726_12_02_24_Pro::s9"",""source_score"":null},{""class_code"":""suspicious_activity"",""frame_index"":373,""timestamp_ms"":46625,""score"":0.9659373760223389,""source_actor_id"":""WIN_20260726_12_02_24_Pro::s9"",""source_score"":null},{""class_code"":""suspicious_activity"",""frame_index"":374,""timestamp_ms"":46753,""score"":0.9659373760223389,""source_actor_id"":""WIN_20260726_12_02_24_Pro::s9"",""source_score"":null},{""class_code"":""suspicious_activity"",""frame_index"":375,""timestamp_ms"":46881,""score"":0.9668380618095398,""source_actor_id"":""WIN_20260726_12_02_24_Pro::s9"",""source_score"":null},{""class_code"":""suspicious_activity"",""frame_index"":376,""timestamp_ms"":47025,""score"":0.9623399972915649,""source_actor_id"":""WIN_20260726_12_02_24_Pro::s9"",""source_score"":null},{""class_code"":""suspicious_activity"",""frame_index"":377,""timestamp_ms"":47153,""score"":0.9597766399383545,""source_actor_id"":""WIN_20260726_12_02_24_Pro::s9"",""source_score"":null},{""class_code"":""suspicious_activity"",""frame_index"":378,""timestamp_ms"":47281,""score"":0.965033769607544,""source_actor_id"":""WIN_20260726_12_02_24_Pro::s9"",""source_score"":null},{""class_code"":""suspicious_activity"",""frame_index"":379,""timestamp_ms"":47391,""score"":0.9766998291015625,""source_actor_id"":""WIN_20260726_12_02_24_Pro::s9"",""source_score"":null},{""class_code"":""suspicious_activity"",""frame_index"":380,""timestamp_ms"":47521,""score"":0.983979344367981,""source_actor_id"":""WIN_20260726_12_02_24_Pro::s9"",""source_score"":null},{""class_code"":""suspicious_activity"",""frame_index"":381,""timestamp_ms"":47649,""score"":0.9848546981811523,""source_actor_id"":""WIN_20260726_12_02_24_Pro::s9"",""source_score"":null},{""class_code"":""suspicious_activity"",""frame_index"":382,""timestamp_ms"":47792,""score"":0.9851827025413513,""source_actor_id"":""WIN_20260726_12_02_24_Pro::s9"",""source_score"":null},{""class_code"":""suspicious_activity"",""frame_index"":383,""timestamp_ms"":47889,""score"":0.986767590045929,""source_actor_id"":""WIN_20260726_12_02_24_Pro::s9"",""source_score"":null},{""class_code"":""suspicious_activity"",""frame_index"":384,""timestamp_ms"":48017,""score"":0.9876499772071838,""source_actor_id"":""WIN_20260726_12_02_24_Pro::s9"",""source_score"":null},{""class_code"":""suspicious_activity"",""frame_index"":385,""timestamp_ms"":48145,""score"":0.9911134839057922,""source_actor_id"":""WIN_20260726_12_02_24_Pro::s9"",""source_score"":null},{""class_code"":""suspicious_activity"",""frame_index"":402,""timestamp_ms"":50257,""score"":0.9607934355735779,""source_actor_id"":""WIN_20260726_12_02_24_Pro::s9"",""source_score"":null},{""class_code"":""suspicious_activity"",""frame_index"":403,""timestamp_ms"":50385,""score"":0.942288339138031,""source_actor_id"":""WIN_20260726_12_02_24_Pro::s9"",""source_score"":null},{""class_code"":""suspicious_activity"",""frame_index"":404,""timestamp_ms"":50513,""score"":0.9338873028755188,""source_actor_id"":""WIN_20260726_12_02_24_Pro::s9"",""source_score"":null},{""class_code"":""suspicious_activity"",""frame_index"":405,""timestamp_ms"":50657,""score"":0.9403240084648132,""source_actor_id"":""WIN_20260726_12_02_24_Pro::s9"",""source_score"":null},{""class_code"":""suspicious_activity"",""frame_index"":406,""timestamp_ms"":50753,""score"":0.9439191818237305,""source_actor_id"":""WIN_20260726_12_02_24_Pro::s9"",""source_score"":null},{""class_code"":""suspicious_activity"",""frame_index"":407,""timestamp_ms"":50881,""score"":0.9439191818237305,""source_actor_id"":""WIN_20260726_12_02_24_Pro::s9"",""source_score"":null},{""class_code"":""suspicious_activity"",""frame_index"":408,""timestamp_ms"":51024,""score"":0.9439191818237305,""source_actor_id"":""WIN_20260726_12_02_24_Pro::s9"",""source_score"":null},{""class_code"":""suspicious_activity"",""frame_index"":409,""timestamp_ms"":51153,""score"":0.9439191818237305,""source_actor_id"":""WIN_20260726_12_02_24_Pro::s9"",""source_score"":null},{""class_code"":""suspicious_activity"",""frame_index"":410,""timestamp_ms"":51281,""score"":0.9439191818237305,""source_actor_id"":""WIN_20260726_12_02_24_Pro::s9"",""source_score"":null},{""class_code"":""suspicious_activity"",""frame_index"":411,""timestamp_ms"":51377,""score"":0.9439191818237305,""source_actor_id"":""WIN_20260726_12_02_24_Pro::s9"",""source_score"":null},{""class_code"":""suspicious_activity"",""frame_index"":412,""timestamp_ms"":51521,""score"":0.9701703786849976,""source_actor_id"":""WIN_20260726_12_02_24_Pro::s9"",""source_score"":null},{""class_code"":""suspicious_activity"",""frame_index"":413,""timestamp_ms"":51649,""score"":0.9618775248527527,""source_actor_id"":""WIN_20260726_12_02_24_Pro::s9"",""source_score"":null},{""class_code"":""suspicious_activity"",""frame_index"":414,""timestamp_ms"":51777,""score"":0.9805702567100525,""source_actor_id"":""WIN_20260726_12_02_24_Pro::s9"",""source_score"":null},{""class_code"":""suspicious_activity"",""frame_index"":415,""timestamp_ms"":51889,""score"":0.9805702567100525,""source_actor_id"":""WIN_20260726_12_02_24_Pro::s9"",""source_score"":null},{""class_code"":""suspicious_activity"",""frame_index"":416,""timestamp_ms"":52017,""score"":0.9730173349380493,""source_actor_id"":""WIN_20260726_12_02_24_Pro::s9"",""source_score"":null},{""class_code"":""suspicious_activity"",""frame_index"":417,""timestamp_ms"":52145,""score"":0.9730928540229797,""source_actor_id"":""WIN_20260726_12_02_24_Pro::s9"",""source_score"":null},{""class_code"":""suspicious_activity"",""frame_index"":418,""timestamp_ms"":52257,""score"":0.9730928540229797,""source_actor_id"":""WIN_20260726_12_02_24_Pro::s9"",""source_score"":null},{""class_code"":""suspicious_activity"",""frame_index"":419,""timestamp_ms"":52385,""score"":0.9764971733093262,""source_actor_id"":""WIN_20260726_12_02_24_Pro::s9"",""source_score"":null},{""class_code"":""suspicious_activity"",""frame_index"":420,""timestamp_ms"":52513,""score"":0.9690462350845337,""source_actor_id"":""WIN_20260726_12_02_24_Pro::s9"",""source_score"":null},{""class_code"":""suspicious_activity"",""frame_index"":421,""timestamp_ms"":52657,""score"":0.9586178660392761,""source_actor_id"":""WIN_20260726_12_02_24_Pro::s9"",""source_score"":null},{""class_code"":""suspicious_activity"",""frame_index"":422,""timestamp_ms"":52753,""score"":0.9325155019760132,""source_actor_id"":""WIN_20260726_12_02_24_Pro::s9"",""source_score"":null},{""class_code"":""suspicious_activity"",""frame_index"":423,""timestamp_ms"":52881,""score"":0.9243963956832886,""source_actor_id"":""WIN_20260726_12_02_24_Pro::s9"",""source_score"":null},{""class_code"":""suspicious_activity"",""frame_index"":424,""timestamp_ms"":53024,""score"":0.8967563509941101,""source_actor_id"":""WIN_20260726_12_02_24_Pro::s9"",""source_score"":null},{""class_code"":""suspicious_activity"",""frame_index"":425,""timestamp_ms"":53153,""score"":0.9153730869293213,""source_actor_id"":""WIN_20260726_12_02_24_Pro::s9"",""source_score"":null},{""class_code"":""suspicious_activity"",""frame_index"":426,""timestamp_ms"":53281,""score"":0.9241956472396851,""source_actor_id"":""WIN_20260726_12_02_24_Pro::s9"",""source_score"":null},{""class_code"":""suspicious_activity"",""frame_index"":427,""timestamp_ms"":53378,""score"":0.9328699111938477,""source_actor_id"":""WIN_20260726_12_02_24_Pro::s9"",""source_score"":null},{""class_code"":""suspicious_activity"",""frame_index"":428,""timestamp_ms"":53521,""score"":0.9300886392593384,""source_actor_id"":""WIN_20260726_12_02_24_Pro::s9"",""source_score"":null},{""class_code"":""suspicious_activity"",""frame_index"":429,""timestamp_ms"":53649,""score"":0.9235407114028931,""source_actor_id"":""WIN_20260726_12_02_24_Pro::s9"",""source_score"":null},{""class_code"":""suspicious_activity"",""frame_index"":430,""timestamp_ms"":53777,""score"":0.9235407114028931,""source_actor_id"":""WIN_20260726_12_02_24_Pro::s9"",""source_score"":null},{""class_code"":""suspicious_activity"",""frame_index"":431,""timestamp_ms"":53889,""score"":0.919384241104126,""source_actor_id"":""WIN_20260726_12_02_24_Pro::s9"",""source_score"":null},{""class_code"":""suspicious_activity"",""frame_index"":432,""timestamp_ms"":54017,""score"":0.9218552708625793,""source_actor_id"":""WIN_20260726_12_02_24_Pro::s9"",""source_score"":null},{""class_code"":""suspicious_activity"",""frame_index"":433,""timestamp_ms"":54145,""score"":0.9218552708625793,""source_actor_id"":""WIN_20260726_12_02_24_Pro::s9"",""source_score"":null},{""class_code"":""suspicious_activity"",""frame_index"":434,""timestamp_ms"":54256,""score"":0.9184951782226562,""source_actor_id"":""WIN_20260726_12_02_24_Pro::s9"",""source_score"":null},{""class_code"":""suspicious_activity"",""frame_index"":435,""timestamp_ms"":54385,""score"":0.9023959636688232,""source_actor_id"":""WIN_20260726_12_02_24_Pro::s9"",""source_score"":null},{""class_code"":""suspicious_activity"",""frame_index"":436,""timestamp_ms"":54513,""score"":0.9005080461502075,""source_actor_id"":""WIN_20260726_12_02_24_Pro::s9"",""source_score"":null},{""class_code"":""suspicious_activity"",""frame_index"":437,""timestamp_ms"":54656,""score"":0.8772026896476746,""source_actor_id"":""WIN_20260726_12_02_24_Pro::s9"",""source_score"":null},{""class_code"":""suspicious_activity"",""frame_index"":438,""timestamp_ms"":54753,""score"":0.8720477819442749,""source_actor_id"":""WIN_20260726_12_02_24_Pro::s9"",""source_score"":null},{""class_code"":""suspicious_activity"",""frame_index"":439,""timestamp_ms"":54881,""score"":0.8720477819442749,""source_actor_id"":""WIN_20260726_12_02_24_Pro::s9"",""source_score"":null},{""class_code"":""suspicious_activity"",""frame_index"":440,""timestamp_ms"":55009,""score"":0.8704878091812134,""source_actor_id"":""WIN_20260726_12_02_24_Pro::s9"",""source_score"":null},{""class_code"":""suspicious_activity"",""frame_index"":441,""timestamp_ms"":55153,""score"":0.8704878091812134,""source_actor_id"":""WIN_20260726_12_02_24_Pro::s9"",""source_score"":null},{""class_code"":""suspicious_activity"",""frame_index"":442,""timestamp_ms"":55281,""score"":0.8593810200691223,""source_actor_id"":""WIN_20260726_12_02_24_Pro::s9"",""source_score"":null},{""class_code"":""suspicious_activity"",""frame_index"":443,""timestamp_ms"":55377,""score"":0.6938644051551819,""source_actor_id"":""WIN_20260726_12_02_24_Pro::s9"",""source_score"":null},{""class_code"":""suspicious_activity"",""frame_index"":444,""timestamp_ms"":55521,""score"":0.66800457239151,""source_actor_id"":""WIN_20260726_12_02_24_Pro::s9"",""source_score"":null},{""class_code"":""suspicious_activity"",""frame_index"":445,""timestamp_ms"":55649,""score"":0.66800457239151,""source_actor_id"":""WIN_20260726_12_02_24_Pro::s9"",""source_score"":null},{""class_code"":""suspicious_activity"",""frame_index"":446,""timestamp_ms"":55777,""score"":0.7597430348396301,""source_actor_id"":""WIN_20260726_12_02_24_Pro::s9"",""source_score"":null},{""class_code"":""suspicious_activity"",""frame_index"":447,""timestamp_ms"":55889,""score"":0.8719354867935181,""source_actor_id"":""WIN_20260726_12_02_24_Pro::s9"",""source_score"":null},{""class_code"":""suspicious_activity"",""frame_index"":448,""timestamp_ms"":56017,""score"":0.8929136991500854,""source_actor_id"":""WIN_20260726_12_02_24_Pro::s9"",""source_score"":null},{""class_code"":""suspicious_activity"",""frame_index"":449,""timestamp_ms"":56145,""score"":0.8893791437149048,""source_actor_id"":""WIN_20260726_12_02_24_Pro::s9"",""source_score"":null},{""class_code"":""suspicious_activity"",""frame_index"":450,""timestamp_ms"":56256,""score"":0.8893791437149048,""source_actor_id"":""WIN_20260726_12_02_24_Pro::s9"",""source_score"":null},{""class_code"":""suspicious_activity"",""frame_index"":451,""timestamp_ms"":56385,""score"":0.8983657360076904,""source_actor_id"":""WIN_20260726_12_02_24_Pro::s9"",""source_score"":null},{""class_code"":""suspicious_activity"",""frame_index"":452,""timestamp_ms"":56513,""score"":0.857516348361969,""source_actor_id"":""WIN_20260726_12_02_24_Pro::s9"",""source_score"":null},{""class_code"":""suspicious_activity"",""frame_index"":453,""timestamp_ms"":56656,""score"":0.8355393409729004,""source_actor_id"":""WIN_20260726_12_02_24_Pro::s9"",""source_score"":null},{""class_code"":""suspicious_activity"",""frame_index"":454,""timestamp_ms"":56753,""score"":0.7849754095077515,""source_actor_id"":""WIN_20260726_12_02_24_Pro::s9"",""source_score"":null}]",26,3264,s9,4,455,True,suspicious_activity
WIN_20260802_12_06_10_Pro,s10,c5,c5,,,,,,,[],,,,4,130,True,c5
WIN_20260802_12_06_10_Pro,s9,c5,c5,suspicious_activity,s9,122,15295,0.9641637206077576,,"[{""class_code"":""suspicious_activity"",""frame_index"":35,""timestamp_ms"":4398,""score"":0.8640033006668091,""source_actor_id"":""WIN_20260802_12_06_10_Pro::s9"",""source_score"":null},{""class_code"":""suspicious_activity"",""frame_index"":36,""timestamp_ms"":4528,""score"":0.8640033006668091,""source_actor_id"":""WIN_20260802_12_06_10_Pro::s9"",""source_score"":null},{""class_code"":""suspicious_activity"",""frame_index"":37,""timestamp_ms"":4656,""score"":0.8725354075431824,""source_actor_id"":""WIN_20260802_12_06_10_Pro::s9"",""source_score"":null},{""class_code"":""suspicious_activity"",""frame_index"":38,""timestamp_ms"":4752,""score"":0.8978477716445923,""source_actor_id"":""WIN_20260802_12_06_10_Pro::s9"",""source_score"":null},{""class_code"":""suspicious_activity"",""frame_index"":39,""timestamp_ms"":4896,""score"":0.8978477716445923,""source_actor_id"":""WIN_20260802_12_06_10_Pro::s9"",""source_score"":null},{""class_code"":""suspicious_activity"",""frame_index"":40,""timestamp_ms"":5024,""score"":0.8978477716445923,""source_actor_id"":""WIN_20260802_12_06_10_Pro::s9"",""source_score"":null},{""class_code"":""suspicious_activity"",""frame_index"":41,""timestamp_ms"":5152,""score"":0.9063953161239624,""source_actor_id"":""WIN_20260802_12_06_10_Pro::s9"",""source_score"":null},{""class_code"":""suspicious_activity"",""frame_index"":42,""timestamp_ms"":5264,""score"":0.9063953161239624,""source_actor_id"":""WIN_20260802_12_06_10_Pro::s9"",""source_score"":null},{""class_code"":""suspicious_activity"",""frame_index"":43,""timestamp_ms"":5392,""score"":0.9063953161239624,""source_actor_id"":""WIN_20260802_12_06_10_Pro::s9"",""source_score"":null},{""class_code"":""suspicious_activity"",""frame_index"":44,""timestamp_ms"":5520,""score"":0.9458119869232178,""source_actor_id"":""WIN_20260802_12_06_10_Pro::s9"",""source_score"":null},{""class_code"":""suspicious_activity"",""frame_index"":45,""timestamp_ms"":5630,""score"":0.9456611275672913,""source_actor_id"":""WIN_20260802_12_06_10_Pro::s9"",""source_score"":null},{""class_code"":""suspicious_activity"",""frame_index"":46,""timestamp_ms"":5760,""score"":0.9480626583099365,""source_actor_id"":""WIN_20260802_12_06_10_Pro::s9"",""source_score"":null},{""class_code"":""suspicious_activity"",""frame_index"":47,""timestamp_ms"":5888,""score"":0.9480626583099365,""source_actor_id"":""WIN_20260802_12_06_10_Pro::s9"",""source_score"":null},{""class_code"":""suspicious_activity"",""frame_index"":48,""timestamp_ms"":6030,""score"":0.9482071995735168,""source_actor_id"":""WIN_20260802_12_06_10_Pro::s9"",""source_score"":null},{""class_code"":""suspicious_activity"",""frame_index"":49,""timestamp_ms"":6128,""score"":0.9482071995735168,""source_actor_id"":""WIN_20260802_12_06_10_Pro::s9"",""source_score"":null},{""class_code"":""suspicious_activity"",""frame_index"":50,""timestamp_ms"":6256,""score"":0.9403087496757507,""source_actor_id"":""WIN_20260802_12_06_10_Pro::s9"",""source_score"":null},{""class_code"":""suspicious_activity"",""frame_index"":51,""timestamp_ms"":6384,""score"":0.9383794069290161,""source_actor_id"":""WIN_20260802_12_06_10_Pro::s9"",""source_score"":null},{""class_code"":""suspicious_activity"",""frame_index"":52,""timestamp_ms"":6528,""score"":0.9383794069290161,""source_actor_id"":""WIN_20260802_12_06_10_Pro::s9"",""source_score"":null},{""class_code"":""suspicious_activity"",""frame_index"":53,""timestamp_ms"":6656,""score"":0.9442521929740906,""source_actor_id"":""WIN_20260802_12_06_10_Pro::s9"",""source_score"":null},{""class_code"":""suspicious_activity"",""frame_index"":54,""timestamp_ms"":6752,""score"":0.9417849183082581,""source_actor_id"":""WIN_20260802_12_06_10_Pro::s9"",""source_score"":null},{""class_code"":""suspicious_activity"",""frame_index"":55,""timestamp_ms"":6896,""score"":0.73317551612854,""source_actor_id"":""WIN_20260802_12_06_10_Pro::s9"",""source_score"":null},{""class_code"":""suspicious_activity"",""frame_index"":56,""timestamp_ms"":7024,""score"":0.7555117011070251,""source_actor_id"":""WIN_20260802_12_06_10_Pro::s9"",""source_score"":null},{""class_code"":""suspicious_activity"",""frame_index"":57,""timestamp_ms"":7152,""score"":0.7647753357887268,""source_actor_id"":""WIN_20260802_12_06_10_Pro::s9"",""source_score"":null},{""class_code"":""suspicious_activity"",""frame_index"":58,""timestamp_ms"":7265,""score"":0.7599413990974426,""source_actor_id"":""WIN_20260802_12_06_10_Pro::s9"",""source_score"":null},{""class_code"":""suspicious_activity"",""frame_index"":59,""timestamp_ms"":7392,""score"":0.7183263301849365,""source_actor_id"":""WIN_20260802_12_06_10_Pro::s9"",""source_score"":null},{""class_code"":""suspicious_activity"",""frame_index"":60,""timestamp_ms"":7520,""score"":0.9398038387298584,""source_actor_id"":""WIN_20260802_12_06_10_Pro::s9"",""source_score"":null},{""class_code"":""suspicious_activity"",""frame_index"":109,""timestamp_ms"":13648,""score"":0.9135491847991943,""source_actor_id"":""WIN_20260802_12_06_10_Pro::s9"",""source_score"":null},{""class_code"":""suspicious_activity"",""frame_index"":110,""timestamp_ms"":13760,""score"":0.9509528279304504,""source_actor_id"":""WIN_20260802_12_06_10_Pro::s9"",""source_score"":null},{""class_code"":""suspicious_activity"",""frame_index"":111,""timestamp_ms"":13888,""score"":0.9375457167625427,""source_actor_id"":""WIN_20260802_12_06_10_Pro::s9"",""source_score"":null},{""class_code"":""suspicious_activity"",""frame_index"":112,""timestamp_ms"":14016,""score"":0.9375457167625427,""source_actor_id"":""WIN_20260802_12_06_10_Pro::s9"",""source_score"":null},{""class_code"":""suspicious_activity"",""frame_index"":113,""timestamp_ms"":14128,""score"":0.9391195178031921,""source_actor_id"":""WIN_20260802_12_06_10_Pro::s9"",""source_score"":null},{""class_code"":""suspicious_activity"",""frame_index"":114,""timestamp_ms"":14256,""score"":0.9391195178031921,""source_actor_id"":""WIN_20260802_12_06_10_Pro::s9"",""source_score"":null},{""class_code"":""suspicious_activity"",""frame_index"":115,""timestamp_ms"":14384,""score"":0.9391195178031921,""source_actor_id"":""WIN_20260802_12_06_10_Pro::s9"",""source_score"":null},{""class_code"":""suspicious_activity"",""frame_index"":116,""timestamp_ms"":14528,""score"":0.9373779296875,""source_actor_id"":""WIN_20260802_12_06_10_Pro::s9"",""source_score"":null},{""class_code"":""suspicious_activity"",""frame_index"":117,""timestamp_ms"":14656,""score"":0.9373779296875,""source_actor_id"":""WIN_20260802_12_06_10_Pro::s9"",""source_score"":null},{""class_code"":""suspicious_activity"",""frame_index"":118,""timestamp_ms"":14752,""score"":0.9345475435256958,""source_actor_id"":""WIN_20260802_12_06_10_Pro::s9"",""source_score"":null},{""class_code"":""suspicious_activity"",""frame_index"":119,""timestamp_ms"":14895,""score"":0.9345475435256958,""source_actor_id"":""WIN_20260802_12_06_10_Pro::s9"",""source_score"":null},{""class_code"":""suspicious_activity"",""frame_index"":120,""timestamp_ms"":15024,""score"":0.9328732490539551,""source_actor_id"":""WIN_20260802_12_06_10_Pro::s9"",""source_score"":null},{""class_code"":""suspicious_activity"",""frame_index"":121,""timestamp_ms"":15152,""score"":0.9249767661094666,""source_actor_id"":""WIN_20260802_12_06_10_Pro::s9"",""source_score"":null},{""class_code"":""suspicious_activity"",""frame_index"":122,""timestamp_ms"":15295,""score"":0.9641637206077576,""source_actor_id"":""WIN_20260802_12_06_10_Pro::s9"",""source_score"":null},{""class_code"":""suspicious_activity"",""frame_index"":123,""timestamp_ms"":15392,""score"":0.9116333723068237,""source_actor_id"":""WIN_20260802_12_06_10_Pro::s9"",""source_score"":null}]",35,4398,s9,4,130,True,suspicious_activity
v_c1_s1_s2,s1,suspicious_activity,c5,suspicious_activity,s1,77,9634,0.9411733150482178,,"[{""class_code"":""suspicious_activity"",""frame_index"":56,""timestamp_ms"":7007,""score"":0.7640088796615601,""source_actor_id"":""v_c1_s1_s2::s1"",""source_score"":null},{""class_code"":""suspicious_activity"",""frame_index"":58,""timestamp_ms"":7257,""score"":0.7015603184700012,""source_actor_id"":""v_c1_s1_s2::s1"",""source_score"":null},{""class_code"":""suspicious_activity"",""frame_index"":59,""timestamp_ms"":7382,""score"":0.7966287732124329,""source_actor_id"":""v_c1_s1_s2::s1"",""source_score"":null},{""class_code"":""suspicious_activity"",""frame_index"":60,""timestamp_ms"":7507,""score"":0.7993625998497009,""source_actor_id"":""v_c1_s1_s2::s1"",""source_score"":null},{""class_code"":""suspicious_activity"",""frame_index"":61,""timestamp_ms"":7632,""score"":0.8202792406082153,""source_actor_id"":""v_c1_s1_s2::s1"",""source_score"":null},{""class_code"":""suspicious_activity"",""frame_index"":62,""timestamp_ms"":7757,""score"":0.8202792406082153,""source_actor_id"":""v_c1_s1_s2::s1"",""source_score"":null},{""class_code"":""suspicious_activity"",""frame_index"":63,""timestamp_ms"":7882,""score"":0.8202792406082153,""source_actor_id"":""v_c1_s1_s2::s1"",""source_score"":null},{""class_code"":""suspicious_activity"",""frame_index"":64,""timestamp_ms"":8007,""score"":0.8202792406082153,""source_actor_id"":""v_c1_s1_s2::s1"",""source_score"":null},{""class_code"":""suspicious_activity"",""frame_index"":65,""timestamp_ms"":8133,""score"":0.8202792406082153,""source_actor_id"":""v_c1_s1_s2::s1"",""source_score"":null},{""class_code"":""suspicious_activity"",""frame_index"":66,""timestamp_ms"":8258,""score"":0.8949854373931885,""source_actor_id"":""v_c1_s1_s2::s1"",""source_score"":null},{""class_code"":""suspicious_activity"",""frame_index"":67,""timestamp_ms"":8383,""score"":0.8902624249458313,""source_actor_id"":""v_c1_s1_s2::s1"",""source_score"":null},{""class_code"":""suspicious_activity"",""frame_index"":68,""timestamp_ms"":8508,""score"":0.8922344446182251,""source_actor_id"":""v_c1_s1_s2::s1"",""source_score"":null},{""class_code"":""suspicious_activity"",""frame_index"":69,""timestamp_ms"":8633,""score"":0.8922344446182251,""source_actor_id"":""v_c1_s1_s2::s1"",""source_score"":null},{""class_code"":""suspicious_activity"",""frame_index"":70,""timestamp_ms"":8758,""score"":0.891851007938385,""source_actor_id"":""v_c1_s1_s2::s1"",""source_score"":null},{""class_code"":""suspicious_activity"",""frame_index"":71,""timestamp_ms"":8883,""score"":0.891851007938385,""source_actor_id"":""v_c1_s1_s2::s1"",""source_score"":null},{""class_code"":""suspicious_activity"",""frame_index"":72,""timestamp_ms"":9009,""score"":0.8951449990272522,""source_actor_id"":""v_c1_s1_s2::s1"",""source_score"":null},{""class_code"":""suspicious_activity"",""frame_index"":73,""timestamp_ms"":9134,""score"":0.8951449990272522,""source_actor_id"":""v_c1_s1_s2::s1"",""source_score"":null},{""class_code"":""suspicious_activity"",""frame_index"":74,""timestamp_ms"":9259,""score"":0.8951449990272522,""source_actor_id"":""v_c1_s1_s2::s1"",""source_score"":null},{""class_code"":""suspicious_activity"",""frame_index"":75,""timestamp_ms"":9384,""score"":0.8951449990272522,""source_actor_id"":""v_c1_s1_s2::s1"",""source_score"":null},{""class_code"":""suspicious_activity"",""frame_index"":76,""timestamp_ms"":9509,""score"":0.9200307130813599,""source_actor_id"":""v_c1_s1_s2::s1"",""source_score"":null},{""class_code"":""suspicious_activity"",""frame_index"":77,""timestamp_ms"":9634,""score"":0.9411733150482178,""source_actor_id"":""v_c1_s1_s2::s1"",""source_score"":null},{""class_code"":""suspicious_activity"",""frame_index"":78,""timestamp_ms"":9759,""score"":0.9298702478408813,""source_actor_id"":""v_c1_s1_s2::s1"",""source_score"":null},{""class_code"":""suspicious_activity"",""frame_index"":79,""timestamp_ms"":9884,""score"":0.9130626916885376,""source_actor_id"":""v_c1_s1_s2::s1"",""source_score"":null},{""class_code"":""suspicious_activity"",""frame_index"":80,""timestamp_ms"":10010,""score"":0.9327549934387207,""source_actor_id"":""v_c1_s1_s2::s1"",""source_score"":null},{""class_code"":""suspicious_activity"",""frame_index"":81,""timestamp_ms"":10135,""score"":0.9320815205574036,""source_actor_id"":""v_c1_s1_s2::s1"",""source_score"":null}]",56,7007,s1,4,97,True,suspicious_activity
v_c1_s1_s2,s2,suspicious_activity,c5,suspicious_activity,s2,64,8007,0.7459090352058411,,"[{""class_code"":""suspicious_activity"",""frame_index"":11,""timestamp_ms"":1376,""score"":0.7430660724639893,""source_actor_id"":""v_c1_s1_s2::s2"",""source_score"":null},{""class_code"":""suspicious_activity"",""frame_index"":12,""timestamp_ms"":1501,""score"":0.7176287770271301,""source_actor_id"":""v_c1_s1_s2::s2"",""source_score"":null},{""class_code"":""suspicious_activity"",""frame_index"":13,""timestamp_ms"":1626,""score"":0.730979323387146,""source_actor_id"":""v_c1_s1_s2::s2"",""source_score"":null},{""class_code"":""suspicious_activity"",""frame_index"":14,""timestamp_ms"":1751,""score"":0.730979323387146,""source_actor_id"":""v_c1_s1_s2::s2"",""source_score"":null},{""class_code"":""suspicious_activity"",""frame_index"":15,""timestamp_ms"":1876,""score"":0.7230955362319946,""source_actor_id"":""v_c1_s1_s2::s2"",""source_score"":null},{""class_code"":""suspicious_activity"",""frame_index"":16,""timestamp_ms"":2001,""score"":0.7257624268531799,""source_actor_id"":""v_c1_s1_s2::s2"",""source_score"":null},{""class_code"":""suspicious_activity"",""frame_index"":44,""timestamp_ms"":5505,""score"":0.679884672164917,""source_actor_id"":""v_c1_s1_s2::s2"",""source_score"":null},{""class_code"":""suspicious_activity"",""frame_index"":45,""timestamp_ms"":5630,""score"":0.679884672164917,""source_actor_id"":""v_c1_s1_s2::s2"",""source_score"":null},{""class_code"":""suspicious_activity"",""frame_index"":46,""timestamp_ms"":5755,""score"":0.6646397113800049,""source_actor_id"":""v_c1_s1_s2::s2"",""source_score"":null},{""class_code"":""suspicious_activity"",""frame_index"":47,""timestamp_ms"":5880,""score"":0.6646397113800049,""source_actor_id"":""v_c1_s1_s2::s2"",""source_score"":null},{""class_code"":""suspicious_activity"",""frame_index"":48,""timestamp_ms"":6006,""score"":0.6646397113800049,""source_actor_id"":""v_c1_s1_s2::s2"",""source_score"":null},{""class_code"":""suspicious_activity"",""frame_index"":49,""timestamp_ms"":6131,""score"":0.702274739742279,""source_actor_id"":""v_c1_s1_s2::s2"",""source_score"":null},{""class_code"":""suspicious_activity"",""frame_index"":50,""timestamp_ms"":6256,""score"":0.6983304619789124,""source_actor_id"":""v_c1_s1_s2::s2"",""source_score"":null},{""class_code"":""suspicious_activity"",""frame_index"":51,""timestamp_ms"":6381,""score"":0.6907027363777161,""source_actor_id"":""v_c1_s1_s2::s2"",""source_score"":null},{""class_code"":""suspicious_activity"",""frame_index"":52,""timestamp_ms"":6506,""score"":0.694087564945221,""source_actor_id"":""v_c1_s1_s2::s2"",""source_score"":null},{""class_code"":""suspicious_activity"",""frame_index"":53,""timestamp_ms"":6631,""score"":0.6913864016532898,""source_actor_id"":""v_c1_s1_s2::s2"",""source_score"":null},{""class_code"":""suspicious_activity"",""frame_index"":54,""timestamp_ms"":6756,""score"":0.7098944187164307,""source_actor_id"":""v_c1_s1_s2::s2"",""source_score"":null},{""class_code"":""suspicious_activity"",""frame_index"":55,""timestamp_ms"":6881,""score"":0.7098944187164307,""source_actor_id"":""v_c1_s1_s2::s2"",""source_score"":null},{""class_code"":""suspicious_activity"",""frame_index"":56,""timestamp_ms"":7007,""score"":0.6913864016532898,""source_actor_id"":""v_c1_s1_s2::s2"",""source_score"":null},{""class_code"":""suspicious_activity"",""frame_index"":57,""timestamp_ms"":7132,""score"":0.6738720536231995,""source_actor_id"":""v_c1_s1_s2::s2"",""source_score"":null},{""class_code"":""suspicious_activity"",""frame_index"":58,""timestamp_ms"":7257,""score"":0.6689190864562988,""source_actor_id"":""v_c1_s1_s2::s2"",""source_score"":null},{""class_code"":""suspicious_activity"",""frame_index"":59,""timestamp_ms"":7382,""score"":0.6724478602409363,""source_actor_id"":""v_c1_s1_s2::s2"",""source_score"":null},{""class_code"":""suspicious_activity"",""frame_index"":61,""timestamp_ms"":7632,""score"":0.6729370951652527,""source_actor_id"":""v_c1_s1_s2::s2"",""source_score"":null},{""class_code"":""suspicious_activity"",""frame_index"":64,""timestamp_ms"":8007,""score"":0.7459090352058411,""source_actor_id"":""v_c1_s1_s2::s2"",""source_score"":null}]",11,1376,s2,4,97,True,suspicious_activity
v_c1_s1_v1,s1,suspicious_activity,c5,suspicious_activity,s1,35,4379,0.9246420860290527,,"[{""class_code"":""suspicious_activity"",""frame_index"":35,""timestamp_ms"":4379,""score"":0.9246420860290527,""source_actor_id"":""v_c1_s1_v1::s1"",""source_score"":null},{""class_code"":""suspicious_activity"",""frame_index"":36,""timestamp_ms"":4504,""score"":0.8990186452865601,""source_actor_id"":""v_c1_s1_v1::s1"",""source_score"":null},{""class_code"":""suspicious_activity"",""frame_index"":37,""timestamp_ms"":4629,""score"":0.7486402988433838,""source_actor_id"":""v_c1_s1_v1::s1"",""source_score"":null},{""class_code"":""suspicious_activity"",""frame_index"":38,""timestamp_ms"":4754,""score"":0.7666059136390686,""source_actor_id"":""v_c1_s1_v1::s1"",""source_score"":null},{""class_code"":""suspicious_activity"",""frame_index"":39,""timestamp_ms"":4879,""score"":0.7666059136390686,""source_actor_id"":""v_c1_s1_v1::s1"",""source_score"":null},{""class_code"":""suspicious_activity"",""frame_index"":40,""timestamp_ms"":5005,""score"":0.8133799433708191,""source_actor_id"":""v_c1_s1_v1::s1"",""source_score"":null},{""class_code"":""suspicious_activity"",""frame_index"":41,""timestamp_ms"":5130,""score"":0.8072052597999573,""source_actor_id"":""v_c1_s1_v1::s1"",""source_score"":null},{""class_code"":""suspicious_activity"",""frame_index"":42,""timestamp_ms"":5255,""score"":0.8535324931144714,""source_actor_id"":""v_c1_s1_v1::s1"",""source_score"":null},{""class_code"":""suspicious_activity"",""frame_index"":43,""timestamp_ms"":5380,""score"":0.8553689122200012,""source_actor_id"":""v_c1_s1_v1::s1"",""source_score"":null},{""class_code"":""suspicious_activity"",""frame_index"":44,""timestamp_ms"":5505,""score"":0.8537013530731201,""source_actor_id"":""v_c1_s1_v1::s1"",""source_score"":null},{""class_code"":""suspicious_activity"",""frame_index"":45,""timestamp_ms"":5630,""score"":0.8247993588447571,""source_actor_id"":""v_c1_s1_v1::s1"",""source_score"":null},{""class_code"":""suspicious_activity"",""frame_index"":46,""timestamp_ms"":5755,""score"":0.880280077457428,""source_actor_id"":""v_c1_s1_v1::s1"",""source_score"":null},{""class_code"":""suspicious_activity"",""frame_index"":47,""timestamp_ms"":5880,""score"":0.880280077457428,""source_actor_id"":""v_c1_s1_v1::s1"",""source_score"":null},{""class_code"":""suspicious_activity"",""frame_index"":48,""timestamp_ms"":6006,""score"":0.880280077457428,""source_actor_id"":""v_c1_s1_v1::s1"",""source_score"":null},{""class_code"":""suspicious_activity"",""frame_index"":49,""timestamp_ms"":6131,""score"":0.880280077457428,""source_actor_id"":""v_c1_s1_v1::s1"",""source_score"":null},{""class_code"":""suspicious_activity"",""frame_index"":50,""timestamp_ms"":6256,""score"":0.8381301164627075,""source_actor_id"":""v_c1_s1_v1::s1"",""source_score"":null},{""class_code"":""suspicious_activity"",""frame_index"":51,""timestamp_ms"":6381,""score"":0.808352530002594,""source_actor_id"":""v_c1_s1_v1::s1"",""source_score"":null},{""class_code"":""suspicious_activity"",""frame_index"":52,""timestamp_ms"":6506,""score"":0.7958468794822693,""source_actor_id"":""v_c1_s1_v1::s1"",""source_score"":null},{""class_code"":""suspicious_activity"",""frame_index"":53,""timestamp_ms"":6631,""score"":0.7791324853897095,""source_actor_id"":""v_c1_s1_v1::s1"",""source_score"":null},{""class_code"":""suspicious_activity"",""frame_index"":54,""timestamp_ms"":6756,""score"":0.7791324853897095,""source_actor_id"":""v_c1_s1_v1::s1"",""source_score"":null},{""class_code"":""suspicious_activity"",""frame_index"":55,""timestamp_ms"":6881,""score"":0.7905209064483643,""source_actor_id"":""v_c1_s1_v1::s1"",""source_score"":null},{""class_code"":""suspicious_activity"",""frame_index"":56,""timestamp_ms"":7007,""score"":0.8102007508277893,""source_actor_id"":""v_c1_s1_v1::s1"",""source_score"":null},{""class_code"":""suspicious_activity"",""frame_index"":57,""timestamp_ms"":7132,""score"":0.8045740127563477,""source_actor_id"":""v_c1_s1_v1::s1"",""source_score"":null}]",35,4379,s1,4,97,True,suspicious_activity
v_c1_s1_v1,s2,c5,c5,,,,,,,[],,,,4,97,True,c5
v_c1_s1_v2,s1,suspicious_activity,c5,suspicious_activity,s1,74,9259,0.928465723991394,,"[{""class_code"":""suspicious_activity"",""frame_index"":20,""timestamp_ms"":2502,""score"":0.8525006175041199,""source_actor_id"":""v_c1_s1_v2::s1"",""source_score"":null},{""class_code"":""suspicious_activity"",""frame_index"":21,""timestamp_ms"":2627,""score"":0.856866717338562,""source_actor_id"":""v_c1_s1_v2::s1"",""source_score"":null},{""class_code"":""suspicious_activity"",""frame_index"":22,""timestamp_ms"":2752,""score"":0.8718999624252319,""source_actor_id"":""v_c1_s1_v2::s1"",""source_score"":null},{""class_code"":""suspicious_activity"",""frame_index"":23,""timestamp_ms"":2877,""score"":0.8877320289611816,""source_actor_id"":""v_c1_s1_v2::s1"",""source_score"":null},{""class_code"":""suspicious_activity"",""frame_index"":24,""timestamp_ms"":3003,""score"":0.8307754993438721,""source_actor_id"":""v_c1_s1_v2::s1"",""source_score"":null},{""class_code"":""suspicious_activity"",""frame_index"":25,""timestamp_ms"":3128,""score"":0.8630778193473816,""source_actor_id"":""v_c1_s1_v2::s1"",""source_score"":null},{""class_code"":""suspicious_activity"",""frame_index"":26,""timestamp_ms"":3253,""score"":0.8772989511489868,""source_actor_id"":""v_c1_s1_v2::s1"",""source_score"":null},{""class_code"":""suspicious_activity"",""frame_index"":27,""timestamp_ms"":3378,""score"":0.8816798329353333,""source_actor_id"":""v_c1_s1_v2::s1"",""source_score"":null},{""class_code"":""suspicious_activity"",""frame_index"":28,""timestamp_ms"":3503,""score"":0.8779535889625549,""source_actor_id"":""v_c1_s1_v2::s1"",""source_score"":null},{""class_code"":""suspicious_activity"",""frame_index"":29,""timestamp_ms"":3628,""score"":0.8894900679588318,""source_actor_id"":""v_c1_s1_v2::s1"",""source_score"":null},{""class_code"":""suspicious_activity"",""frame_index"":30,""timestamp_ms"":3753,""score"":0.8998518586158752,""source_actor_id"":""v_c1_s1_v2::s1"",""source_score"":null},{""class_code"":""suspicious_activity"",""frame_index"":31,""timestamp_ms"":3878,""score"":0.902560830116272,""source_actor_id"":""v_c1_s1_v2::s1"",""source_score"":null},{""class_code"":""suspicious_activity"",""frame_index"":32,""timestamp_ms"":4003,""score"":0.895702064037323,""source_actor_id"":""v_c1_s1_v2::s1"",""source_score"":null},{""class_code"":""suspicious_activity"",""frame_index"":33,""timestamp_ms"":4129,""score"":0.8785181641578674,""source_actor_id"":""v_c1_s1_v2::s1"",""source_score"":null},{""class_code"":""suspicious_activity"",""frame_index"":34,""timestamp_ms"":4254,""score"":0.8547807335853577,""source_actor_id"":""v_c1_s1_v2::s1"",""source_score"":null},{""class_code"":""suspicious_activity"",""frame_index"":35,""timestamp_ms"":4379,""score"":0.8373869061470032,""source_actor_id"":""v_c1_s1_v2::s1"",""source_score"":null},{""class_code"":""suspicious_activity"",""frame_index"":36,""timestamp_ms"":4504,""score"":0.8220331072807312,""source_actor_id"":""v_c1_s1_v2::s1"",""source_score"":null},{""class_code"":""suspicious_activity"",""frame_index"":37,""timestamp_ms"":4629,""score"":0.8199310302734375,""source_actor_id"":""v_c1_s1_v2::s1"",""source_score"":null},{""class_code"":""suspicious_activity"",""frame_index"":38,""timestamp_ms"":4754,""score"":0.8199310302734375,""source_actor_id"":""v_c1_s1_v2::s1"",""source_score"":null},{""class_code"":""suspicious_activity"",""frame_index"":39,""timestamp_ms"":4879,""score"":0.8137466907501221,""source_actor_id"":""v_c1_s1_v2::s1"",""source_score"":null},{""class_code"":""suspicious_activity"",""frame_index"":40,""timestamp_ms"":5005,""score"":0.8059676289558411,""source_actor_id"":""v_c1_s1_v2::s1"",""source_score"":null},{""class_code"":""suspicious_activity"",""frame_index"":41,""timestamp_ms"":5130,""score"":0.7716083526611328,""source_actor_id"":""v_c1_s1_v2::s1"",""source_score"":null},{""class_code"":""suspicious_activity"",""frame_index"":72,""timestamp_ms"":9009,""score"":0.822272539138794,""source_actor_id"":""v_c1_s1_v2::s1"",""source_score"":null},{""class_code"":""suspicious_activity"",""frame_index"":73,""timestamp_ms"":9134,""score"":0.9178785681724548,""source_actor_id"":""v_c1_s1_v2::s1"",""source_score"":null},{""class_code"":""suspicious_activity"",""frame_index"":74,""timestamp_ms"":9259,""score"":0.928465723991394,""source_actor_id"":""v_c1_s1_v2::s1"",""source_score"":null},{""class_code"":""suspicious_activity"",""frame_index"":75,""timestamp_ms"":9384,""score"":0.7370220422744751,""source_actor_id"":""v_c1_s1_v2::s1"",""source_score"":null},{""class_code"":""suspicious_activity"",""frame_index"":76,""timestamp_ms"":9509,""score"":0.707041323184967,""source_actor_id"":""v_c1_s1_v2::s1"",""source_score"":null},{""class_code"":""suspicious_activity"",""frame_index"":77,""timestamp_ms"":9634,""score"":0.707041323184967,""source_actor_id"":""v_c1_s1_v2::s1"",""source_score"":null},{""class_code"":""suspicious_activity"",""frame_index"":78,""timestamp_ms"":9759,""score"":0.707041323184967,""source_actor_id"":""v_c1_s1_v2::s1"",""source_score"":null},{""class_code"":""suspicious_activity"",""frame_index"":79,""timestamp_ms"":9884,""score"":0.6859861016273499,""source_actor_id"":""v_c1_s1_v2::s1"",""source_score"":null},{""class_code"":""suspicious_activity"",""frame_index"":80,""timestamp_ms"":10010,""score"":0.727238655090332,""source_actor_id"":""v_c1_s1_v2::s1"",""source_score"":null},{""class_code"":""suspicious_activity"",""frame_index"":81,""timestamp_ms"":10135,""score"":0.6652330756187439,""source_actor_id"":""v_c1_s1_v2::s1"",""source_score"":null}]",20,2502,s1,4,101,True,suspicious_activity
v_c1_s1_v2,s2,c5,c5,suspicious_activity,s2,15,1876,0.8673158884048462,,"[{""class_code"":""suspicious_activity"",""frame_index"":12,""timestamp_ms"":1501,""score"":0.8511921763420105,""source_actor_id"":""v_c1_s1_v2::s2"",""source_score"":null},{""class_code"":""suspicious_activity"",""frame_index"":13,""timestamp_ms"":1626,""score"":0.8553680181503296,""source_actor_id"":""v_c1_s1_v2::s2"",""source_score"":null},{""class_code"":""suspicious_activity"",""frame_index"":14,""timestamp_ms"":1751,""score"":0.8673158884048462,""source_actor_id"":""v_c1_s1_v2::s2"",""source_score"":null},{""class_code"":""suspicious_activity"",""frame_index"":15,""timestamp_ms"":1876,""score"":0.8673158884048462,""source_actor_id"":""v_c1_s1_v2::s2"",""source_score"":null},{""class_code"":""suspicious_activity"",""frame_index"":16,""timestamp_ms"":2001,""score"":0.8255006670951843,""source_actor_id"":""v_c1_s1_v2::s2"",""source_score"":null}]",12,1501,s2,4,101,True,suspicious_activity
v_c1_s2,s1,c5,c5,,,,,,,[],,,,4,109,True,c5
v_c1_s2,s2,suspicious_activity,c5,suspicious_activity,s2,27,3378,0.9307485818862915,,"[{""class_code"":""suspicious_activity"",""frame_index"":16,""timestamp_ms"":2001,""score"":0.9084592461585999,""source_actor_id"":""v_c1_s2::s2"",""source_score"":null},{""class_code"":""suspicious_activity"",""frame_index"":17,""timestamp_ms"":2127,""score"":0.9153002500534058,""source_actor_id"":""v_c1_s2::s2"",""source_score"":null},{""class_code"":""suspicious_activity"",""frame_index"":18,""timestamp_ms"":2252,""score"":0.9153002500534058,""source_actor_id"":""v_c1_s2::s2"",""source_score"":null},{""class_code"":""suspicious_activity"",""frame_index"":19,""timestamp_ms"":2377,""score"":0.9270026087760925,""source_actor_id"":""v_c1_s2::s2"",""source_score"":null},{""class_code"":""suspicious_activity"",""frame_index"":20,""timestamp_ms"":2502,""score"":0.8620916604995728,""source_actor_id"":""v_c1_s2::s2"",""source_score"":null},{""class_code"":""suspicious_activity"",""frame_index"":21,""timestamp_ms"":2627,""score"":0.8724761605262756,""source_actor_id"":""v_c1_s2::s2"",""source_score"":null},{""class_code"":""suspicious_activity"",""frame_index"":22,""timestamp_ms"":2752,""score"":0.8693894147872925,""source_actor_id"":""v_c1_s2::s2"",""source_score"":null},{""class_code"":""suspicious_activity"",""frame_index"":23,""timestamp_ms"":2877,""score"":0.8693894147872925,""source_actor_id"":""v_c1_s2::s2"",""source_score"":null},{""class_code"":""suspicious_activity"",""frame_index"":24,""timestamp_ms"":3003,""score"":0.8693894147872925,""source_actor_id"":""v_c1_s2::s2"",""source_score"":null},{""class_code"":""suspicious_activity"",""frame_index"":25,""timestamp_ms"":3128,""score"":0.8693894147872925,""source_actor_id"":""v_c1_s2::s2"",""source_score"":null},{""class_code"":""suspicious_activity"",""frame_index"":26,""timestamp_ms"":3253,""score"":0.8717657923698425,""source_actor_id"":""v_c1_s2::s2"",""source_score"":null},{""class_code"":""suspicious_activity"",""frame_index"":27,""timestamp_ms"":3378,""score"":0.9307485818862915,""source_actor_id"":""v_c1_s2::s2"",""source_score"":null},{""class_code"":""suspicious_activity"",""frame_index"":28,""timestamp_ms"":3503,""score"":0.9160684943199158,""source_actor_id"":""v_c1_s2::s2"",""source_score"":null},{""class_code"":""suspicious_activity"",""frame_index"":29,""timestamp_ms"":3628,""score"":0.8541095852851868,""source_actor_id"":""v_c1_s2::s2"",""source_score"":null},{""class_code"":""suspicious_activity"",""frame_index"":30,""timestamp_ms"":3753,""score"":0.8541095852851868,""source_actor_id"":""v_c1_s2::s2"",""source_score"":null},{""class_code"":""suspicious_activity"",""frame_index"":31,""timestamp_ms"":3878,""score"":0.8568180203437805,""source_actor_id"":""v_c1_s2::s2"",""source_score"":null},{""class_code"":""suspicious_activity"",""frame_index"":32,""timestamp_ms"":4003,""score"":0.8686403036117554,""source_actor_id"":""v_c1_s2::s2"",""source_score"":null},{""class_code"":""suspicious_activity"",""frame_index"":33,""timestamp_ms"":4129,""score"":0.8425742983818054,""source_actor_id"":""v_c1_s2::s2"",""source_score"":null},{""class_code"":""suspicious_activity"",""frame_index"":34,""timestamp_ms"":4254,""score"":0.780616283416748,""source_actor_id"":""v_c1_s2::s2"",""source_score"":null},{""class_code"":""suspicious_activity"",""frame_index"":38,""timestamp_ms"":4754,""score"":0.7256188988685608,""source_actor_id"":""v_c1_s2::s2"",""source_score"":null},{""class_code"":""suspicious_activity"",""frame_index"":53,""timestamp_ms"":6631,""score"":0.7380008101463318,""source_actor_id"":""v_c1_s2::s2"",""source_score"":null},{""class_code"":""suspicious_activity"",""frame_index"":54,""timestamp_ms"":6756,""score"":0.7045986652374268,""source_actor_id"":""v_c1_s2::s2"",""source_score"":null},{""class_code"":""suspicious_activity"",""frame_index"":55,""timestamp_ms"":6881,""score"":0.7530335187911987,""source_actor_id"":""v_c1_s2::s2"",""source_score"":null},{""class_code"":""suspicious_activity"",""frame_index"":56,""timestamp_ms"":7007,""score"":0.8732441067695618,""source_actor_id"":""v_c1_s2::s2"",""source_score"":null},{""class_code"":""suspicious_activity"",""frame_index"":57,""timestamp_ms"":7132,""score"":0.8689482808113098,""source_actor_id"":""v_c1_s2::s2"",""source_score"":null},{""class_code"":""suspicious_activity"",""frame_index"":58,""timestamp_ms"":7257,""score"":0.9071468114852905,""source_actor_id"":""v_c1_s2::s2"",""source_score"":null},{""class_code"":""suspicious_activity"",""frame_index"":59,""timestamp_ms"":7382,""score"":0.9062904119491577,""source_actor_id"":""v_c1_s2::s2"",""source_score"":null},{""class_code"":""suspicious_activity"",""frame_index"":60,""timestamp_ms"":7507,""score"":0.9085460901260376,""source_actor_id"":""v_c1_s2::s2"",""source_score"":null},{""class_code"":""suspicious_activity"",""frame_index"":61,""timestamp_ms"":7632,""score"":0.9065583944320679,""source_actor_id"":""v_c1_s2::s2"",""source_score"":null},{""class_code"":""suspicious_activity"",""frame_index"":62,""timestamp_ms"":7757,""score"":0.9137868285179138,""source_actor_id"":""v_c1_s2::s2"",""source_score"":null},{""class_code"":""suspicious_activity"",""frame_index"":63,""timestamp_ms"":7882,""score"":0.9137868285179138,""source_actor_id"":""v_c1_s2::s2"",""source_score"":null},{""class_code"":""suspicious_activity"",""frame_index"":64,""timestamp_ms"":8007,""score"":0.9098824262619019,""source_actor_id"":""v_c1_s2::s2"",""source_score"":null},{""class_code"":""suspicious_activity"",""frame_index"":65,""timestamp_ms"":8133,""score"":0.9098824262619019,""source_actor_id"":""v_c1_s2::s2"",""source_score"":null},{""class_code"":""suspicious_activity"",""frame_index"":66,""timestamp_ms"":8258,""score"":0.8840151429176331,""source_actor_id"":""v_c1_s2::s2"",""source_score"":null},{""class_code"":""suspicious_activity"",""frame_index"":67,""timestamp_ms"":8383,""score"":0.8840151429176331,""source_actor_id"":""v_c1_s2::s2"",""source_score"":null},{""class_code"":""suspicious_activity"",""frame_index"":68,""timestamp_ms"":8508,""score"":0.9036821722984314,""source_actor_id"":""v_c1_s2::s2"",""source_score"":null},{""class_code"":""suspicious_activity"",""frame_index"":69,""timestamp_ms"":8633,""score"":0.9033335447311401,""source_actor_id"":""v_c1_s2::s2"",""source_score"":null},{""class_code"":""suspicious_activity"",""frame_index"":70,""timestamp_ms"":8758,""score"":0.9033335447311401,""source_actor_id"":""v_c1_s2::s2"",""source_score"":null},{""class_code"":""suspicious_activity"",""frame_index"":71,""timestamp_ms"":8883,""score"":0.9033335447311401,""source_actor_id"":""v_c1_s2::s2"",""source_score"":null},{""class_code"":""suspicious_activity"",""frame_index"":72,""timestamp_ms"":9009,""score"":0.890167772769928,""source_actor_id"":""v_c1_s2::s2"",""source_score"":null},{""class_code"":""suspicious_activity"",""frame_index"":73,""timestamp_ms"":9134,""score"":0.890167772769928,""source_actor_id"":""v_c1_s2::s2"",""source_score"":null},{""class_code"":""suspicious_activity"",""frame_index"":74,""timestamp_ms"":9259,""score"":0.890167772769928,""source_actor_id"":""v_c1_s2::s2"",""source_score"":null},{""class_code"":""suspicious_activity"",""frame_index"":75,""timestamp_ms"":9384,""score"":0.8815518021583557,""source_actor_id"":""v_c1_s2::s2"",""source_score"":null},{""class_code"":""suspicious_activity"",""frame_index"":76,""timestamp_ms"":9509,""score"":0.8772783875465393,""source_actor_id"":""v_c1_s2::s2"",""source_score"":null},{""class_code"":""suspicious_activity"",""frame_index"":77,""timestamp_ms"":9634,""score"":0.8772783875465393,""source_actor_id"":""v_c1_s2::s2"",""source_score"":null},{""class_code"":""suspicious_activity"",""frame_index"":78,""timestamp_ms"":9759,""score"":0.8772783875465393,""source_actor_id"":""v_c1_s2::s2"",""source_score"":null},{""class_code"":""suspicious_activity"",""frame_index"":79,""timestamp_ms"":9884,""score"":0.8804876208305359,""source_actor_id"":""v_c1_s2::s2"",""source_score"":null},{""class_code"":""suspicious_activity"",""frame_index"":80,""timestamp_ms"":10010,""score"":0.7740184664726257,""source_actor_id"":""v_c1_s2::s2"",""source_score"":null},{""class_code"":""suspicious_activity"",""frame_index"":81,""timestamp_ms"":10135,""score"":0.7694141268730164,""source_actor_id"":""v_c1_s2::s2"",""source_score"":null},{""class_code"":""suspicious_activity"",""frame_index"":82,""timestamp_ms"":10260,""score"":0.7694141268730164,""source_actor_id"":""v_c1_s2::s2"",""source_score"":null},{""class_code"":""suspicious_activity"",""frame_index"":83,""timestamp_ms"":10385,""score"":0.6813000440597534,""source_actor_id"":""v_c1_s2::s2"",""source_score"":null},{""class_code"":""suspicious_activity"",""frame_index"":89,""timestamp_ms"":11136,""score"":0.7945863604545593,""source_actor_id"":""v_c1_s2::s2"",""source_score"":null},{""class_code"":""suspicious_activity"",""frame_index"":90,""timestamp_ms"":11261,""score"":0.7939889430999756,""source_actor_id"":""v_c1_s2::s2"",""source_score"":null},{""class_code"":""suspicious_activity"",""frame_index"":91,""timestamp_ms"":11386,""score"":0.7939889430999756,""source_actor_id"":""v_c1_s2::s2"",""source_score"":null},{""class_code"":""suspicious_activity"",""frame_index"":92,""timestamp_ms"":11511,""score"":0.7939889430999756,""source_actor_id"":""v_c1_s2::s2"",""source_score"":null},{""class_code"":""suspicious_activity"",""frame_index"":93,""timestamp_ms"":11636,""score"":0.7939889430999756,""source_actor_id"":""v_c1_s2::s2"",""source_score"":null},{""class_code"":""suspicious_activity"",""frame_index"":94,""timestamp_ms"":11761,""score"":0.7939889430999756,""source_actor_id"":""v_c1_s2::s2"",""source_score"":null},{""class_code"":""suspicious_activity"",""frame_index"":95,""timestamp_ms"":11886,""score"":0.7944499850273132,""source_actor_id"":""v_c1_s2::s2"",""source_score"":null},{""class_code"":""suspicious_activity"",""frame_index"":96,""timestamp_ms"":12012,""score"":0.7944499850273132,""source_actor_id"":""v_c1_s2::s2"",""source_score"":null},{""class_code"":""suspicious_activity"",""frame_index"":97,""timestamp_ms"":12137,""score"":0.7944499850273132,""source_actor_id"":""v_c1_s2::s2"",""source_score"":null},{""class_code"":""suspicious_activity"",""frame_index"":98,""timestamp_ms"":12262,""score"":0.7916811108589172,""source_actor_id"":""v_c1_s2::s2"",""source_score"":null},{""class_code"":""suspicious_activity"",""frame_index"":99,""timestamp_ms"":12387,""score"":0.7692142724990845,""source_actor_id"":""v_c1_s2::s2"",""source_score"":null}]",16,2001,s2,4,109,True,suspicious_activity
v_c1_s3,s3,suspicious_activity,c5,suspicious_activity,s3,19,2377,0.7925441861152649,,"[{""class_code"":""suspicious_activity"",""frame_index"":15,""timestamp_ms"":1876,""score"":0.7407647967338562,""source_actor_id"":""v_c1_s3::s3"",""source_score"":null},{""class_code"":""suspicious_activity"",""frame_index"":16,""timestamp_ms"":2001,""score"":0.7506610751152039,""source_actor_id"":""v_c1_s3::s3"",""source_score"":null},{""class_code"":""suspicious_activity"",""frame_index"":17,""timestamp_ms"":2127,""score"":0.7105980515480042,""source_actor_id"":""v_c1_s3::s3"",""source_score"":null},{""class_code"":""suspicious_activity"",""frame_index"":18,""timestamp_ms"":2252,""score"":0.7105980515480042,""source_actor_id"":""v_c1_s3::s3"",""source_score"":null},{""class_code"":""suspicious_activity"",""frame_index"":19,""timestamp_ms"":2377,""score"":0.7925441861152649,""source_actor_id"":""v_c1_s3::s3"",""source_score"":null},{""class_code"":""suspicious_activity"",""frame_index"":27,""timestamp_ms"":3378,""score"":0.7637431025505066,""source_actor_id"":""v_c1_s3::s3"",""source_score"":null},{""class_code"":""suspicious_activity"",""frame_index"":28,""timestamp_ms"":3503,""score"":0.7423371076583862,""source_actor_id"":""v_c1_s3::s3"",""source_score"":null},{""class_code"":""suspicious_activity"",""frame_index"":29,""timestamp_ms"":3628,""score"":0.7388180494308472,""source_actor_id"":""v_c1_s3::s3"",""source_score"":null},{""class_code"":""suspicious_activity"",""frame_index"":30,""timestamp_ms"":3753,""score"":0.7059075236320496,""source_actor_id"":""v_c1_s3::s3"",""source_score"":null},{""class_code"":""suspicious_activity"",""frame_index"":31,""timestamp_ms"":3878,""score"":0.7199406623840332,""source_actor_id"":""v_c1_s3::s3"",""source_score"":null},{""class_code"":""suspicious_activity"",""frame_index"":32,""timestamp_ms"":4003,""score"":0.7302498817443848,""source_actor_id"":""v_c1_s3::s3"",""source_score"":null},{""class_code"":""suspicious_activity"",""frame_index"":33,""timestamp_ms"":4129,""score"":0.7302498817443848,""source_actor_id"":""v_c1_s3::s3"",""source_score"":null},{""class_code"":""suspicious_activity"",""frame_index"":34,""timestamp_ms"":4254,""score"":0.7137390375137329,""source_actor_id"":""v_c1_s3::s3"",""source_score"":null},{""class_code"":""suspicious_activity"",""frame_index"":35,""timestamp_ms"":4379,""score"":0.7398393750190735,""source_actor_id"":""v_c1_s3::s3"",""source_score"":null},{""class_code"":""suspicious_activity"",""frame_index"":36,""timestamp_ms"":4504,""score"":0.7391692996025085,""source_actor_id"":""v_c1_s3::s3"",""source_score"":null},{""class_code"":""suspicious_activity"",""frame_index"":37,""timestamp_ms"":4629,""score"":0.7391692996025085,""source_actor_id"":""v_c1_s3::s3"",""source_score"":null},{""class_code"":""suspicious_activity"",""frame_index"":38,""timestamp_ms"":4754,""score"":0.7391692996025085,""source_actor_id"":""v_c1_s3::s3"",""source_score"":null},{""class_code"":""suspicious_activity"",""frame_index"":39,""timestamp_ms"":4879,""score"":0.7391692996025085,""source_actor_id"":""v_c1_s3::s3"",""source_score"":null},{""class_code"":""suspicious_activity"",""frame_index"":40,""timestamp_ms"":5005,""score"":0.7391692996025085,""source_actor_id"":""v_c1_s3::s3"",""source_score"":null},{""class_code"":""suspicious_activity"",""frame_index"":41,""timestamp_ms"":5130,""score"":0.7701924443244934,""source_actor_id"":""v_c1_s3::s3"",""source_score"":null},{""class_code"":""suspicious_activity"",""frame_index"":42,""timestamp_ms"":5255,""score"":0.775907039642334,""source_actor_id"":""v_c1_s3::s3"",""source_score"":null}]",15,1876,s3,4,67,True,suspicious_activity
v_c1_s3,s4,c5,c5,suspicious_activity,s4,28,3503,0.8639794588088989,,"[{""class_code"":""suspicious_activity"",""frame_index"":14,""timestamp_ms"":1751,""score"":0.6986481547355652,""source_actor_id"":""v_c1_s3::s4"",""source_score"":null},{""class_code"":""suspicious_activity"",""frame_index"":15,""timestamp_ms"":1876,""score"":0.6986481547355652,""source_actor_id"":""v_c1_s3::s4"",""source_score"":null},{""class_code"":""suspicious_activity"",""frame_index"":16,""timestamp_ms"":2001,""score"":0.6753761172294617,""source_actor_id"":""v_c1_s3::s4"",""source_score"":null},{""class_code"":""suspicious_activity"",""frame_index"":17,""timestamp_ms"":2127,""score"":0.6917065978050232,""source_actor_id"":""v_c1_s3::s4"",""source_score"":null},{""class_code"":""suspicious_activity"",""frame_index"":18,""timestamp_ms"":2252,""score"":0.7593435049057007,""source_actor_id"":""v_c1_s3::s4"",""source_score"":null},{""class_code"":""suspicious_activity"",""frame_index"":19,""timestamp_ms"":2377,""score"":0.7593435049057007,""source_actor_id"":""v_c1_s3::s4"",""source_score"":null},{""class_code"":""suspicious_activity"",""frame_index"":20,""timestamp_ms"":2502,""score"":0.7627271413803101,""source_actor_id"":""v_c1_s3::s4"",""source_score"":null},{""class_code"":""suspicious_activity"",""frame_index"":21,""timestamp_ms"":2627,""score"":0.7948852181434631,""source_actor_id"":""v_c1_s3::s4"",""source_score"":null},{""class_code"":""suspicious_activity"",""frame_index"":22,""timestamp_ms"":2752,""score"":0.7332819104194641,""source_actor_id"":""v_c1_s3::s4"",""source_score"":null},{""class_code"":""suspicious_activity"",""frame_index"":23,""timestamp_ms"":2877,""score"":0.7338129878044128,""source_actor_id"":""v_c1_s3::s4"",""source_score"":null},{""class_code"":""suspicious_activity"",""frame_index"":24,""timestamp_ms"":3003,""score"":0.7328784465789795,""source_actor_id"":""v_c1_s3::s4"",""source_score"":null},{""class_code"":""suspicious_activity"",""frame_index"":25,""timestamp_ms"":3128,""score"":0.750032901763916,""source_actor_id"":""v_c1_s3::s4"",""source_score"":null},{""class_code"":""suspicious_activity"",""frame_index"":26,""timestamp_ms"":3253,""score"":0.7652326226234436,""source_actor_id"":""v_c1_s3::s4"",""source_score"":null},{""class_code"":""suspicious_activity"",""frame_index"":27,""timestamp_ms"":3378,""score"":0.7904817461967468,""source_actor_id"":""v_c1_s3::s4"",""source_score"":null},{""class_code"":""suspicious_activity"",""frame_index"":28,""timestamp_ms"":3503,""score"":0.8639794588088989,""source_actor_id"":""v_c1_s3::s4"",""source_score"":null},{""class_code"":""suspicious_activity"",""frame_index"":29,""timestamp_ms"":3628,""score"":0.8608264923095703,""source_actor_id"":""v_c1_s3::s4"",""source_score"":null},{""class_code"":""suspicious_activity"",""frame_index"":30,""timestamp_ms"":3753,""score"":0.8422789573669434,""source_actor_id"":""v_c1_s3::s4"",""source_score"":null},{""class_code"":""suspicious_activity"",""frame_index"":31,""timestamp_ms"":3878,""score"":0.8374602198600769,""source_actor_id"":""v_c1_s3::s4"",""source_score"":null},{""class_code"":""suspicious_activity"",""frame_index"":32,""timestamp_ms"":4003,""score"":0.8249040246009827,""source_actor_id"":""v_c1_s3::s4"",""source_score"":null}]",14,1751,s4,4,67,True,suspicious_activity
v_c1_s3_s4,s3,suspicious_activity,suspicious_activity,suspicious_activity,s3,30,3753,0.9239701628684998,,"[{""class_code"":""suspicious_activity"",""frame_index"":10,""timestamp_ms"":1251,""score"":0.7459375262260437,""source_actor_id"":""v_c1_s3_s4::s3"",""source_score"":null},{""class_code"":""suspicious_activity"",""frame_index"":11,""timestamp_ms"":1376,""score"":0.7815739512443542,""source_actor_id"":""v_c1_s3_s4::s3"",""source_score"":null},{""class_code"":""suspicious_activity"",""frame_index"":12,""timestamp_ms"":1501,""score"":0.7917982339859009,""source_actor_id"":""v_c1_s3_s4::s3"",""source_score"":null},{""class_code"":""suspicious_activity"",""frame_index"":13,""timestamp_ms"":1626,""score"":0.8081300258636475,""source_actor_id"":""v_c1_s3_s4::s3"",""source_score"":null},{""class_code"":""suspicious_activity"",""frame_index"":14,""timestamp_ms"":1751,""score"":0.8081300258636475,""source_actor_id"":""v_c1_s3_s4::s3"",""source_score"":null},{""class_code"":""suspicious_activity"",""frame_index"":15,""timestamp_ms"":1876,""score"":0.8275717496871948,""source_actor_id"":""v_c1_s3_s4::s3"",""source_score"":null},{""class_code"":""suspicious_activity"",""frame_index"":16,""timestamp_ms"":2001,""score"":0.8275717496871948,""source_actor_id"":""v_c1_s3_s4::s3"",""source_score"":null},{""class_code"":""suspicious_activity"",""frame_index"":17,""timestamp_ms"":2127,""score"":0.8275717496871948,""source_actor_id"":""v_c1_s3_s4::s3"",""source_score"":null},{""class_code"":""suspicious_activity"",""frame_index"":18,""timestamp_ms"":2252,""score"":0.8074061870574951,""source_actor_id"":""v_c1_s3_s4::s3"",""source_score"":null},{""class_code"":""suspicious_activity"",""frame_index"":20,""timestamp_ms"":2502,""score"":0.6756141781806946,""source_actor_id"":""v_c1_s3_s4::s3"",""source_score"":null},{""class_code"":""suspicious_activity"",""frame_index"":24,""timestamp_ms"":3003,""score"":0.7664244771003723,""source_actor_id"":""v_c1_s3_s4::s3"",""source_score"":null},{""class_code"":""suspicious_activity"",""frame_index"":25,""timestamp_ms"":3128,""score"":0.7898422479629517,""source_actor_id"":""v_c1_s3_s4::s3"",""source_score"":null},{""class_code"":""suspicious_activity"",""frame_index"":26,""timestamp_ms"":3253,""score"":0.7770021557807922,""source_actor_id"":""v_c1_s3_s4::s3"",""source_score"":null},{""class_code"":""suspicious_activity"",""frame_index"":27,""timestamp_ms"":3378,""score"":0.7739973664283752,""source_actor_id"":""v_c1_s3_s4::s3"",""source_score"":null},{""class_code"":""suspicious_activity"",""frame_index"":28,""timestamp_ms"":3503,""score"":0.8897055387496948,""source_actor_id"":""v_c1_s3_s4::s3"",""source_score"":null},{""class_code"":""suspicious_activity"",""frame_index"":29,""timestamp_ms"":3628,""score"":0.9169464707374573,""source_actor_id"":""v_c1_s3_s4::s3"",""source_score"":null},{""class_code"":""suspicious_activity"",""frame_index"":30,""timestamp_ms"":3753,""score"":0.9239701628684998,""source_actor_id"":""v_c1_s3_s4::s3"",""source_score"":null},{""class_code"":""suspicious_activity"",""frame_index"":31,""timestamp_ms"":3878,""score"":0.8721662163734436,""source_actor_id"":""v_c1_s3_s4::s3"",""source_score"":null},{""class_code"":""suspicious_activity"",""frame_index"":32,""timestamp_ms"":4003,""score"":0.8678208589553833,""source_actor_id"":""v_c1_s3_s4::s3"",""source_score"":null},{""class_code"":""suspicious_activity"",""frame_index"":33,""timestamp_ms"":4129,""score"":0.8349787592887878,""source_actor_id"":""v_c1_s3_s4::s3"",""source_score"":null},{""class_code"":""suspicious_activity"",""frame_index"":34,""timestamp_ms"":4254,""score"":0.7999624609947205,""source_actor_id"":""v_c1_s3_s4::s3"",""source_score"":null},{""class_code"":""suspicious_activity"",""frame_index"":35,""timestamp_ms"":4379,""score"":0.7999624609947205,""source_actor_id"":""v_c1_s3_s4::s3"",""source_score"":null},{""class_code"":""suspicious_activity"",""frame_index"":36,""timestamp_ms"":4504,""score"":0.7999624609947205,""source_actor_id"":""v_c1_s3_s4::s3"",""source_score"":null},{""class_code"":""suspicious_activity"",""frame_index"":37,""timestamp_ms"":4629,""score"":0.850784957408905,""source_actor_id"":""v_c1_s3_s4::s3"",""source_score"":null},{""class_code"":""suspicious_activity"",""frame_index"":38,""timestamp_ms"":4754,""score"":0.8495381474494934,""source_actor_id"":""v_c1_s3_s4::s3"",""source_score"":null},{""class_code"":""suspicious_activity"",""frame_index"":39,""timestamp_ms"":4879,""score"":0.8534465432167053,""source_actor_id"":""v_c1_s3_s4::s3"",""source_score"":null},{""class_code"":""suspicious_activity"",""frame_index"":40,""timestamp_ms"":5005,""score"":0.8845781087875366,""source_actor_id"":""v_c1_s3_s4::s3"",""source_score"":null},{""class_code"":""suspicious_activity"",""frame_index"":41,""timestamp_ms"":5130,""score"":0.881210446357727,""source_actor_id"":""v_c1_s3_s4::s3"",""source_score"":null},{""class_code"":""suspicious_activity"",""frame_index"":42,""timestamp_ms"":5255,""score"":0.8853381276130676,""source_actor_id"":""v_c1_s3_s4::s3"",""source_score"":null},{""class_code"":""suspicious_activity"",""frame_index"":43,""timestamp_ms"":5380,""score"":0.8835485577583313,""source_actor_id"":""v_c1_s3_s4::s3"",""source_score"":null},{""class_code"":""suspicious_activity"",""frame_index"":44,""timestamp_ms"":5505,""score"":0.8853182196617126,""source_actor_id"":""v_c1_s3_s4::s3"",""source_score"":null},{""class_code"":""suspicious_activity"",""frame_index"":45,""timestamp_ms"":5630,""score"":0.8877134323120117,""source_actor_id"":""v_c1_s3_s4::s3"",""source_score"":null},{""class_code"":""suspicious_activity"",""frame_index"":46,""timestamp_ms"":5755,""score"":0.88899165391922,""source_actor_id"":""v_c1_s3_s4::s3"",""source_score"":null},{""class_code"":""suspicious_activity"",""frame_index"":47,""timestamp_ms"":5880,""score"":0.893592357635498,""source_actor_id"":""v_c1_s3_s4::s3"",""source_score"":null},{""class_code"":""suspicious_activity"",""frame_index"":48,""timestamp_ms"":6006,""score"":0.9047659635543823,""source_actor_id"":""v_c1_s3_s4::s3"",""source_score"":null},{""class_code"":""suspicious_activity"",""frame_index"":49,""timestamp_ms"":6131,""score"":0.9162257313728333,""source_actor_id"":""v_c1_s3_s4::s3"",""source_score"":null},{""class_code"":""suspicious_activity"",""frame_index"":50,""timestamp_ms"":6256,""score"":0.9221728444099426,""source_actor_id"":""v_c1_s3_s4::s3"",""source_score"":null},{""class_code"":""suspicious_activity"",""frame_index"":51,""timestamp_ms"":6381,""score"":0.8257840275764465,""source_actor_id"":""v_c1_s3_s4::s3"",""source_score"":null},{""class_code"":""suspicious_activity"",""frame_index"":52,""timestamp_ms"":6506,""score"":0.7830870151519775,""source_actor_id"":""v_c1_s3_s4::s3"",""source_score"":null},{""class_code"":""suspicious_activity"",""frame_index"":53,""timestamp_ms"":6631,""score"":0.854508101940155,""source_actor_id"":""v_c1_s3_s4::s3"",""source_score"":null},{""class_code"":""suspicious_activity"",""frame_index"":54,""timestamp_ms"":6756,""score"":0.9133144617080688,""source_actor_id"":""v_c1_s3_s4::s3"",""source_score"":null},{""class_code"":""suspicious_activity"",""frame_index"":55,""timestamp_ms"":6881,""score"":0.915324866771698,""source_actor_id"":""v_c1_s3_s4::s3"",""source_score"":null},{""class_code"":""suspicious_activity"",""frame_index"":56,""timestamp_ms"":7007,""score"":0.9206634163856506,""source_actor_id"":""v_c1_s3_s4::s3"",""source_score"":null},{""class_code"":""suspicious_activity"",""frame_index"":57,""timestamp_ms"":7132,""score"":0.9215929508209229,""source_actor_id"":""v_c1_s3_s4::s3"",""source_score"":null},{""class_code"":""suspicious_activity"",""frame_index"":58,""timestamp_ms"":7257,""score"":0.9089400768280029,""source_actor_id"":""v_c1_s3_s4::s3"",""source_score"":null},{""class_code"":""suspicious_activity"",""frame_index"":59,""timestamp_ms"":7382,""score"":0.8949770331382751,""source_actor_id"":""v_c1_s3_s4::s3"",""source_score"":null}]",10,1251,s3,4,56,True,suspicious_activity
v_c1_s3_s4,s4,suspicious_activity,c5,suspicious_activity,s4,48,6006,0.6923396587371826,,"[{""class_code"":""suspicious_activity"",""frame_index"":43,""timestamp_ms"":5380,""score"":0.6720021963119507,""source_actor_id"":""v_c1_s3_s4::s4"",""source_score"":null},{""class_code"":""suspicious_activity"",""frame_index"":44,""timestamp_ms"":5505,""score"":0.6727088689804077,""source_actor_id"":""v_c1_s3_s4::s4"",""source_score"":null},{""class_code"":""suspicious_activity"",""frame_index"":45,""timestamp_ms"":5630,""score"":0.6840616464614868,""source_actor_id"":""v_c1_s3_s4::s4"",""source_score"":null},{""class_code"":""suspicious_activity"",""frame_index"":46,""timestamp_ms"":5755,""score"":0.6840616464614868,""source_actor_id"":""v_c1_s3_s4::s4"",""source_score"":null},{""class_code"":""suspicious_activity"",""frame_index"":47,""timestamp_ms"":5880,""score"":0.6840616464614868,""source_actor_id"":""v_c1_s3_s4::s4"",""source_score"":null},{""class_code"":""suspicious_activity"",""frame_index"":48,""timestamp_ms"":6006,""score"":0.6923396587371826,""source_actor_id"":""v_c1_s3_s4::s4"",""source_score"":null},{""class_code"":""suspicious_activity"",""frame_index"":49,""timestamp_ms"":6131,""score"":0.6737256050109863,""source_actor_id"":""v_c1_s3_s4::s4"",""source_score"":null},{""class_code"":""suspicious_activity"",""frame_index"":50,""timestamp_ms"":6256,""score"":0.6694765686988831,""source_actor_id"":""v_c1_s3_s4::s4"",""source_score"":null}]",43,5380,s4,4,56,True,suspicious_activity
v_c1_s4,s3,c5,c5,,,,,,,[],,,,4,70,True,c5
v_c1_s4,s4,suspicious_activity,c5,,,,,,,[],,,,4,70,True,c5
v_c1_s5,s5,suspicious_activity,suspicious_activity,suspicious_activity,s5,63,7882,0.8852443099021912,,"[{""class_code"":""suspicious_activity"",""frame_index"":20,""timestamp_ms"":2502,""score"":0.7388041019439697,""source_actor_id"":""v_c1_s5::s5"",""source_score"":null},{""class_code"":""suspicious_activity"",""frame_index"":21,""timestamp_ms"":2627,""score"":0.8173680901527405,""source_actor_id"":""v_c1_s5::s5"",""source_score"":null},{""class_code"":""suspicious_activity"",""frame_index"":22,""timestamp_ms"":2752,""score"":0.8099257946014404,""source_actor_id"":""v_c1_s5::s5"",""source_score"":null},{""class_code"":""suspicious_activity"",""frame_index"":23,""timestamp_ms"":2877,""score"":0.8099257946014404,""source_actor_id"":""v_c1_s5::s5"",""source_score"":null},{""class_code"":""suspicious_activity"",""frame_index"":24,""timestamp_ms"":3003,""score"":0.7550650835037231,""source_actor_id"":""v_c1_s5::s5"",""source_score"":null},{""class_code"":""suspicious_activity"",""frame_index"":25,""timestamp_ms"":3128,""score"":0.8277661800384521,""source_actor_id"":""v_c1_s5::s5"",""source_score"":null},{""class_code"":""suspicious_activity"",""frame_index"":26,""timestamp_ms"":3253,""score"":0.7720850110054016,""source_actor_id"":""v_c1_s5::s5"",""source_score"":null},{""class_code"":""suspicious_activity"",""frame_index"":27,""timestamp_ms"":3378,""score"":0.7344182133674622,""source_actor_id"":""v_c1_s5::s5"",""source_score"":null},{""class_code"":""suspicious_activity"",""frame_index"":28,""timestamp_ms"":3503,""score"":0.685572624206543,""source_actor_id"":""v_c1_s5::s5"",""source_score"":null},{""class_code"":""suspicious_activity"",""frame_index"":29,""timestamp_ms"":3628,""score"":0.6803994178771973,""source_actor_id"":""v_c1_s5::s5"",""source_score"":null},{""class_code"":""suspicious_activity"",""frame_index"":30,""timestamp_ms"":3753,""score"":0.6931228637695312,""source_actor_id"":""v_c1_s5::s5"",""source_score"":null},{""class_code"":""suspicious_activity"",""frame_index"":31,""timestamp_ms"":3878,""score"":0.7075222134590149,""source_actor_id"":""v_c1_s5::s5"",""source_score"":null},{""class_code"":""suspicious_activity"",""frame_index"":32,""timestamp_ms"":4003,""score"":0.7329472899436951,""source_actor_id"":""v_c1_s5::s5"",""source_score"":null},{""class_code"":""suspicious_activity"",""frame_index"":33,""timestamp_ms"":4129,""score"":0.722990870475769,""source_actor_id"":""v_c1_s5::s5"",""source_score"":null},{""class_code"":""suspicious_activity"",""frame_index"":34,""timestamp_ms"":4254,""score"":0.7432551383972168,""source_actor_id"":""v_c1_s5::s5"",""source_score"":null},{""class_code"":""suspicious_activity"",""frame_index"":35,""timestamp_ms"":4379,""score"":0.7680563926696777,""source_actor_id"":""v_c1_s5::s5"",""source_score"":null},{""class_code"":""suspicious_activity"",""frame_index"":41,""timestamp_ms"":5130,""score"":0.6896933913230896,""source_actor_id"":""v_c1_s5::s5"",""source_score"":null},{""class_code"":""suspicious_activity"",""frame_index"":42,""timestamp_ms"":5255,""score"":0.6806245446205139,""source_actor_id"":""v_c1_s5::s5"",""source_score"":null},{""class_code"":""suspicious_activity"",""frame_index"":45,""timestamp_ms"":5630,""score"":0.6610496640205383,""source_actor_id"":""v_c1_s5::s5"",""source_score"":null},{""class_code"":""suspicious_activity"",""frame_index"":46,""timestamp_ms"":5755,""score"":0.6655428409576416,""source_actor_id"":""v_c1_s5::s5"",""source_score"":null},{""class_code"":""suspicious_activity"",""frame_index"":47,""timestamp_ms"":5880,""score"":0.7163922190666199,""source_actor_id"":""v_c1_s5::s5"",""source_score"":null},{""class_code"":""suspicious_activity"",""frame_index"":48,""timestamp_ms"":6006,""score"":0.774117112159729,""source_actor_id"":""v_c1_s5::s5"",""source_score"":null},{""class_code"":""suspicious_activity"",""frame_index"":49,""timestamp_ms"":6131,""score"":0.7574750781059265,""source_actor_id"":""v_c1_s5::s5"",""source_score"":null},{""class_code"":""suspicious_activity"",""frame_index"":50,""timestamp_ms"":6256,""score"":0.7574750781059265,""source_actor_id"":""v_c1_s5::s5"",""source_score"":null},{""class_code"":""suspicious_activity"",""frame_index"":51,""timestamp_ms"":6381,""score"":0.7574750781059265,""source_actor_id"":""v_c1_s5::s5"",""source_score"":null},{""class_code"":""suspicious_activity"",""frame_index"":52,""timestamp_ms"":6506,""score"":0.7574750781059265,""source_actor_id"":""v_c1_s5::s5"",""source_score"":null},{""class_code"":""suspicious_activity"",""frame_index"":53,""timestamp_ms"":6631,""score"":0.7525666952133179,""source_actor_id"":""v_c1_s5::s5"",""source_score"":null},{""class_code"":""suspicious_activity"",""frame_index"":54,""timestamp_ms"":6756,""score"":0.7514848113059998,""source_actor_id"":""v_c1_s5::s5"",""source_score"":null},{""class_code"":""suspicious_activity"",""frame_index"":55,""timestamp_ms"":6881,""score"":0.7514848113059998,""source_actor_id"":""v_c1_s5::s5"",""source_score"":null},{""class_code"":""suspicious_activity"",""frame_index"":56,""timestamp_ms"":7007,""score"":0.7514848113059998,""source_actor_id"":""v_c1_s5::s5"",""source_score"":null},{""class_code"":""suspicious_activity"",""frame_index"":57,""timestamp_ms"":7132,""score"":0.7514848113059998,""source_actor_id"":""v_c1_s5::s5"",""source_score"":null},{""class_code"":""suspicious_activity"",""frame_index"":58,""timestamp_ms"":7257,""score"":0.7514848113059998,""source_actor_id"":""v_c1_s5::s5"",""source_score"":null},{""class_code"":""suspicious_activity"",""frame_index"":59,""timestamp_ms"":7382,""score"":0.7690508365631104,""source_actor_id"":""v_c1_s5::s5"",""source_score"":null},{""class_code"":""suspicious_activity"",""frame_index"":60,""timestamp_ms"":7507,""score"":0.7999431490898132,""source_actor_id"":""v_c1_s5::s5"",""source_score"":null},{""class_code"":""suspicious_activity"",""frame_index"":61,""timestamp_ms"":7632,""score"":0.786708652973175,""source_actor_id"":""v_c1_s5::s5"",""source_score"":null},{""class_code"":""suspicious_activity"",""frame_index"":62,""timestamp_ms"":7757,""score"":0.8818972706794739,""source_actor_id"":""v_c1_s5::s5"",""source_score"":null},{""class_code"":""suspicious_activity"",""frame_index"":63,""timestamp_ms"":7882,""score"":0.8852443099021912,""source_actor_id"":""v_c1_s5::s5"",""source_score"":null},{""class_code"":""suspicious_activity"",""frame_index"":64,""timestamp_ms"":8007,""score"":0.881018877029419,""source_actor_id"":""v_c1_s5::s5"",""source_score"":null},{""class_code"":""suspicious_activity"",""frame_index"":65,""timestamp_ms"":8133,""score"":0.8802642822265625,""source_actor_id"":""v_c1_s5::s5"",""source_score"":null},{""class_code"":""suspicious_activity"",""frame_index"":66,""timestamp_ms"":8258,""score"":0.7560033202171326,""source_actor_id"":""v_c1_s5::s5"",""source_score"":null},{""class_code"":""suspicious_activity"",""frame_index"":67,""timestamp_ms"":8383,""score"":0.7454511523246765,""source_actor_id"":""v_c1_s5::s5"",""source_score"":null},{""class_code"":""suspicious_activity"",""frame_index"":68,""timestamp_ms"":8508,""score"":0.735349178314209,""source_actor_id"":""v_c1_s5::s5"",""source_score"":null},{""class_code"":""suspicious_activity"",""frame_index"":69,""timestamp_ms"":8633,""score"":0.72453373670578,""source_actor_id"":""v_c1_s5::s5"",""source_score"":null},{""class_code"":""suspicious_activity"",""frame_index"":70,""timestamp_ms"":8758,""score"":0.7396286725997925,""source_actor_id"":""v_c1_s5::s5"",""source_score"":null}]",20,2502,s5,4,67,True,suspicious_activity
v_c1_s5,s6,c5,c5,,,,,,,[],,,,4,67,True,c5
v_c1_s5_s6,s5,suspicious_activity,c5,suspicious_activity,s5,65,8133,0.6895938515663147,,"[{""class_code"":""suspicious_activity"",""frame_index"":60,""timestamp_ms"":7507,""score"":0.6648299098014832,""source_actor_id"":""v_c1_s5_s6::s5"",""source_score"":null},{""class_code"":""suspicious_activity"",""frame_index"":61,""timestamp_ms"":7632,""score"":0.6648299098014832,""source_actor_id"":""v_c1_s5_s6::s5"",""source_score"":null},{""class_code"":""suspicious_activity"",""frame_index"":62,""timestamp_ms"":7757,""score"":0.6648299098014832,""source_actor_id"":""v_c1_s5_s6::s5"",""source_score"":null},{""class_code"":""suspicious_activity"",""frame_index"":64,""timestamp_ms"":8007,""score"":0.6603959202766418,""source_actor_id"":""v_c1_s5_s6::s5"",""source_score"":null},{""class_code"":""suspicious_activity"",""frame_index"":65,""timestamp_ms"":8133,""score"":0.6895938515663147,""source_actor_id"":""v_c1_s5_s6::s5"",""source_score"":null},{""class_code"":""suspicious_activity"",""frame_index"":68,""timestamp_ms"":8508,""score"":0.6636816263198853,""source_actor_id"":""v_c1_s5_s6::s5"",""source_score"":null}]",60,7507,s5,4,77,True,suspicious_activity
v_c1_s5_s6,s6,suspicious_activity,c5,suspicious_activity,s6,35,4379,0.7965516448020935,,"[{""class_code"":""suspicious_activity"",""frame_index"":15,""timestamp_ms"":1876,""score"":0.7479764223098755,""source_actor_id"":""v_c1_s5_s6::s6"",""source_score"":null},{""class_code"":""suspicious_activity"",""frame_index"":16,""timestamp_ms"":2001,""score"":0.746317446231842,""source_actor_id"":""v_c1_s5_s6::s6"",""source_score"":null},{""class_code"":""suspicious_activity"",""frame_index"":17,""timestamp_ms"":2127,""score"":0.7104912400245667,""source_actor_id"":""v_c1_s5_s6::s6"",""source_score"":null},{""class_code"":""suspicious_activity"",""frame_index"":18,""timestamp_ms"":2252,""score"":0.7208425998687744,""source_actor_id"":""v_c1_s5_s6::s6"",""source_score"":null},{""class_code"":""suspicious_activity"",""frame_index"":19,""timestamp_ms"":2377,""score"":0.7219167351722717,""source_actor_id"":""v_c1_s5_s6::s6"",""source_score"":null},{""class_code"":""suspicious_activity"",""frame_index"":20,""timestamp_ms"":2502,""score"":0.7391608357429504,""source_actor_id"":""v_c1_s5_s6::s6"",""source_score"":null},{""class_code"":""suspicious_activity"",""frame_index"":21,""timestamp_ms"":2627,""score"":0.7485377192497253,""source_actor_id"":""v_c1_s5_s6::s6"",""source_score"":null},{""class_code"":""suspicious_activity"",""frame_index"":22,""timestamp_ms"":2752,""score"":0.7664600610733032,""source_actor_id"":""v_c1_s5_s6::s6"",""source_score"":null},{""class_code"":""suspicious_activity"",""frame_index"":23,""timestamp_ms"":2877,""score"":0.7664600610733032,""source_actor_id"":""v_c1_s5_s6::s6"",""source_score"":null},{""class_code"":""suspicious_activity"",""frame_index"":24,""timestamp_ms"":3003,""score"":0.7768771052360535,""source_actor_id"":""v_c1_s5_s6::s6"",""source_score"":null},{""class_code"":""suspicious_activity"",""frame_index"":25,""timestamp_ms"":3128,""score"":0.7752997875213623,""source_actor_id"":""v_c1_s5_s6::s6"",""source_score"":null},{""class_code"":""suspicious_activity"",""frame_index"":26,""timestamp_ms"":3253,""score"":0.7588871717453003,""source_actor_id"":""v_c1_s5_s6::s6"",""source_score"":null},{""class_code"":""suspicious_activity"",""frame_index"":27,""timestamp_ms"":3378,""score"":0.7412453889846802,""source_actor_id"":""v_c1_s5_s6::s6"",""source_score"":null},{""class_code"":""suspicious_activity"",""frame_index"":28,""timestamp_ms"":3503,""score"":0.7481545209884644,""source_actor_id"":""v_c1_s5_s6::s6"",""source_score"":null},{""class_code"":""suspicious_activity"",""frame_index"":29,""timestamp_ms"":3628,""score"":0.7699595093727112,""source_actor_id"":""v_c1_s5_s6::s6"",""source_score"":null},{""class_code"":""suspicious_activity"",""frame_index"":30,""timestamp_ms"":3753,""score"":0.7805651426315308,""source_actor_id"":""v_c1_s5_s6::s6"",""source_score"":null},{""class_code"":""suspicious_activity"",""frame_index"":31,""timestamp_ms"":3878,""score"":0.7821158766746521,""source_actor_id"":""v_c1_s5_s6::s6"",""source_score"":null},{""class_code"":""suspicious_activity"",""frame_index"":32,""timestamp_ms"":4003,""score"":0.773901104927063,""source_actor_id"":""v_c1_s5_s6::s6"",""source_score"":null},{""class_code"":""suspicious_activity"",""frame_index"":33,""timestamp_ms"":4129,""score"":0.773901104927063,""source_actor_id"":""v_c1_s5_s6::s6"",""source_score"":null},{""class_code"":""suspicious_activity"",""frame_index"":34,""timestamp_ms"":4254,""score"":0.7755619287490845,""source_actor_id"":""v_c1_s5_s6::s6"",""source_score"":null},{""class_code"":""suspicious_activity"",""frame_index"":35,""timestamp_ms"":4379,""score"":0.7965516448020935,""source_actor_id"":""v_c1_s5_s6::s6"",""source_score"":null},{""class_code"":""suspicious_activity"",""frame_index"":36,""timestamp_ms"":4504,""score"":0.7707547545433044,""source_actor_id"":""v_c1_s5_s6::s6"",""source_score"":null},{""class_code"":""suspicious_activity"",""frame_index"":37,""timestamp_ms"":4629,""score"":0.7520723938941956,""source_actor_id"":""v_c1_s5_s6::s6"",""source_score"":null},{""class_code"":""suspicious_activity"",""frame_index"":38,""timestamp_ms"":4754,""score"":0.7520723938941956,""source_actor_id"":""v_c1_s5_s6::s6"",""source_score"":null},{""class_code"":""suspicious_activity"",""frame_index"":41,""timestamp_ms"":5130,""score"":0.6631158590316772,""source_actor_id"":""v_c1_s5_s6::s6"",""source_score"":null},{""class_code"":""suspicious_activity"",""frame_index"":42,""timestamp_ms"":5255,""score"":0.6650089621543884,""source_actor_id"":""v_c1_s5_s6::s6"",""source_score"":null},{""class_code"":""suspicious_activity"",""frame_index"":44,""timestamp_ms"":5505,""score"":0.6950148344039917,""source_actor_id"":""v_c1_s5_s6::s6"",""source_score"":null},{""class_code"":""suspicious_activity"",""frame_index"":45,""timestamp_ms"":5630,""score"":0.6678601503372192,""source_actor_id"":""v_c1_s5_s6::s6"",""source_score"":null},{""class_code"":""suspicious_activity"",""frame_index"":46,""timestamp_ms"":5755,""score"":0.6673674583435059,""source_actor_id"":""v_c1_s5_s6::s6"",""source_score"":null},{""class_code"":""suspicious_activity"",""frame_index"":47,""timestamp_ms"":5880,""score"":0.6707742810249329,""source_actor_id"":""v_c1_s5_s6::s6"",""source_score"":null},{""class_code"":""suspicious_activity"",""frame_index"":48,""timestamp_ms"":6006,""score"":0.6707742810249329,""source_actor_id"":""v_c1_s5_s6::s6"",""source_score"":null},{""class_code"":""suspicious_activity"",""frame_index"":49,""timestamp_ms"":6131,""score"":0.6741524934768677,""source_actor_id"":""v_c1_s5_s6::s6"",""source_score"":null},{""class_code"":""suspicious_activity"",""frame_index"":50,""timestamp_ms"":6256,""score"":0.6820254325866699,""source_actor_id"":""v_c1_s5_s6::s6"",""source_score"":null},{""class_code"":""suspicious_activity"",""frame_index"":51,""timestamp_ms"":6381,""score"":0.6989204287528992,""source_actor_id"":""v_c1_s5_s6::s6"",""source_score"":null},{""class_code"":""suspicious_activity"",""frame_index"":59,""timestamp_ms"":7382,""score"":0.7578747868537903,""source_actor_id"":""v_c1_s5_s6::s6"",""source_score"":null}]",15,1876,s6,4,77,True,suspicious_activity
v_c1_s6,s5,c5,c5,,,,,,,[],,,,4,59,True,c5
v_c1_s6,s6,suspicious_activity,c5,suspicious_activity,s6,40,5005,0.8952324986457825,,"[{""class_code"":""suspicious_activity"",""frame_index"":11,""timestamp_ms"":1376,""score"":0.6686730980873108,""source_actor_id"":""v_c1_s6::s6"",""source_score"":null},{""class_code"":""suspicious_activity"",""frame_index"":12,""timestamp_ms"":1501,""score"":0.7097806334495544,""source_actor_id"":""v_c1_s6::s6"",""source_score"":null},{""class_code"":""suspicious_activity"",""frame_index"":13,""timestamp_ms"":1626,""score"":0.7358767986297607,""source_actor_id"":""v_c1_s6::s6"",""source_score"":null},{""class_code"":""suspicious_activity"",""frame_index"":14,""timestamp_ms"":1751,""score"":0.7242022156715393,""source_actor_id"":""v_c1_s6::s6"",""source_score"":null},{""class_code"":""suspicious_activity"",""frame_index"":15,""timestamp_ms"":1876,""score"":0.7390009760856628,""source_actor_id"":""v_c1_s6::s6"",""source_score"":null},{""class_code"":""suspicious_activity"",""frame_index"":16,""timestamp_ms"":2001,""score"":0.7390009760856628,""source_actor_id"":""v_c1_s6::s6"",""source_score"":null},{""class_code"":""suspicious_activity"",""frame_index"":17,""timestamp_ms"":2127,""score"":0.7390009760856628,""source_actor_id"":""v_c1_s6::s6"",""source_score"":null},{""class_code"":""suspicious_activity"",""frame_index"":18,""timestamp_ms"":2252,""score"":0.7409622669219971,""source_actor_id"":""v_c1_s6::s6"",""source_score"":null},{""class_code"":""suspicious_activity"",""frame_index"":19,""timestamp_ms"":2377,""score"":0.747192919254303,""source_actor_id"":""v_c1_s6::s6"",""source_score"":null},{""class_code"":""suspicious_activity"",""frame_index"":22,""timestamp_ms"":2752,""score"":0.6700800657272339,""source_actor_id"":""v_c1_s6::s6"",""source_score"":null},{""class_code"":""suspicious_activity"",""frame_index"":23,""timestamp_ms"":2877,""score"":0.6700800657272339,""source_actor_id"":""v_c1_s6::s6"",""source_score"":null},{""class_code"":""suspicious_activity"",""frame_index"":24,""timestamp_ms"":3003,""score"":0.6700800657272339,""source_actor_id"":""v_c1_s6::s6"",""source_score"":null},{""class_code"":""suspicious_activity"",""frame_index"":25,""timestamp_ms"":3128,""score"":0.6741868853569031,""source_actor_id"":""v_c1_s6::s6"",""source_score"":null},{""class_code"":""suspicious_activity"",""frame_index"":26,""timestamp_ms"":3253,""score"":0.7085772156715393,""source_actor_id"":""v_c1_s6::s6"",""source_score"":null},{""class_code"":""suspicious_activity"",""frame_index"":27,""timestamp_ms"":3378,""score"":0.6979139447212219,""source_actor_id"":""v_c1_s6::s6"",""source_score"":null},{""class_code"":""suspicious_activity"",""frame_index"":28,""timestamp_ms"":3503,""score"":0.6990085244178772,""source_actor_id"":""v_c1_s6::s6"",""source_score"":null},{""class_code"":""suspicious_activity"",""frame_index"":29,""timestamp_ms"":3628,""score"":0.7001317739486694,""source_actor_id"":""v_c1_s6::s6"",""source_score"":null},{""class_code"":""suspicious_activity"",""frame_index"":30,""timestamp_ms"":3753,""score"":0.8415521383285522,""source_actor_id"":""v_c1_s6::s6"",""source_score"":null},{""class_code"":""suspicious_activity"",""frame_index"":31,""timestamp_ms"":3878,""score"":0.8380526900291443,""source_actor_id"":""v_c1_s6::s6"",""source_score"":null},{""class_code"":""suspicious_activity"",""frame_index"":32,""timestamp_ms"":4003,""score"":0.8406748175621033,""source_actor_id"":""v_c1_s6::s6"",""source_score"":null},{""class_code"":""suspicious_activity"",""frame_index"":33,""timestamp_ms"":4129,""score"":0.8429009914398193,""source_actor_id"":""v_c1_s6::s6"",""source_score"":null},{""class_code"":""suspicious_activity"",""frame_index"":34,""timestamp_ms"":4254,""score"":0.8429009914398193,""source_actor_id"":""v_c1_s6::s6"",""source_score"":null},{""class_code"":""suspicious_activity"",""frame_index"":35,""timestamp_ms"":4379,""score"":0.8833145499229431,""source_actor_id"":""v_c1_s6::s6"",""source_score"":null},{""class_code"":""suspicious_activity"",""frame_index"":36,""timestamp_ms"":4504,""score"":0.8820393681526184,""source_actor_id"":""v_c1_s6::s6"",""source_score"":null},{""class_code"":""suspicious_activity"",""frame_index"":37,""timestamp_ms"":4629,""score"":0.8841656446456909,""source_actor_id"":""v_c1_s6::s6"",""source_score"":null},{""class_code"":""suspicious_activity"",""frame_index"":38,""timestamp_ms"":4754,""score"":0.8556971549987793,""source_actor_id"":""v_c1_s6::s6"",""source_score"":null},{""class_code"":""suspicious_activity"",""frame_index"":39,""timestamp_ms"":4879,""score"":0.8405404686927795,""source_actor_id"":""v_c1_s6::s6"",""source_score"":null},{""class_code"":""suspicious_activity"",""frame_index"":40,""timestamp_ms"":5005,""score"":0.8952324986457825,""source_actor_id"":""v_c1_s6::s6"",""source_score"":null},{""class_code"":""suspicious_activity"",""frame_index"":41,""timestamp_ms"":5130,""score"":0.8516094088554382,""source_actor_id"":""v_c1_s6::s6"",""source_score"":null},{""class_code"":""suspicious_activity"",""frame_index"":42,""timestamp_ms"":5255,""score"":0.8754497170448303,""source_actor_id"":""v_c1_s6::s6"",""source_score"":null},{""class_code"":""suspicious_activity"",""frame_index"":43,""timestamp_ms"":5380,""score"":0.8678383827209473,""source_actor_id"":""v_c1_s6::s6"",""source_score"":null},{""class_code"":""suspicious_activity"",""frame_index"":44,""timestamp_ms"":5505,""score"":0.8515896797180176,""source_actor_id"":""v_c1_s6::s6"",""source_score"":null},{""class_code"":""suspicious_activity"",""frame_index"":45,""timestamp_ms"":5630,""score"":0.7619587182998657,""source_actor_id"":""v_c1_s6::s6"",""source_score"":null},{""class_code"":""suspicious_activity"",""frame_index"":46,""timestamp_ms"":5755,""score"":0.70870041847229,""source_actor_id"":""v_c1_s6::s6"",""source_score"":null},{""class_code"":""suspicious_activity"",""frame_index"":47,""timestamp_ms"":5880,""score"":0.660392165184021,""source_actor_id"":""v_c1_s6::s6"",""source_score"":null}]",11,1376,s6,4,59,True,suspicious_activity
v_c1_s7,s7,suspicious_activity,suspicious_activity,suspicious_activity,s7,69,8633,0.8930944800376892,,"[{""class_code"":""suspicious_activity"",""frame_index"":55,""timestamp_ms"":6881,""score"":0.7642761468887329,""source_actor_id"":""v_c1_s7::s7"",""source_score"":null},{""class_code"":""suspicious_activity"",""frame_index"":56,""timestamp_ms"":7007,""score"":0.785078227519989,""source_actor_id"":""v_c1_s7::s7"",""source_score"":null},{""class_code"":""suspicious_activity"",""frame_index"":57,""timestamp_ms"":7132,""score"":0.7572621703147888,""source_actor_id"":""v_c1_s7::s7"",""source_score"":null},{""class_code"":""suspicious_activity"",""frame_index"":58,""timestamp_ms"":7257,""score"":0.7572621703147888,""source_actor_id"":""v_c1_s7::s7"",""source_score"":null},{""class_code"":""suspicious_activity"",""frame_index"":59,""timestamp_ms"":7382,""score"":0.7572621703147888,""source_actor_id"":""v_c1_s7::s7"",""source_score"":null},{""class_code"":""suspicious_activity"",""frame_index"":60,""timestamp_ms"":7507,""score"":0.7599884867668152,""source_actor_id"":""v_c1_s7::s7"",""source_score"":null},{""class_code"":""suspicious_activity"",""frame_index"":61,""timestamp_ms"":7632,""score"":0.7499899864196777,""source_actor_id"":""v_c1_s7::s7"",""source_score"":null},{""class_code"":""suspicious_activity"",""frame_index"":62,""timestamp_ms"":7757,""score"":0.7941272258758545,""source_actor_id"":""v_c1_s7::s7"",""source_score"":null},{""class_code"":""suspicious_activity"",""frame_index"":63,""timestamp_ms"":7882,""score"":0.799264669418335,""source_actor_id"":""v_c1_s7::s7"",""source_score"":null},{""class_code"":""suspicious_activity"",""frame_index"":64,""timestamp_ms"":8007,""score"":0.799264669418335,""source_actor_id"":""v_c1_s7::s7"",""source_score"":null},{""class_code"":""suspicious_activity"",""frame_index"":65,""timestamp_ms"":8133,""score"":0.7695869207382202,""source_actor_id"":""v_c1_s7::s7"",""source_score"":null},{""class_code"":""suspicious_activity"",""frame_index"":66,""timestamp_ms"":8258,""score"":0.8363704085350037,""source_actor_id"":""v_c1_s7::s7"",""source_score"":null},{""class_code"":""suspicious_activity"",""frame_index"":67,""timestamp_ms"":8383,""score"":0.842888355255127,""source_actor_id"":""v_c1_s7::s7"",""source_score"":null},{""class_code"":""suspicious_activity"",""frame_index"":68,""timestamp_ms"":8508,""score"":0.8470087647438049,""source_actor_id"":""v_c1_s7::s7"",""source_score"":null},{""class_code"":""suspicious_activity"",""frame_index"":69,""timestamp_ms"":8633,""score"":0.8930944800376892,""source_actor_id"":""v_c1_s7::s7"",""source_score"":null},{""class_code"":""suspicious_activity"",""frame_index"":70,""timestamp_ms"":8758,""score"":0.8873516321182251,""source_actor_id"":""v_c1_s7::s7"",""source_score"":null},{""class_code"":""suspicious_activity"",""frame_index"":71,""timestamp_ms"":8883,""score"":0.881214439868927,""source_actor_id"":""v_c1_s7::s7"",""source_score"":null},{""class_code"":""suspicious_activity"",""frame_index"":72,""timestamp_ms"":9009,""score"":0.8771602511405945,""source_actor_id"":""v_c1_s7::s7"",""source_score"":null},{""class_code"":""suspicious_activity"",""frame_index"":73,""timestamp_ms"":9134,""score"":0.8750882148742676,""source_actor_id"":""v_c1_s7::s7"",""source_score"":null},{""class_code"":""suspicious_activity"",""frame_index"":74,""timestamp_ms"":9259,""score"":0.8614889979362488,""source_actor_id"":""v_c1_s7::s7"",""source_score"":null},{""class_code"":""suspicious_activity"",""frame_index"":75,""timestamp_ms"":9384,""score"":0.8645573258399963,""source_actor_id"":""v_c1_s7::s7"",""source_score"":null},{""class_code"":""suspicious_activity"",""frame_index"":76,""timestamp_ms"":9509,""score"":0.8397076725959778,""source_actor_id"":""v_c1_s7::s7"",""source_score"":null},{""class_code"":""suspicious_activity"",""frame_index"":77,""timestamp_ms"":9634,""score"":0.8494874835014343,""source_actor_id"":""v_c1_s7::s7"",""source_score"":null},{""class_code"":""suspicious_activity"",""frame_index"":78,""timestamp_ms"":9759,""score"":0.8544511198997498,""source_actor_id"":""v_c1_s7::s7"",""source_score"":null},{""class_code"":""suspicious_activity"",""frame_index"":79,""timestamp_ms"":9884,""score"":0.8736513257026672,""source_actor_id"":""v_c1_s7::s7"",""source_score"":null},{""class_code"":""suspicious_activity"",""frame_index"":80,""timestamp_ms"":10010,""score"":0.8665626645088196,""source_actor_id"":""v_c1_s7::s7"",""source_score"":null}]",55,6881,s7,4,77,True,suspicious_activity
v_c1_s7,s8,c5,c5,,,,,,,[],,,,4,77,True,c5
v_c1_s7_s8,s7,suspicious_activity,c5,suspicious_activity,s7,66,8258,0.8352170586585999,,"[{""class_code"":""suspicious_activity"",""frame_index"":63,""timestamp_ms"":7882,""score"":0.7403783202171326,""source_actor_id"":""v_c1_s7_s8::s7"",""source_score"":null},{""class_code"":""suspicious_activity"",""frame_index"":64,""timestamp_ms"":8007,""score"":0.8197277188301086,""source_actor_id"":""v_c1_s7_s8::s7"",""source_score"":null},{""class_code"":""suspicious_activity"",""frame_index"":65,""timestamp_ms"":8133,""score"":0.815420389175415,""source_actor_id"":""v_c1_s7_s8::s7"",""source_score"":null},{""class_code"":""suspicious_activity"",""frame_index"":66,""timestamp_ms"":8258,""score"":0.8352170586585999,""source_actor_id"":""v_c1_s7_s8::s7"",""source_score"":null}]",63,7882,s7,4,86,True,suspicious_activity
v_c1_s7_s8,s8,suspicious_activity,c5,suspicious_activity,s8,13,1626,0.6979629993438721,,"[{""class_code"":""suspicious_activity"",""frame_index"":12,""timestamp_ms"":1501,""score"":0.6895737051963806,""source_actor_id"":""v_c1_s7_s8::s8"",""source_score"":null},{""class_code"":""suspicious_activity"",""frame_index"":13,""timestamp_ms"":1626,""score"":0.6979629993438721,""source_actor_id"":""v_c1_s7_s8::s8"",""source_score"":null},{""class_code"":""suspicious_activity"",""frame_index"":14,""timestamp_ms"":1751,""score"":0.6641690731048584,""source_actor_id"":""v_c1_s7_s8::s8"",""source_score"":null},{""class_code"":""suspicious_activity"",""frame_index"":16,""timestamp_ms"":2001,""score"":0.6717448234558105,""source_actor_id"":""v_c1_s7_s8::s8"",""source_score"":null},{""class_code"":""suspicious_activity"",""frame_index"":17,""timestamp_ms"":2127,""score"":0.6717448234558105,""source_actor_id"":""v_c1_s7_s8::s8"",""source_score"":null},{""class_code"":""suspicious_activity"",""frame_index"":18,""timestamp_ms"":2252,""score"":0.6654685735702515,""source_actor_id"":""v_c1_s7_s8::s8"",""source_score"":null},{""class_code"":""suspicious_activity"",""frame_index"":19,""timestamp_ms"":2377,""score"":0.6654685735702515,""source_actor_id"":""v_c1_s7_s8::s8"",""source_score"":null}]",12,1501,s8,4,86,True,suspicious_activity
v_c1_s8,s7,c5,suspicious_activity,suspicious_activity,s7,67,8383,0.7305867671966553,,"[{""class_code"":""suspicious_activity"",""frame_index"":63,""timestamp_ms"":7882,""score"":0.677666962146759,""source_actor_id"":""v_c1_s8::s7"",""source_score"":null},{""class_code"":""suspicious_activity"",""frame_index"":64,""timestamp_ms"":8007,""score"":0.677666962146759,""source_actor_id"":""v_c1_s8::s7"",""source_score"":null},{""class_code"":""suspicious_activity"",""frame_index"":65,""timestamp_ms"":8133,""score"":0.698328971862793,""source_actor_id"":""v_c1_s8::s7"",""source_score"":null},{""class_code"":""suspicious_activity"",""frame_index"":66,""timestamp_ms"":8258,""score"":0.7185733318328857,""source_actor_id"":""v_c1_s8::s7"",""source_score"":null},{""class_code"":""suspicious_activity"",""frame_index"":67,""timestamp_ms"":8383,""score"":0.7305867671966553,""source_actor_id"":""v_c1_s8::s7"",""source_score"":null}]",63,7882,s7,4,64,True,suspicious_activity
v_c1_s8,s8,suspicious_activity,c5,suspicious_activity,s8,27,3378,0.8989184498786926,,"[{""class_code"":""suspicious_activity"",""frame_index"":5,""timestamp_ms"":625,""score"":0.7919212579727173,""source_actor_id"":""v_c1_s8::s8"",""source_score"":null},{""class_code"":""suspicious_activity"",""frame_index"":6,""timestamp_ms"":750,""score"":0.7574899196624756,""source_actor_id"":""v_c1_s8::s8"",""source_score"":null},{""class_code"":""suspicious_activity"",""frame_index"":7,""timestamp_ms"":875,""score"":0.7588056921958923,""source_actor_id"":""v_c1_s8::s8"",""source_score"":null},{""class_code"":""suspicious_activity"",""frame_index"":15,""timestamp_ms"":1876,""score"":0.6943591833114624,""source_actor_id"":""v_c1_s8::s8"",""source_score"":null},{""class_code"":""suspicious_activity"",""frame_index"":16,""timestamp_ms"":2001,""score"":0.7023872137069702,""source_actor_id"":""v_c1_s8::s8"",""source_score"":null},{""class_code"":""suspicious_activity"",""frame_index"":17,""timestamp_ms"":2127,""score"":0.8093497157096863,""source_actor_id"":""v_c1_s8::s8"",""source_score"":null},{""class_code"":""suspicious_activity"",""frame_index"":18,""timestamp_ms"":2252,""score"":0.812011182308197,""source_actor_id"":""v_c1_s8::s8"",""source_score"":null},{""class_code"":""suspicious_activity"",""frame_index"":19,""timestamp_ms"":2377,""score"":0.812011182308197,""source_actor_id"":""v_c1_s8::s8"",""source_score"":null},{""class_code"":""suspicious_activity"",""frame_index"":20,""timestamp_ms"":2502,""score"":0.8471775650978088,""source_actor_id"":""v_c1_s8::s8"",""source_score"":null},{""class_code"":""suspicious_activity"",""frame_index"":21,""timestamp_ms"":2627,""score"":0.8646361827850342,""source_actor_id"":""v_c1_s8::s8"",""source_score"":null},{""class_code"":""suspicious_activity"",""frame_index"":22,""timestamp_ms"":2752,""score"":0.8646361827850342,""source_actor_id"":""v_c1_s8::s8"",""source_score"":null},{""class_code"":""suspicious_activity"",""frame_index"":23,""timestamp_ms"":2877,""score"":0.8640114665031433,""source_actor_id"":""v_c1_s8::s8"",""source_score"":null},{""class_code"":""suspicious_activity"",""frame_index"":24,""timestamp_ms"":3003,""score"":0.8669546246528625,""source_actor_id"":""v_c1_s8::s8"",""source_score"":null},{""class_code"":""suspicious_activity"",""frame_index"":25,""timestamp_ms"":3128,""score"":0.8669546246528625,""source_actor_id"":""v_c1_s8::s8"",""source_score"":null},{""class_code"":""suspicious_activity"",""frame_index"":26,""timestamp_ms"":3253,""score"":0.8696497082710266,""source_actor_id"":""v_c1_s8::s8"",""source_score"":null},{""class_code"":""suspicious_activity"",""frame_index"":27,""timestamp_ms"":3378,""score"":0.8989184498786926,""source_actor_id"":""v_c1_s8::s8"",""source_score"":null},{""class_code"":""suspicious_activity"",""frame_index"":28,""timestamp_ms"":3503,""score"":0.8819671273231506,""source_actor_id"":""v_c1_s8::s8"",""source_score"":null},{""class_code"":""suspicious_activity"",""frame_index"":29,""timestamp_ms"":3628,""score"":0.8158581852912903,""source_actor_id"":""v_c1_s8::s8"",""source_score"":null},{""class_code"":""suspicious_activity"",""frame_index"":30,""timestamp_ms"":3753,""score"":0.8215562105178833,""source_actor_id"":""v_c1_s8::s8"",""source_score"":null},{""class_code"":""suspicious_activity"",""frame_index"":31,""timestamp_ms"":3878,""score"":0.8139219880104065,""source_actor_id"":""v_c1_s8::s8"",""source_score"":null},{""class_code"":""suspicious_activity"",""frame_index"":32,""timestamp_ms"":4003,""score"":0.8284706473350525,""source_actor_id"":""v_c1_s8::s8"",""source_score"":null},{""class_code"":""suspicious_activity"",""frame_index"":33,""timestamp_ms"":4129,""score"":0.818796694278717,""source_actor_id"":""v_c1_s8::s8"",""source_score"":null},{""class_code"":""suspicious_activity"",""frame_index"":34,""timestamp_ms"":4254,""score"":0.818796694278717,""source_actor_id"":""v_c1_s8::s8"",""source_score"":null},{""class_code"":""suspicious_activity"",""frame_index"":35,""timestamp_ms"":4379,""score"":0.7959889769554138,""source_actor_id"":""v_c1_s8::s8"",""source_score"":null},{""class_code"":""suspicious_activity"",""frame_index"":36,""timestamp_ms"":4504,""score"":0.7737563252449036,""source_actor_id"":""v_c1_s8::s8"",""source_score"":null},{""class_code"":""suspicious_activity"",""frame_index"":37,""timestamp_ms"":4629,""score"":0.7710684537887573,""source_actor_id"":""v_c1_s8::s8"",""source_score"":null},{""class_code"":""suspicious_activity"",""frame_index"":38,""timestamp_ms"":4754,""score"":0.7546217441558838,""source_actor_id"":""v_c1_s8::s8"",""source_score"":null},{""class_code"":""suspicious_activity"",""frame_index"":39,""timestamp_ms"":4879,""score"":0.6805362105369568,""source_actor_id"":""v_c1_s8::s8"",""source_score"":null}]",5,625,s8,4,64,True,suspicious_activity
v_c2_s1_s2,s1,c2,c5,c2,s1,29,3628,0.9947683811187744,0.9947683811187744,"[{""class_code"":""c2"",""frame_index"":22,""timestamp_ms"":2752,""score"":0.9753651022911072,""source_actor_id"":""v_c2_s1_s2::s2"",""source_score"":0.978919506072998},{""class_code"":""c2"",""frame_index"":23,""timestamp_ms"":2877,""score"":0.9900718927383423,""source_actor_id"":""v_c2_s1_s2::s2"",""source_score"":0.9895260334014893},{""class_code"":""c2"",""frame_index"":24,""timestamp_ms"":3003,""score"":0.991738498210907,""source_actor_id"":""v_c2_s1_s2::s1"",""source_score"":0.991738498210907},{""class_code"":""c2"",""frame_index"":25,""timestamp_ms"":3128,""score"":0.9916694164276123,""source_actor_id"":""v_c2_s1_s2::s2"",""source_score"":0.9895260334014893},{""class_code"":""c2"",""frame_index"":26,""timestamp_ms"":3253,""score"":0.9903239011764526,""source_actor_id"":""v_c2_s1_s2::s1"",""source_score"":0.9903239011764526},{""class_code"":""c2"",""frame_index"":27,""timestamp_ms"":3378,""score"":0.9905463457107544,""source_actor_id"":""v_c2_s1_s2::s1"",""source_score"":0.9905463457107544},{""class_code"":""c2"",""frame_index"":28,""timestamp_ms"":3503,""score"":0.9947683811187744,""source_actor_id"":""v_c2_s1_s2::s1"",""source_score"":0.9947683811187744},{""class_code"":""c2"",""frame_index"":29,""timestamp_ms"":3628,""score"":0.9947683811187744,""source_actor_id"":""v_c2_s1_s2::s1"",""source_score"":0.9947683811187744},{""class_code"":""c2"",""frame_index"":30,""timestamp_ms"":3753,""score"":0.9940979480743408,""source_actor_id"":""v_c2_s1_s2::s2"",""source_score"":0.9922715425491333}]",22,2752,s1,4,49,True,c2
v_c2_s1_s2,s2,c2,c5,c2,s2,30,3753,0.9922715425491333,0.9922715425491333,"[{""class_code"":""c2"",""frame_index"":22,""timestamp_ms"":2752,""score"":0.978919506072998,""source_actor_id"":""v_c2_s1_s2::s2"",""source_score"":0.978919506072998},{""class_code"":""c2"",""frame_index"":23,""timestamp_ms"":2877,""score"":0.9895260334014893,""source_actor_id"":""v_c2_s1_s2::s2"",""source_score"":0.9895260334014893},{""class_code"":""c2"",""frame_index"":24,""timestamp_ms"":3003,""score"":0.9895260334014893,""source_actor_id"":""v_c2_s1_s2::s1"",""source_score"":0.991738498210907},{""class_code"":""c2"",""frame_index"":25,""timestamp_ms"":3128,""score"":0.9895260334014893,""source_actor_id"":""v_c2_s1_s2::s2"",""source_score"":0.9895260334014893},{""class_code"":""c2"",""frame_index"":26,""timestamp_ms"":3253,""score"":0.9859415888786316,""source_actor_id"":""v_c2_s1_s2::s1"",""source_score"":0.9903239011764526},{""class_code"":""c2"",""frame_index"":27,""timestamp_ms"":3378,""score"":0.9862633943557739,""source_actor_id"":""v_c2_s1_s2::s1"",""source_score"":0.9905463457107544},{""class_code"":""c2"",""frame_index"":28,""timestamp_ms"":3503,""score"":0.9920579791069031,""source_actor_id"":""v_c2_s1_s2::s1"",""source_score"":0.9947683811187744},{""class_code"":""c2"",""frame_index"":29,""timestamp_ms"":3628,""score"":0.9920579791069031,""source_actor_id"":""v_c2_s1_s2::s1"",""source_score"":0.9947683811187744},{""class_code"":""c2"",""frame_index"":30,""timestamp_ms"":3753,""score"":0.9922715425491333,""source_actor_id"":""v_c2_s1_s2::s2"",""source_score"":0.9922715425491333}]",22,2752,s2,4,49,True,c2
v_c2_s3_s4,s3,c2,c5,c2,s4,23,2877,0.9681736826896667,0.9849951863288879,"[{""class_code"":""suspicious_activity"",""frame_index"":4,""timestamp_ms"":500,""score"":0.826810359954834,""source_actor_id"":""v_c2_s3_s4::s3"",""source_score"":null},{""class_code"":""suspicious_activity"",""frame_index"":5,""timestamp_ms"":625,""score"":0.7473010420799255,""source_actor_id"":""v_c2_s3_s4::s3"",""source_score"":null},{""class_code"":""suspicious_activity"",""frame_index"":6,""timestamp_ms"":750,""score"":0.6906973123550415,""source_actor_id"":""v_c2_s3_s4::s3"",""source_score"":null},{""class_code"":""suspicious_activity"",""frame_index"":7,""timestamp_ms"":875,""score"":0.6939873099327087,""source_actor_id"":""v_c2_s3_s4::s3"",""source_score"":null},{""class_code"":""suspicious_activity"",""frame_index"":8,""timestamp_ms"":1000,""score"":0.6939873099327087,""source_actor_id"":""v_c2_s3_s4::s3"",""source_score"":null},{""class_code"":""suspicious_activity"",""frame_index"":11,""timestamp_ms"":1376,""score"":0.6610685586929321,""source_actor_id"":""v_c2_s3_s4::s3"",""source_score"":null},{""class_code"":""suspicious_activity"",""frame_index"":12,""timestamp_ms"":1501,""score"":0.6610685586929321,""source_actor_id"":""v_c2_s3_s4::s3"",""source_score"":null},{""class_code"":""suspicious_activity"",""frame_index"":13,""timestamp_ms"":1626,""score"":0.6610685586929321,""source_actor_id"":""v_c2_s3_s4::s3"",""source_score"":null},{""class_code"":""c2"",""frame_index"":20,""timestamp_ms"":2502,""score"":0.9652948379516602,""source_actor_id"":""v_c2_s3_s4::s4"",""source_score"":0.9907461404800415},{""class_code"":""c2"",""frame_index"":22,""timestamp_ms"":2752,""score"":0.9681736826896667,""source_actor_id"":""v_c2_s3_s4::s4"",""source_score"":0.9849951863288879},{""class_code"":""c2"",""frame_index"":23,""timestamp_ms"":2877,""score"":0.9681736826896667,""source_actor_id"":""v_c2_s3_s4::s4"",""source_score"":0.9849951863288879}]",4,500,s4,4,35,True,c2
v_c2_s3_s4,s4,c2,c5,c2,s4,20,2502,0.9907461404800415,0.9907461404800415,"[{""class_code"":""suspicious_activity"",""frame_index"":17,""timestamp_ms"":2127,""score"":0.692798376083374,""source_actor_id"":""v_c2_s3_s4::s4"",""source_score"":null},{""class_code"":""suspicious_activity"",""frame_index"":18,""timestamp_ms"":2252,""score"":0.6877074837684631,""source_actor_id"":""v_c2_s3_s4::s4"",""source_score"":null},{""class_code"":""suspicious_activity"",""frame_index"":19,""timestamp_ms"":2377,""score"":0.6683224439620972,""source_actor_id"":""v_c2_s3_s4::s4"",""source_score"":null},{""class_code"":""c2"",""frame_index"":20,""timestamp_ms"":2502,""score"":0.9907461404800415,""source_actor_id"":""v_c2_s3_s4::s4"",""source_score"":0.9907461404800415},{""class_code"":""c2"",""frame_index"":22,""timestamp_ms"":2752,""score"":0.9849951863288879,""source_actor_id"":""v_c2_s3_s4::s4"",""source_score"":0.9849951863288879},{""class_code"":""c2"",""frame_index"":23,""timestamp_ms"":2877,""score"":0.9849951863288879,""source_actor_id"":""v_c2_s3_s4::s4"",""source_score"":0.9849951863288879}]",17,2127,s4,4,35,True,c2
v_c2_s5_s6,s5,c2,c5,c2,s6,71,8883,0.9946777820587158,0.9896412491798401,"[{""class_code"":""c2"",""frame_index"":60,""timestamp_ms"":7507,""score"":0.9194306135177612,""source_actor_id"":""v_c2_s5_s6::s5"",""source_score"":0.9194306135177612},{""class_code"":""c2"",""frame_index"":61,""timestamp_ms"":7632,""score"":0.937227725982666,""source_actor_id"":""v_c2_s5_s6::s5"",""source_score"":0.937227725982666},{""class_code"":""c2"",""frame_index"":62,""timestamp_ms"":7757,""score"":0.9390364289283752,""source_actor_id"":""v_c2_s5_s6::s5"",""source_score"":0.9390364289283752},{""class_code"":""c2"",""frame_index"":69,""timestamp_ms"":8633,""score"":0.9943901896476746,""source_actor_id"":""v_c2_s5_s6::s6"",""source_score"":0.9840008020401001},{""class_code"":""c2"",""frame_index"":70,""timestamp_ms"":8758,""score"":0.9946777820587158,""source_actor_id"":""v_c2_s5_s6::s6"",""source_score"":0.9802139401435852},{""class_code"":""c2"",""frame_index"":71,""timestamp_ms"":8883,""score"":0.9946777820587158,""source_actor_id"":""v_c2_s5_s6::s6"",""source_score"":0.9896412491798401},{""class_code"":""c2"",""frame_index"":72,""timestamp_ms"":9009,""score"":0.9944625496864319,""source_actor_id"":""v_c2_s5_s6::s6"",""source_score"":0.9896412491798401},{""class_code"":""c2"",""frame_index"":73,""timestamp_ms"":9134,""score"":0.9944625496864319,""source_actor_id"":""v_c2_s5_s6::s6"",""source_score"":0.9879055023193359},{""class_code"":""c2"",""frame_index"":74,""timestamp_ms"":9259,""score"":0.9944625496864319,""source_actor_id"":""v_c2_s5_s6::s6"",""source_score"":0.9879055023193359},{""class_code"":""c2"",""frame_index"":75,""timestamp_ms"":9384,""score"":0.9934899806976318,""source_actor_id"":""v_c2_s5_s6::s5"",""source_score"":0.9934899806976318}]",60,7507,s6,4,84,True,c2
v_c2_s5_s6,s6,c2,c5,c2,s6,72,9009,0.9896412491798401,0.9896412491798401,"[{""class_code"":""c2"",""frame_index"":60,""timestamp_ms"":7507,""score"":0.7785223722457886,""source_actor_id"":""v_c2_s5_s6::s5"",""source_score"":0.9194306135177612},{""class_code"":""c2"",""frame_index"":61,""timestamp_ms"":7632,""score"":0.8100189566612244,""source_actor_id"":""v_c2_s5_s6::s5"",""source_score"":0.937227725982666},{""class_code"":""c2"",""frame_index"":62,""timestamp_ms"":7757,""score"":0.8399466872215271,""source_actor_id"":""v_c2_s5_s6::s5"",""source_score"":0.9390364289283752},{""class_code"":""c2"",""frame_index"":69,""timestamp_ms"":8633,""score"":0.9840008020401001,""source_actor_id"":""v_c2_s5_s6::s6"",""source_score"":0.9840008020401001},{""class_code"":""c2"",""frame_index"":70,""timestamp_ms"":8758,""score"":0.9802139401435852,""source_actor_id"":""v_c2_s5_s6::s6"",""source_score"":0.9802139401435852},{""class_code"":""c2"",""frame_index"":71,""timestamp_ms"":8883,""score"":0.9896412491798401,""source_actor_id"":""v_c2_s5_s6::s6"",""source_score"":0.9896412491798401},{""class_code"":""c2"",""frame_index"":72,""timestamp_ms"":9009,""score"":0.9896412491798401,""source_actor_id"":""v_c2_s5_s6::s6"",""source_score"":0.9896412491798401},{""class_code"":""c2"",""frame_index"":73,""timestamp_ms"":9134,""score"":0.9879055023193359,""source_actor_id"":""v_c2_s5_s6::s6"",""source_score"":0.9879055023193359},{""class_code"":""c2"",""frame_index"":74,""timestamp_ms"":9259,""score"":0.9879055023193359,""source_actor_id"":""v_c2_s5_s6::s6"",""source_score"":0.9879055023193359},{""class_code"":""c2"",""frame_index"":75,""timestamp_ms"":9384,""score"":0.9893490076065063,""source_actor_id"":""v_c2_s5_s6::s5"",""source_score"":0.9934899806976318}]",60,7507,s6,4,84,True,c2
v_c2_s7_s8,s7,c2,c5,c2,s7,47,5880,0.9905006885528564,0.9905006885528564,"[{""class_code"":""suspicious_activity"",""frame_index"":4,""timestamp_ms"":500,""score"":0.8576499223709106,""source_actor_id"":""v_c2_s7_s8::s7"",""source_score"":null},{""class_code"":""suspicious_activity"",""frame_index"":5,""timestamp_ms"":625,""score"":0.8499922156333923,""source_actor_id"":""v_c2_s7_s8::s7"",""source_score"":null},{""class_code"":""suspicious_activity"",""frame_index"":6,""timestamp_ms"":750,""score"":0.8499922156333923,""source_actor_id"":""v_c2_s7_s8::s7"",""source_score"":null},{""class_code"":""suspicious_activity"",""frame_index"":7,""timestamp_ms"":875,""score"":0.8779004812240601,""source_actor_id"":""v_c2_s7_s8::s7"",""source_score"":null},{""class_code"":""suspicious_activity"",""frame_index"":8,""timestamp_ms"":1000,""score"":0.8762520551681519,""source_actor_id"":""v_c2_s7_s8::s7"",""source_score"":null},{""class_code"":""suspicious_activity"",""frame_index"":9,""timestamp_ms"":1126,""score"":0.8709533214569092,""source_actor_id"":""v_c2_s7_s8::s7"",""source_score"":null},{""class_code"":""suspicious_activity"",""frame_index"":10,""timestamp_ms"":1251,""score"":0.8484266400337219,""source_actor_id"":""v_c2_s7_s8::s7"",""source_score"":null},{""class_code"":""suspicious_activity"",""frame_index"":11,""timestamp_ms"":1376,""score"":0.8401815891265869,""source_actor_id"":""v_c2_s7_s8::s7"",""source_score"":null},{""class_code"":""suspicious_activity"",""frame_index"":12,""timestamp_ms"":1501,""score"":0.8401815891265869,""source_actor_id"":""v_c2_s7_s8::s7"",""source_score"":null},{""class_code"":""suspicious_activity"",""frame_index"":13,""timestamp_ms"":1626,""score"":0.839667558670044,""source_actor_id"":""v_c2_s7_s8::s7"",""source_score"":null},{""class_code"":""suspicious_activity"",""frame_index"":14,""timestamp_ms"":1751,""score"":0.8456898927688599,""source_actor_id"":""v_c2_s7_s8::s7"",""source_score"":null},{""class_code"":""suspicious_activity"",""frame_index"":15,""timestamp_ms"":1876,""score"":0.8432250618934631,""source_actor_id"":""v_c2_s7_s8::s7"",""source_score"":null},{""class_code"":""suspicious_activity"",""frame_index"":16,""timestamp_ms"":2001,""score"":0.8125076293945312,""source_actor_id"":""v_c2_s7_s8::s7"",""source_score"":null},{""class_code"":""c3"",""frame_index"":29,""timestamp_ms"":3628,""score"":0.7740634679794312,""source_actor_id"":""v_c2_s7_s8::s7"",""source_score"":null},{""class_code"":""c3"",""frame_index"":30,""timestamp_ms"":3753,""score"":0.7037743926048279,""source_actor_id"":""v_c2_s7_s8::s7"",""source_score"":null},{""class_code"":""c3"",""frame_index"":31,""timestamp_ms"":3878,""score"":0.27803200483322144,""source_actor_id"":""v_c2_s7_s8::s7"",""source_score"":null},{""class_code"":""c3"",""frame_index"":32,""timestamp_ms"":4003,""score"":0.25368279218673706,""source_actor_id"":""v_c2_s7_s8::s7"",""source_score"":null},{""class_code"":""suspicious_activity"",""frame_index"":33,""timestamp_ms"":4129,""score"":0.6813477873802185,""source_actor_id"":""v_c2_s7_s8::s7"",""source_score"":null},{""class_code"":""c3"",""frame_index"":33,""timestamp_ms"":4129,""score"":0.2722545862197876,""source_actor_id"":""v_c2_s7_s8::s7"",""source_score"":null},{""class_code"":""c2"",""frame_index"":35,""timestamp_ms"":4379,""score"":0.6926395297050476,""source_actor_id"":""v_c2_s7_s8::s7"",""source_score"":0.6926395297050476},{""class_code"":""c2"",""frame_index"":36,""timestamp_ms"":4504,""score"":0.7369438409805298,""source_actor_id"":""v_c2_s7_s8::s7"",""source_score"":0.7369438409805298},{""class_code"":""c2"",""frame_index"":37,""timestamp_ms"":4629,""score"":0.8061922192573547,""source_actor_id"":""v_c2_s7_s8::s7"",""source_score"":0.8061922192573547},{""class_code"":""c2"",""frame_index"":38,""timestamp_ms"":4754,""score"":0.8677151203155518,""source_actor_id"":""v_c2_s7_s8::s7"",""source_score"":0.8677151203155518},{""class_code"":""c2"",""frame_index"":39,""timestamp_ms"":4879,""score"":0.9789963960647583,""source_actor_id"":""v_c2_s7_s8::s8"",""source_score"":0.9905953407287598},{""class_code"":""c2"",""frame_index"":40,""timestamp_ms"":5005,""score"":0.9771275520324707,""source_actor_id"":""v_c2_s7_s8::s8"",""source_score"":0.9904066920280457},{""class_code"":""c2"",""frame_index"":41,""timestamp_ms"":5130,""score"":0.9797865152359009,""source_actor_id"":""v_c2_s7_s8::s8"",""source_score"":0.9915353059768677},{""class_code"":""c2"",""frame_index"":42,""timestamp_ms"":5255,""score"":0.9881415367126465,""source_actor_id"":""v_c2_s7_s8::s8"",""source_score"":0.9939125776290894},{""class_code"":""c2"",""frame_index"":43,""timestamp_ms"":5380,""score"":0.9876270890235901,""source_actor_id"":""v_c2_s7_s8::s8"",""source_score"":0.9939125776290894},{""class_code"":""c2"",""frame_index"":44,""timestamp_ms"":5505,""score"":0.9876270890235901,""source_actor_id"":""v_c2_s7_s8::s8"",""source_score"":0.9939125776290894},{""class_code"":""c2"",""frame_index"":45,""timestamp_ms"":5630,""score"":0.9858241081237793,""source_actor_id"":""v_c2_s7_s8::s8"",""source_score"":0.9939125776290894},{""class_code"":""c2"",""frame_index"":47,""timestamp_ms"":5880,""score"":0.9905006885528564,""source_actor_id"":""v_c2_s7_s8::s7"",""source_score"":0.9905006885528564},{""class_code"":""c2"",""frame_index"":48,""timestamp_ms"":6006,""score"":0.9902480244636536,""source_actor_id"":""v_c2_s7_s8::s7"",""source_score"":0.9902480244636536}]",4,500,s7,4,67,True,c2
v_c2_s7_s8,s8,c2,c5,c2,s7,48,6006,0.994587779045105,0.9902480244636536,"[{""class_code"":""suspicious_activity"",""frame_index"":14,""timestamp_ms"":1751,""score"":0.8810248970985413,""source_actor_id"":""v_c2_s7_s8::s8"",""source_score"":null},{""class_code"":""suspicious_activity"",""frame_index"":15,""timestamp_ms"":1876,""score"":0.8657020926475525,""source_actor_id"":""v_c2_s7_s8::s8"",""source_score"":null},{""class_code"":""suspicious_activity"",""frame_index"":16,""timestamp_ms"":2001,""score"":0.8650448322296143,""source_actor_id"":""v_c2_s7_s8::s8"",""source_score"":null},{""class_code"":""suspicious_activity"",""frame_index"":17,""timestamp_ms"":2127,""score"":0.8478835821151733,""source_actor_id"":""v_c2_s7_s8::s8"",""source_score"":null},{""class_code"":""suspicious_activity"",""frame_index"":18,""timestamp_ms"":2252,""score"":0.8478835821151733,""source_actor_id"":""v_c2_s7_s8::s8"",""source_score"":null},{""class_code"":""suspicious_activity"",""frame_index"":19,""timestamp_ms"":2377,""score"":0.8478835821151733,""source_actor_id"":""v_c2_s7_s8::s8"",""source_score"":null},{""class_code"":""suspicious_activity"",""frame_index"":20,""timestamp_ms"":2502,""score"":0.8471277356147766,""source_actor_id"":""v_c2_s7_s8::s8"",""source_score"":null},{""class_code"":""suspicious_activity"",""frame_index"":32,""timestamp_ms"":4003,""score"":0.6605968475341797,""source_actor_id"":""v_c2_s7_s8::s8"",""source_score"":null},{""class_code"":""suspicious_activity"",""frame_index"":34,""timestamp_ms"":4254,""score"":0.6706911325454712,""source_actor_id"":""v_c2_s7_s8::s8"",""source_score"":null},{""class_code"":""c2"",""frame_index"":35,""timestamp_ms"":4379,""score"":0.6016353368759155,""source_actor_id"":""v_c2_s7_s8::s7"",""source_score"":0.6926395297050476},{""class_code"":""c2"",""frame_index"":36,""timestamp_ms"":4504,""score"":0.6872450709342957,""source_actor_id"":""v_c2_s7_s8::s7"",""source_score"":0.7369438409805298},{""class_code"":""c2"",""frame_index"":37,""timestamp_ms"":4629,""score"":0.9284793734550476,""source_actor_id"":""v_c2_s7_s8::s7"",""source_score"":0.8061922192573547},{""class_code"":""c2"",""frame_index"":38,""timestamp_ms"":4754,""score"":0.943056046962738,""source_actor_id"":""v_c2_s7_s8::s7"",""source_score"":0.8677151203155518},{""class_code"":""c2"",""frame_index"":39,""timestamp_ms"":4879,""score"":0.9905953407287598,""source_actor_id"":""v_c2_s7_s8::s8"",""source_score"":0.9905953407287598},{""class_code"":""c2"",""frame_index"":40,""timestamp_ms"":5005,""score"":0.9904066920280457,""source_actor_id"":""v_c2_s7_s8::s8"",""source_score"":0.9904066920280457},{""class_code"":""c2"",""frame_index"":41,""timestamp_ms"":5130,""score"":0.9915353059768677,""source_actor_id"":""v_c2_s7_s8::s8"",""source_score"":0.9915353059768677},{""class_code"":""c2"",""frame_index"":42,""timestamp_ms"":5255,""score"":0.9939125776290894,""source_actor_id"":""v_c2_s7_s8::s8"",""source_score"":0.9939125776290894},{""class_code"":""c2"",""frame_index"":43,""timestamp_ms"":5380,""score"":0.9939125776290894,""source_actor_id"":""v_c2_s7_s8::s8"",""source_score"":0.9939125776290894},{""class_code"":""c2"",""frame_index"":44,""timestamp_ms"":5505,""score"":0.9939125776290894,""source_actor_id"":""v_c2_s7_s8::s8"",""source_score"":0.9939125776290894},{""class_code"":""c2"",""frame_index"":45,""timestamp_ms"":5630,""score"":0.9939125776290894,""source_actor_id"":""v_c2_s7_s8::s8"",""source_score"":0.9939125776290894},{""class_code"":""c2"",""frame_index"":47,""timestamp_ms"":5880,""score"":0.994587779045105,""source_actor_id"":""v_c2_s7_s8::s7"",""source_score"":0.9905006885528564},{""class_code"":""c2"",""frame_index"":48,""timestamp_ms"":6006,""score"":0.994587779045105,""source_actor_id"":""v_c2_s7_s8::s7"",""source_score"":0.9902480244636536}]",14,1751,s7,4,67,True,c2
v_c3_s1,s1,c3,c5,c3,s1,36,4504,0.9056704640388489,,"[{""class_code"":""c3"",""frame_index"":21,""timestamp_ms"":2627,""score"":0.4429812431335449,""source_actor_id"":""v_c3_s1::s1"",""source_score"":null},{""class_code"":""c3"",""frame_index"":22,""timestamp_ms"":2752,""score"":0.773824155330658,""source_actor_id"":""v_c3_s1::s1"",""source_score"":null},{""class_code"":""c3"",""frame_index"":23,""timestamp_ms"":2877,""score"":0.7677736878395081,""source_actor_id"":""v_c3_s1::s1"",""source_score"":null},{""class_code"":""c3"",""frame_index"":24,""timestamp_ms"":3003,""score"":0.7795302867889404,""source_actor_id"":""v_c3_s1::s1"",""source_score"":null},{""class_code"":""c3"",""frame_index"":25,""timestamp_ms"":3128,""score"":0.7795302867889404,""source_actor_id"":""v_c3_s1::s1"",""source_score"":null},{""class_code"":""c3"",""frame_index"":26,""timestamp_ms"":3253,""score"":0.8294525146484375,""source_actor_id"":""v_c3_s1::s1"",""source_score"":null},{""class_code"":""c3"",""frame_index"":27,""timestamp_ms"":3378,""score"":0.8369068503379822,""source_actor_id"":""v_c3_s1::s1"",""source_score"":null},{""class_code"":""c3"",""frame_index"":28,""timestamp_ms"":3503,""score"":0.8368557095527649,""source_actor_id"":""v_c3_s1::s1"",""source_score"":null},{""class_code"":""c3"",""frame_index"":29,""timestamp_ms"":3628,""score"":0.8405429124832153,""source_actor_id"":""v_c3_s1::s1"",""source_score"":null},{""class_code"":""c3"",""frame_index"":30,""timestamp_ms"":3753,""score"":0.8450488448143005,""source_actor_id"":""v_c3_s1::s1"",""source_score"":null},{""class_code"":""c3"",""frame_index"":31,""timestamp_ms"":3878,""score"":0.8450488448143005,""source_actor_id"":""v_c3_s1::s1"",""source_score"":null},{""class_code"":""c3"",""frame_index"":32,""timestamp_ms"":4003,""score"":0.8474011421203613,""source_actor_id"":""v_c3_s1::s1"",""source_score"":null},{""class_code"":""c3"",""frame_index"":33,""timestamp_ms"":4129,""score"":0.8639895915985107,""source_actor_id"":""v_c3_s1::s1"",""source_score"":null},{""class_code"":""c3"",""frame_index"":34,""timestamp_ms"":4254,""score"":0.8699157238006592,""source_actor_id"":""v_c3_s1::s1"",""source_score"":null},{""class_code"":""c3"",""frame_index"":35,""timestamp_ms"":4379,""score"":0.887708306312561,""source_actor_id"":""v_c3_s1::s1"",""source_score"":null},{""class_code"":""c3"",""frame_index"":36,""timestamp_ms"":4504,""score"":0.9056704640388489,""source_actor_id"":""v_c3_s1::s1"",""source_score"":null},{""class_code"":""c3"",""frame_index"":37,""timestamp_ms"":4629,""score"":0.8909092545509338,""source_actor_id"":""v_c3_s1::s1"",""source_score"":null},{""class_code"":""c3"",""frame_index"":38,""timestamp_ms"":4754,""score"":0.894706130027771,""source_actor_id"":""v_c3_s1::s1"",""source_score"":null},{""class_code"":""c3"",""frame_index"":39,""timestamp_ms"":4879,""score"":0.8914445042610168,""source_actor_id"":""v_c3_s1::s1"",""source_score"":null},{""class_code"":""c3"",""frame_index"":40,""timestamp_ms"":5005,""score"":0.8891624808311462,""source_actor_id"":""v_c3_s1::s1"",""source_score"":null},{""class_code"":""c3"",""frame_index"":41,""timestamp_ms"":5130,""score"":0.7987070679664612,""source_actor_id"":""v_c3_s1::s1"",""source_score"":null},{""class_code"":""c3"",""frame_index"":42,""timestamp_ms"":5255,""score"":0.7895339727401733,""source_actor_id"":""v_c3_s1::s1"",""source_score"":null},{""class_code"":""c3"",""frame_index"":43,""timestamp_ms"":5380,""score"":0.8618947863578796,""source_actor_id"":""v_c3_s1::s1"",""source_score"":null}]",21,2627,s1,4,53,True,c3
v_c3_s1,s2,c5,c5,,,,,,,[],,,,4,53,True,c5
v_c3_s2,s1,c5,c5,,,,,,,[],,,,4,54,True,c5
v_c3_s2,s2,c3,c5,,,,,,,[],,,,4,54,True,c5
v_c3_s3,s3,c3,c5,c3,s3,27,3378,0.6623952984809875,,"[{""class_code"":""c3"",""frame_index"":20,""timestamp_ms"":2502,""score"":0.37279367446899414,""source_actor_id"":""v_c3_s3::s3"",""source_score"":null},{""class_code"":""c3"",""frame_index"":21,""timestamp_ms"":2627,""score"":0.3848351836204529,""source_actor_id"":""v_c3_s3::s3"",""source_score"":null},{""class_code"":""c3"",""frame_index"":22,""timestamp_ms"":2752,""score"":0.41423192620277405,""source_actor_id"":""v_c3_s3::s3"",""source_score"":null},{""class_code"":""c3"",""frame_index"":23,""timestamp_ms"":2877,""score"":0.3922462463378906,""source_actor_id"":""v_c3_s3::s3"",""source_score"":null},{""class_code"":""c3"",""frame_index"":24,""timestamp_ms"":3003,""score"":0.5253705978393555,""source_actor_id"":""v_c3_s3::s3"",""source_score"":null},{""class_code"":""c3"",""frame_index"":25,""timestamp_ms"":3128,""score"":0.49766024947166443,""source_actor_id"":""v_c3_s3::s3"",""source_score"":null},{""class_code"":""c3"",""frame_index"":26,""timestamp_ms"":3253,""score"":0.5431951284408569,""source_actor_id"":""v_c3_s3::s3"",""source_score"":null},{""class_code"":""c3"",""frame_index"":27,""timestamp_ms"":3378,""score"":0.6623952984809875,""source_actor_id"":""v_c3_s3::s3"",""source_score"":null},{""class_code"":""c3"",""frame_index"":28,""timestamp_ms"":3503,""score"":0.6414176225662231,""source_actor_id"":""v_c3_s3::s3"",""source_score"":null},{""class_code"":""c3"",""frame_index"":29,""timestamp_ms"":3628,""score"":0.5443437099456787,""source_actor_id"":""v_c3_s3::s3"",""source_score"":null},{""class_code"":""c3"",""frame_index"":30,""timestamp_ms"":3753,""score"":0.5508538484573364,""source_actor_id"":""v_c3_s3::s3"",""source_score"":null},{""class_code"":""c3"",""frame_index"":31,""timestamp_ms"":3878,""score"":0.45647016167640686,""source_actor_id"":""v_c3_s3::s3"",""source_score"":null},{""class_code"":""c3"",""frame_index"":32,""timestamp_ms"":4003,""score"":0.4330771267414093,""source_actor_id"":""v_c3_s3::s3"",""source_score"":null}]",20,2502,s3,4,67,True,c3
v_c3_s3,s4,c5,c5,,,,,,,[],,,,4,67,True,c5
v_c3_s4,s3,c5,suspicious_activity,suspicious_activity,s3,79,9884,0.8960458040237427,,"[{""class_code"":""suspicious_activity"",""frame_index"":45,""timestamp_ms"":5630,""score"":0.717307448387146,""source_actor_id"":""v_c3_s4::s3"",""source_score"":null},{""class_code"":""suspicious_activity"",""frame_index"":46,""timestamp_ms"":5755,""score"":0.713432252407074,""source_actor_id"":""v_c3_s4::s3"",""source_score"":null},{""class_code"":""suspicious_activity"",""frame_index"":47,""timestamp_ms"":5880,""score"":0.713432252407074,""source_actor_id"":""v_c3_s4::s3"",""source_score"":null},{""class_code"":""suspicious_activity"",""frame_index"":56,""timestamp_ms"":7007,""score"":0.7191191911697388,""source_actor_id"":""v_c3_s4::s3"",""source_score"":null},{""class_code"":""suspicious_activity"",""frame_index"":57,""timestamp_ms"":7132,""score"":0.6969585418701172,""source_actor_id"":""v_c3_s4::s3"",""source_score"":null},{""class_code"":""suspicious_activity"",""frame_index"":58,""timestamp_ms"":7257,""score"":0.8657435178756714,""source_actor_id"":""v_c3_s4::s3"",""source_score"":null},{""class_code"":""suspicious_activity"",""frame_index"":59,""timestamp_ms"":7382,""score"":0.8590094447135925,""source_actor_id"":""v_c3_s4::s3"",""source_score"":null},{""class_code"":""suspicious_activity"",""frame_index"":60,""timestamp_ms"":7507,""score"":0.8466477394104004,""source_actor_id"":""v_c3_s4::s3"",""source_score"":null},{""class_code"":""suspicious_activity"",""frame_index"":61,""timestamp_ms"":7632,""score"":0.8289002180099487,""source_actor_id"":""v_c3_s4::s3"",""source_score"":null},{""class_code"":""suspicious_activity"",""frame_index"":62,""timestamp_ms"":7757,""score"":0.8153380751609802,""source_actor_id"":""v_c3_s4::s3"",""source_score"":null},{""class_code"":""suspicious_activity"",""frame_index"":63,""timestamp_ms"":7882,""score"":0.8153380751609802,""source_actor_id"":""v_c3_s4::s3"",""source_score"":null},{""class_code"":""suspicious_activity"",""frame_index"":64,""timestamp_ms"":8007,""score"":0.8153380751609802,""source_actor_id"":""v_c3_s4::s3"",""source_score"":null},{""class_code"":""suspicious_activity"",""frame_index"":65,""timestamp_ms"":8133,""score"":0.8153380751609802,""source_actor_id"":""v_c3_s4::s3"",""source_score"":null},{""class_code"":""suspicious_activity"",""frame_index"":66,""timestamp_ms"":8258,""score"":0.8091544508934021,""source_actor_id"":""v_c3_s4::s3"",""source_score"":null},{""class_code"":""suspicious_activity"",""frame_index"":67,""timestamp_ms"":8383,""score"":0.8044418096542358,""source_actor_id"":""v_c3_s4::s3"",""source_score"":null},{""class_code"":""suspicious_activity"",""frame_index"":68,""timestamp_ms"":8508,""score"":0.8272708058357239,""source_actor_id"":""v_c3_s4::s3"",""source_score"":null},{""class_code"":""suspicious_activity"",""frame_index"":69,""timestamp_ms"":8633,""score"":0.8272708058357239,""source_actor_id"":""v_c3_s4::s3"",""source_score"":null},{""class_code"":""suspicious_activity"",""frame_index"":70,""timestamp_ms"":8758,""score"":0.8529243469238281,""source_actor_id"":""v_c3_s4::s3"",""source_score"":null},{""class_code"":""suspicious_activity"",""frame_index"":71,""timestamp_ms"":8883,""score"":0.870787501335144,""source_actor_id"":""v_c3_s4::s3"",""source_score"":null},{""class_code"":""suspicious_activity"",""frame_index"":72,""timestamp_ms"":9009,""score"":0.870787501335144,""source_actor_id"":""v_c3_s4::s3"",""source_score"":null},{""class_code"":""suspicious_activity"",""frame_index"":73,""timestamp_ms"":9134,""score"":0.8792435526847839,""source_actor_id"":""v_c3_s4::s3"",""source_score"":null},{""class_code"":""suspicious_activity"",""frame_index"":74,""timestamp_ms"":9259,""score"":0.8792435526847839,""source_actor_id"":""v_c3_s4::s3"",""source_score"":null},{""class_code"":""suspicious_activity"",""frame_index"":75,""timestamp_ms"":9384,""score"":0.892535388469696,""source_actor_id"":""v_c3_s4::s3"",""source_score"":null},{""class_code"":""suspicious_activity"",""frame_index"":76,""timestamp_ms"":9509,""score"":0.8955641388893127,""source_actor_id"":""v_c3_s4::s3"",""source_score"":null},{""class_code"":""suspicious_activity"",""frame_index"":77,""timestamp_ms"":9634,""score"":0.8929131031036377,""source_actor_id"":""v_c3_s4::s3"",""source_score"":null},{""class_code"":""suspicious_activity"",""frame_index"":78,""timestamp_ms"":9759,""score"":0.883020281791687,""source_actor_id"":""v_c3_s4::s3"",""source_score"":null},{""class_code"":""suspicious_activity"",""frame_index"":79,""timestamp_ms"":9884,""score"":0.8960458040237427,""source_actor_id"":""v_c3_s4::s3"",""source_score"":null},{""class_code"":""suspicious_activity"",""frame_index"":80,""timestamp_ms"":10010,""score"":0.8802605271339417,""source_actor_id"":""v_c3_s4::s3"",""source_score"":null}]",45,5630,s3,4,77,True,suspicious_activity
v_c3_s4,s4,c3,c5,c3,s4,23,2877,0.9829730987548828,,"[{""class_code"":""c3"",""frame_index"":19,""timestamp_ms"":2377,""score"":0.9788342118263245,""source_actor_id"":""v_c3_s4::s4"",""source_score"":null},{""class_code"":""c3"",""frame_index"":20,""timestamp_ms"":2502,""score"":0.9788342118263245,""source_actor_id"":""v_c3_s4::s4"",""source_score"":null},{""class_code"":""c3"",""frame_index"":21,""timestamp_ms"":2627,""score"":0.9818210005760193,""source_actor_id"":""v_c3_s4::s4"",""source_score"":null},{""class_code"":""c3"",""frame_index"":22,""timestamp_ms"":2752,""score"":0.9799187183380127,""source_actor_id"":""v_c3_s4::s4"",""source_score"":null},{""class_code"":""c3"",""frame_index"":23,""timestamp_ms"":2877,""score"":0.9829730987548828,""source_actor_id"":""v_c3_s4::s4"",""source_score"":null},{""class_code"":""c3"",""frame_index"":24,""timestamp_ms"":3003,""score"":0.9828316569328308,""source_actor_id"":""v_c3_s4::s4"",""source_score"":null},{""class_code"":""suspicious_activity"",""frame_index"":37,""timestamp_ms"":4629,""score"":0.6728734970092773,""source_actor_id"":""v_c3_s4::s4"",""source_score"":null},{""class_code"":""suspicious_activity"",""frame_index"":38,""timestamp_ms"":4754,""score"":0.6951761841773987,""source_actor_id"":""v_c3_s4::s4"",""source_score"":null},{""class_code"":""suspicious_activity"",""frame_index"":39,""timestamp_ms"":4879,""score"":0.6951761841773987,""source_actor_id"":""v_c3_s4::s4"",""source_score"":null},{""class_code"":""suspicious_activity"",""frame_index"":40,""timestamp_ms"":5005,""score"":0.6951761841773987,""source_actor_id"":""v_c3_s4::s4"",""source_score"":null},{""class_code"":""suspicious_activity"",""frame_index"":41,""timestamp_ms"":5130,""score"":0.6951761841773987,""source_actor_id"":""v_c3_s4::s4"",""source_score"":null},{""class_code"":""suspicious_activity"",""frame_index"":42,""timestamp_ms"":5255,""score"":0.6948431730270386,""source_actor_id"":""v_c3_s4::s4"",""source_score"":null},{""class_code"":""suspicious_activity"",""frame_index"":43,""timestamp_ms"":5380,""score"":0.6857144832611084,""source_actor_id"":""v_c3_s4::s4"",""source_score"":null},{""class_code"":""suspicious_activity"",""frame_index"":44,""timestamp_ms"":5505,""score"":0.7409738302230835,""source_actor_id"":""v_c3_s4::s4"",""source_score"":null},{""class_code"":""suspicious_activity"",""frame_index"":45,""timestamp_ms"":5630,""score"":0.7343037128448486,""source_actor_id"":""v_c3_s4::s4"",""source_score"":null},{""class_code"":""suspicious_activity"",""frame_index"":46,""timestamp_ms"":5755,""score"":0.6682512760162354,""source_actor_id"":""v_c3_s4::s4"",""source_score"":null},{""class_code"":""suspicious_activity"",""frame_index"":47,""timestamp_ms"":5880,""score"":0.7299984693527222,""source_actor_id"":""v_c3_s4::s4"",""source_score"":null},{""class_code"":""suspicious_activity"",""frame_index"":48,""timestamp_ms"":6006,""score"":0.7599790692329407,""source_actor_id"":""v_c3_s4::s4"",""source_score"":null},{""class_code"":""suspicious_activity"",""frame_index"":49,""timestamp_ms"":6131,""score"":0.7943713665008545,""source_actor_id"":""v_c3_s4::s4"",""source_score"":null},{""class_code"":""suspicious_activity"",""frame_index"":50,""timestamp_ms"":6256,""score"":0.7880445122718811,""source_actor_id"":""v_c3_s4::s4"",""source_score"":null},{""class_code"":""suspicious_activity"",""frame_index"":51,""timestamp_ms"":6381,""score"":0.9169201254844666,""source_actor_id"":""v_c3_s4::s4"",""source_score"":null},{""class_code"":""suspicious_activity"",""frame_index"":52,""timestamp_ms"":6506,""score"":0.8648943901062012,""source_actor_id"":""v_c3_s4::s4"",""source_score"":null},{""class_code"":""suspicious_activity"",""frame_index"":53,""timestamp_ms"":6631,""score"":0.8822749257087708,""source_actor_id"":""v_c3_s4::s4"",""source_score"":null},{""class_code"":""suspicious_activity"",""frame_index"":54,""timestamp_ms"":6756,""score"":0.8980109691619873,""source_actor_id"":""v_c3_s4::s4"",""source_score"":null},{""class_code"":""suspicious_activity"",""frame_index"":55,""timestamp_ms"":6881,""score"":0.8788074254989624,""source_actor_id"":""v_c3_s4::s4"",""source_score"":null},{""class_code"":""suspicious_activity"",""frame_index"":56,""timestamp_ms"":7007,""score"":0.8788074254989624,""source_actor_id"":""v_c3_s4::s4"",""source_score"":null},{""class_code"":""suspicious_activity"",""frame_index"":57,""timestamp_ms"":7132,""score"":0.73665452003479,""source_actor_id"":""v_c3_s4::s4"",""source_score"":null},{""class_code"":""suspicious_activity"",""frame_index"":58,""timestamp_ms"":7257,""score"":0.6700813174247742,""source_actor_id"":""v_c3_s4::s4"",""source_score"":null},{""class_code"":""suspicious_activity"",""frame_index"":59,""timestamp_ms"":7382,""score"":0.7165128588676453,""source_actor_id"":""v_c3_s4::s4"",""source_score"":null},{""class_code"":""suspicious_activity"",""frame_index"":60,""timestamp_ms"":7507,""score"":0.7165128588676453,""source_actor_id"":""v_c3_s4::s4"",""source_score"":null},{""class_code"":""suspicious_activity"",""frame_index"":61,""timestamp_ms"":7632,""score"":0.7203913331031799,""source_actor_id"":""v_c3_s4::s4"",""source_score"":null},{""class_code"":""suspicious_activity"",""frame_index"":62,""timestamp_ms"":7757,""score"":0.693942129611969,""source_actor_id"":""v_c3_s4::s4"",""source_score"":null},{""class_code"":""c3"",""frame_index"":69,""timestamp_ms"":8633,""score"":0.789552628993988,""source_actor_id"":""v_c3_s4::s4"",""source_score"":null},{""class_code"":""c3"",""frame_index"":70,""timestamp_ms"":8758,""score"":0.9194348454475403,""source_actor_id"":""v_c3_s4::s4"",""source_score"":null},{""class_code"":""c3"",""frame_index"":71,""timestamp_ms"":8883,""score"":0.9234110713005066,""source_actor_id"":""v_c3_s4::s4"",""source_score"":null},{""class_code"":""c3"",""frame_index"":72,""timestamp_ms"":9009,""score"":0.9120628833770752,""source_actor_id"":""v_c3_s4::s4"",""source_score"":null},{""class_code"":""c3"",""frame_index"":73,""timestamp_ms"":9134,""score"":0.9293821454048157,""source_actor_id"":""v_c3_s4::s4"",""source_score"":null},{""class_code"":""c3"",""frame_index"":74,""timestamp_ms"":9259,""score"":0.9365116357803345,""source_actor_id"":""v_c3_s4::s4"",""source_score"":null}]",19,2377,s4,4,77,True,c3
v_c3_s5,s5,c3,c5,c3,s5,22,2752,0.9828753471374512,,"[{""class_code"":""c3"",""frame_index"":13,""timestamp_ms"":1626,""score"":0.9713455438613892,""source_actor_id"":""v_c3_s5::s5"",""source_score"":null},{""class_code"":""c3"",""frame_index"":14,""timestamp_ms"":1751,""score"":0.9730111956596375,""source_actor_id"":""v_c3_s5::s5"",""source_score"":null},{""class_code"":""c3"",""frame_index"":15,""timestamp_ms"":1876,""score"":0.9708758592605591,""source_actor_id"":""v_c3_s5::s5"",""source_score"":null},{""class_code"":""c3"",""frame_index"":16,""timestamp_ms"":2001,""score"":0.971459150314331,""source_actor_id"":""v_c3_s5::s5"",""source_score"":null},{""class_code"":""c3"",""frame_index"":17,""timestamp_ms"":2127,""score"":0.9773597121238708,""source_actor_id"":""v_c3_s5::s5"",""source_score"":null},{""class_code"":""c3"",""frame_index"":18,""timestamp_ms"":2252,""score"":0.9773597121238708,""source_actor_id"":""v_c3_s5::s5"",""source_score"":null},{""class_code"":""c3"",""frame_index"":19,""timestamp_ms"":2377,""score"":0.98114013671875,""source_actor_id"":""v_c3_s5::s5"",""source_score"":null},{""class_code"":""c3"",""frame_index"":20,""timestamp_ms"":2502,""score"":0.98114013671875,""source_actor_id"":""v_c3_s5::s5"",""source_score"":null},{""class_code"":""c3"",""frame_index"":21,""timestamp_ms"":2627,""score"":0.9806252717971802,""source_actor_id"":""v_c3_s5::s5"",""source_score"":null},{""class_code"":""c3"",""frame_index"":22,""timestamp_ms"":2752,""score"":0.9828753471374512,""source_actor_id"":""v_c3_s5::s5"",""source_score"":null},{""class_code"":""c3"",""frame_index"":23,""timestamp_ms"":2877,""score"":0.936312198638916,""source_actor_id"":""v_c3_s5::s5"",""source_score"":null},{""class_code"":""c3"",""frame_index"":24,""timestamp_ms"":3003,""score"":0.936312198638916,""source_actor_id"":""v_c3_s5::s5"",""source_score"":null},{""class_code"":""c3"",""frame_index"":25,""timestamp_ms"":3128,""score"":0.9187526702880859,""source_actor_id"":""v_c3_s5::s5"",""source_score"":null},{""class_code"":""c3"",""frame_index"":26,""timestamp_ms"":3253,""score"":0.8997132778167725,""source_actor_id"":""v_c3_s5::s5"",""source_score"":null},{""class_code"":""c3"",""frame_index"":27,""timestamp_ms"":3378,""score"":0.9006126523017883,""source_actor_id"":""v_c3_s5::s5"",""source_score"":null},{""class_code"":""c3"",""frame_index"":28,""timestamp_ms"":3503,""score"":0.847621738910675,""source_actor_id"":""v_c3_s5::s5"",""source_score"":null},{""class_code"":""c3"",""frame_index"":59,""timestamp_ms"":7382,""score"":0.6524748802185059,""source_actor_id"":""v_c3_s5::s5"",""source_score"":null},{""class_code"":""c3"",""frame_index"":60,""timestamp_ms"":7507,""score"":0.9457685947418213,""source_actor_id"":""v_c3_s5::s5"",""source_score"":null},{""class_code"":""c3"",""frame_index"":61,""timestamp_ms"":7632,""score"":0.9540883302688599,""source_actor_id"":""v_c3_s5::s5"",""source_score"":null},{""class_code"":""c3"",""frame_index"":62,""timestamp_ms"":7757,""score"":0.9742531776428223,""source_actor_id"":""v_c3_s5::s5"",""source_score"":null},{""class_code"":""c3"",""frame_index"":63,""timestamp_ms"":7882,""score"":0.9692019820213318,""source_actor_id"":""v_c3_s5::s5"",""source_score"":null},{""class_code"":""c3"",""frame_index"":64,""timestamp_ms"":8007,""score"":0.9692019820213318,""source_actor_id"":""v_c3_s5::s5"",""source_score"":null},{""class_code"":""c3"",""frame_index"":65,""timestamp_ms"":8133,""score"":0.9692019820213318,""source_actor_id"":""v_c3_s5::s5"",""source_score"":null},{""class_code"":""c3"",""frame_index"":66,""timestamp_ms"":8258,""score"":0.9620928764343262,""source_actor_id"":""v_c3_s5::s5"",""source_score"":null},{""class_code"":""c3"",""frame_index"":67,""timestamp_ms"":8383,""score"":0.9575812220573425,""source_actor_id"":""v_c3_s5::s5"",""source_score"":null},{""class_code"":""c3"",""frame_index"":68,""timestamp_ms"":8508,""score"":0.9646991491317749,""source_actor_id"":""v_c3_s5::s5"",""source_score"":null},{""class_code"":""c3"",""frame_index"":69,""timestamp_ms"":8633,""score"":0.955484926700592,""source_actor_id"":""v_c3_s5::s5"",""source_score"":null},{""class_code"":""c3"",""frame_index"":70,""timestamp_ms"":8758,""score"":0.9597889184951782,""source_actor_id"":""v_c3_s5::s5"",""source_score"":null},{""class_code"":""c3"",""frame_index"":71,""timestamp_ms"":8883,""score"":0.9585935473442078,""source_actor_id"":""v_c3_s5::s5"",""source_score"":null},{""class_code"":""c3"",""frame_index"":72,""timestamp_ms"":9009,""score"":0.9585935473442078,""source_actor_id"":""v_c3_s5::s5"",""source_score"":null}]",13,1626,s5,4,73,True,c3
v_c3_s5,s6,c5,c5,,,,,,,[],,,,4,73,True,c5
v_c3_s6,s5,c5,c5,,,,,,,[],,,,4,79,True,c5
v_c3_s6,s6,c3,c5,c3,s6,50,6256,0.9589068293571472,,"[{""class_code"":""c3"",""frame_index"":17,""timestamp_ms"":2127,""score"":0.8397955894470215,""source_actor_id"":""v_c3_s6::s6"",""source_score"":null},{""class_code"":""c3"",""frame_index"":18,""timestamp_ms"":2252,""score"":0.7935183644294739,""source_actor_id"":""v_c3_s6::s6"",""source_score"":null},{""class_code"":""c3"",""frame_index"":19,""timestamp_ms"":2377,""score"":0.7923723459243774,""source_actor_id"":""v_c3_s6::s6"",""source_score"":null},{""class_code"":""c3"",""frame_index"":20,""timestamp_ms"":2502,""score"":0.738838791847229,""source_actor_id"":""v_c3_s6::s6"",""source_score"":null},{""class_code"":""c3"",""frame_index"":21,""timestamp_ms"":2627,""score"":0.7104212045669556,""source_actor_id"":""v_c3_s6::s6"",""source_score"":null},{""class_code"":""c3"",""frame_index"":23,""timestamp_ms"":2877,""score"":0.7104212045669556,""source_actor_id"":""v_c3_s6::s6"",""source_score"":null},{""class_code"":""suspicious_activity"",""frame_index"":24,""timestamp_ms"":3003,""score"":0.6634783744812012,""source_actor_id"":""v_c3_s6::s6"",""source_score"":null},{""class_code"":""c3"",""frame_index"":24,""timestamp_ms"":3003,""score"":0.7061735391616821,""source_actor_id"":""v_c3_s6::s6"",""source_score"":null},{""class_code"":""suspicious_activity"",""frame_index"":25,""timestamp_ms"":3128,""score"":0.6610195636749268,""source_actor_id"":""v_c3_s6::s6"",""source_score"":null},{""class_code"":""c3"",""frame_index"":25,""timestamp_ms"":3128,""score"":0.8317774534225464,""source_actor_id"":""v_c3_s6::s6"",""source_score"":null},{""class_code"":""c3"",""frame_index"":26,""timestamp_ms"":3253,""score"":0.8214649558067322,""source_actor_id"":""v_c3_s6::s6"",""source_score"":null},{""class_code"":""c3"",""frame_index"":27,""timestamp_ms"":3378,""score"":0.7609636783599854,""source_actor_id"":""v_c3_s6::s6"",""source_score"":null},{""class_code"":""c3"",""frame_index"":28,""timestamp_ms"":3503,""score"":0.7609636783599854,""source_actor_id"":""v_c3_s6::s6"",""source_score"":null},{""class_code"":""c3"",""frame_index"":29,""timestamp_ms"":3628,""score"":0.8165735006332397,""source_actor_id"":""v_c3_s6::s6"",""source_score"":null},{""class_code"":""c3"",""frame_index"":30,""timestamp_ms"":3753,""score"":0.8242841362953186,""source_actor_id"":""v_c3_s6::s6"",""source_score"":null},{""class_code"":""c3"",""frame_index"":31,""timestamp_ms"":3878,""score"":0.8242841362953186,""source_actor_id"":""v_c3_s6::s6"",""source_score"":null},{""class_code"":""c3"",""frame_index"":32,""timestamp_ms"":4003,""score"":0.8306354880332947,""source_actor_id"":""v_c3_s6::s6"",""source_score"":null},{""class_code"":""c3"",""frame_index"":33,""timestamp_ms"":4129,""score"":0.8233086466789246,""source_actor_id"":""v_c3_s6::s6"",""source_score"":null},{""class_code"":""c3"",""frame_index"":34,""timestamp_ms"":4254,""score"":0.8170446753501892,""source_actor_id"":""v_c3_s6::s6"",""source_score"":null},{""class_code"":""c3"",""frame_index"":35,""timestamp_ms"":4379,""score"":0.8170446753501892,""source_actor_id"":""v_c3_s6::s6"",""source_score"":null},{""class_code"":""c3"",""frame_index"":36,""timestamp_ms"":4504,""score"":0.8561259508132935,""source_actor_id"":""v_c3_s6::s6"",""source_score"":null},{""class_code"":""c3"",""frame_index"":50,""timestamp_ms"":6256,""score"":0.9589068293571472,""source_actor_id"":""v_c3_s6::s6"",""source_score"":null},{""class_code"":""c3"",""frame_index"":51,""timestamp_ms"":6381,""score"":0.9572328925132751,""source_actor_id"":""v_c3_s6::s6"",""source_score"":null},{""class_code"":""c3"",""frame_index"":52,""timestamp_ms"":6506,""score"":0.9572328925132751,""source_actor_id"":""v_c3_s6::s6"",""source_score"":null},{""class_code"":""c3"",""frame_index"":53,""timestamp_ms"":6631,""score"":0.9572328925132751,""source_actor_id"":""v_c3_s6::s6"",""source_score"":null},{""class_code"":""c3"",""frame_index"":54,""timestamp_ms"":6756,""score"":0.9572328925132751,""source_actor_id"":""v_c3_s6::s6"",""source_score"":null},{""class_code"":""c3"",""frame_index"":55,""timestamp_ms"":6881,""score"":0.9536082148551941,""source_actor_id"":""v_c3_s6::s6"",""source_score"":null},{""class_code"":""c3"",""frame_index"":57,""timestamp_ms"":7132,""score"":0.9574260711669922,""source_actor_id"":""v_c3_s6::s6"",""source_score"":null},{""class_code"":""c3"",""frame_index"":58,""timestamp_ms"":7257,""score"":0.9503276944160461,""source_actor_id"":""v_c3_s6::s6"",""source_score"":null},{""class_code"":""c3"",""frame_index"":59,""timestamp_ms"":7382,""score"":0.9503276944160461,""source_actor_id"":""v_c3_s6::s6"",""source_score"":null},{""class_code"":""c3"",""frame_index"":60,""timestamp_ms"":7507,""score"":0.9536573886871338,""source_actor_id"":""v_c3_s6::s6"",""source_score"":null},{""class_code"":""c3"",""frame_index"":61,""timestamp_ms"":7632,""score"":0.947931706905365,""source_actor_id"":""v_c3_s6::s6"",""source_score"":null},{""class_code"":""c3"",""frame_index"":62,""timestamp_ms"":7757,""score"":0.947931706905365,""source_actor_id"":""v_c3_s6::s6"",""source_score"":null},{""class_code"":""c3"",""frame_index"":63,""timestamp_ms"":7882,""score"":0.9502676129341125,""source_actor_id"":""v_c3_s6::s6"",""source_score"":null},{""class_code"":""c3"",""frame_index"":64,""timestamp_ms"":8007,""score"":0.9431686401367188,""source_actor_id"":""v_c3_s6::s6"",""source_score"":null},{""class_code"":""c3"",""frame_index"":65,""timestamp_ms"":8133,""score"":0.9455068707466125,""source_actor_id"":""v_c3_s6::s6"",""source_score"":null},{""class_code"":""c3"",""frame_index"":66,""timestamp_ms"":8258,""score"":0.9455068707466125,""source_actor_id"":""v_c3_s6::s6"",""source_score"":null},{""class_code"":""c3"",""frame_index"":67,""timestamp_ms"":8383,""score"":0.9455068707466125,""source_actor_id"":""v_c3_s6::s6"",""source_score"":null},{""class_code"":""c3"",""frame_index"":68,""timestamp_ms"":8508,""score"":0.9462038278579712,""source_actor_id"":""v_c3_s6::s6"",""source_score"":null},{""class_code"":""c3"",""frame_index"":69,""timestamp_ms"":8633,""score"":0.9562194347381592,""source_actor_id"":""v_c3_s6::s6"",""source_score"":null},{""class_code"":""c3"",""frame_index"":70,""timestamp_ms"":8758,""score"":0.9562194347381592,""source_actor_id"":""v_c3_s6::s6"",""source_score"":null},{""class_code"":""c3"",""frame_index"":71,""timestamp_ms"":8883,""score"":0.9484686851501465,""source_actor_id"":""v_c3_s6::s6"",""source_score"":null},{""class_code"":""c3"",""frame_index"":72,""timestamp_ms"":9009,""score"":0.947117805480957,""source_actor_id"":""v_c3_s6::s6"",""source_score"":null},{""class_code"":""c3"",""frame_index"":73,""timestamp_ms"":9134,""score"":0.9582470655441284,""source_actor_id"":""v_c3_s6::s6"",""source_score"":null},{""class_code"":""c3"",""frame_index"":74,""timestamp_ms"":9259,""score"":0.958767294883728,""source_actor_id"":""v_c3_s6::s6"",""source_score"":null},{""class_code"":""c3"",""frame_index"":75,""timestamp_ms"":9384,""score"":0.8904227018356323,""source_actor_id"":""v_c3_s6::s6"",""source_score"":null},{""class_code"":""c3"",""frame_index"":76,""timestamp_ms"":9509,""score"":0.7196428775787354,""source_actor_id"":""v_c3_s6::s6"",""source_score"":null},{""class_code"":""suspicious_activity"",""frame_index"":77,""timestamp_ms"":9634,""score"":0.670314371585846,""source_actor_id"":""v_c3_s6::s6"",""source_score"":null},{""class_code"":""c3"",""frame_index"":77,""timestamp_ms"":9634,""score"":0.5250016450881958,""source_actor_id"":""v_c3_s6::s6"",""source_score"":null},{""class_code"":""suspicious_activity"",""frame_index"":78,""timestamp_ms"":9759,""score"":0.6858568787574768,""source_actor_id"":""v_c3_s6::s6"",""source_score"":null},{""class_code"":""c3"",""frame_index"":78,""timestamp_ms"":9759,""score"":0.34905707836151123,""source_actor_id"":""v_c3_s6::s6"",""source_score"":null},{""class_code"":""suspicious_activity"",""frame_index"":79,""timestamp_ms"":9884,""score"":0.7039226293563843,""source_actor_id"":""v_c3_s6::s6"",""source_score"":null},{""class_code"":""c3"",""frame_index"":79,""timestamp_ms"":9884,""score"":0.2933943271636963,""source_actor_id"":""v_c3_s6::s6"",""source_score"":null},{""class_code"":""suspicious_activity"",""frame_index"":80,""timestamp_ms"":10010,""score"":0.718047559261322,""source_actor_id"":""v_c3_s6::s6"",""source_score"":null}]",17,2127,s6,4,79,True,c3
v_c3_s7,s7,c3,c5,c3,s7,37,4629,0.9882331490516663,,"[{""class_code"":""c3"",""frame_index"":19,""timestamp_ms"":2377,""score"":0.668525755405426,""source_actor_id"":""v_c3_s7::s7"",""source_score"":null},{""class_code"":""c3"",""frame_index"":20,""timestamp_ms"":2502,""score"":0.7026851773262024,""source_actor_id"":""v_c3_s7::s7"",""source_score"":null},{""class_code"":""c3"",""frame_index"":21,""timestamp_ms"":2627,""score"":0.8209905624389648,""source_actor_id"":""v_c3_s7::s7"",""source_score"":null},{""class_code"":""c3"",""frame_index"":22,""timestamp_ms"":2752,""score"":0.8340487480163574,""source_actor_id"":""v_c3_s7::s7"",""source_score"":null},{""class_code"":""c3"",""frame_index"":23,""timestamp_ms"":2877,""score"":0.8866458535194397,""source_actor_id"":""v_c3_s7::s7"",""source_score"":null},{""class_code"":""c3"",""frame_index"":24,""timestamp_ms"":3003,""score"":0.8929086327552795,""source_actor_id"":""v_c3_s7::s7"",""source_score"":null},{""class_code"":""c3"",""frame_index"":25,""timestamp_ms"":3128,""score"":0.9170882701873779,""source_actor_id"":""v_c3_s7::s7"",""source_score"":null},{""class_code"":""c3"",""frame_index"":26,""timestamp_ms"":3253,""score"":0.922115683555603,""source_actor_id"":""v_c3_s7::s7"",""source_score"":null},{""class_code"":""c3"",""frame_index"":27,""timestamp_ms"":3378,""score"":0.922115683555603,""source_actor_id"":""v_c3_s7::s7"",""source_score"":null},{""class_code"":""c3"",""frame_index"":28,""timestamp_ms"":3503,""score"":0.922115683555603,""source_actor_id"":""v_c3_s7::s7"",""source_score"":null},{""class_code"":""c3"",""frame_index"":29,""timestamp_ms"":3628,""score"":0.9270581603050232,""source_actor_id"":""v_c3_s7::s7"",""source_score"":null},{""class_code"":""c3"",""frame_index"":30,""timestamp_ms"":3753,""score"":0.9400752186775208,""source_actor_id"":""v_c3_s7::s7"",""source_score"":null},{""class_code"":""c3"",""frame_index"":31,""timestamp_ms"":3878,""score"":0.9435825943946838,""source_actor_id"":""v_c3_s7::s7"",""source_score"":null},{""class_code"":""c3"",""frame_index"":32,""timestamp_ms"":4003,""score"":0.9260731935501099,""source_actor_id"":""v_c3_s7::s7"",""source_score"":null},{""class_code"":""c3"",""frame_index"":33,""timestamp_ms"":4129,""score"":0.957387387752533,""source_actor_id"":""v_c3_s7::s7"",""source_score"":null},{""class_code"":""c3"",""frame_index"":34,""timestamp_ms"":4254,""score"":0.957387387752533,""source_actor_id"":""v_c3_s7::s7"",""source_score"":null},{""class_code"":""c3"",""frame_index"":35,""timestamp_ms"":4379,""score"":0.9591490030288696,""source_actor_id"":""v_c3_s7::s7"",""source_score"":null},{""class_code"":""c3"",""frame_index"":36,""timestamp_ms"":4504,""score"":0.9586160182952881,""source_actor_id"":""v_c3_s7::s7"",""source_score"":null},{""class_code"":""c3"",""frame_index"":37,""timestamp_ms"":4629,""score"":0.9882331490516663,""source_actor_id"":""v_c3_s7::s7"",""source_score"":null},{""class_code"":""c3"",""frame_index"":50,""timestamp_ms"":6256,""score"":0.9819860458374023,""source_actor_id"":""v_c3_s7::s7"",""source_score"":null},{""class_code"":""c3"",""frame_index"":51,""timestamp_ms"":6381,""score"":0.9824679493904114,""source_actor_id"":""v_c3_s7::s7"",""source_score"":null},{""class_code"":""c3"",""frame_index"":52,""timestamp_ms"":6506,""score"":0.9824679493904114,""source_actor_id"":""v_c3_s7::s7"",""source_score"":null},{""class_code"":""c3"",""frame_index"":53,""timestamp_ms"":6631,""score"":0.9819860458374023,""source_actor_id"":""v_c3_s7::s7"",""source_score"":null},{""class_code"":""c3"",""frame_index"":54,""timestamp_ms"":6756,""score"":0.9819860458374023,""source_actor_id"":""v_c3_s7::s7"",""source_score"":null},{""class_code"":""c3"",""frame_index"":55,""timestamp_ms"":6881,""score"":0.9822142720222473,""source_actor_id"":""v_c3_s7::s7"",""source_score"":null},{""class_code"":""c3"",""frame_index"":56,""timestamp_ms"":7007,""score"":0.9815815687179565,""source_actor_id"":""v_c3_s7::s7"",""source_score"":null},{""class_code"":""c3"",""frame_index"":57,""timestamp_ms"":7132,""score"":0.9815815687179565,""source_actor_id"":""v_c3_s7::s7"",""source_score"":null},{""class_code"":""c3"",""frame_index"":58,""timestamp_ms"":7257,""score"":0.9815815687179565,""source_actor_id"":""v_c3_s7::s7"",""source_score"":null},{""class_code"":""c3"",""frame_index"":59,""timestamp_ms"":7382,""score"":0.9815815687179565,""source_actor_id"":""v_c3_s7::s7"",""source_score"":null},{""class_code"":""c3"",""frame_index"":60,""timestamp_ms"":7507,""score"":0.9815815687179565,""source_actor_id"":""v_c3_s7::s7"",""source_score"":null},{""class_code"":""c3"",""frame_index"":61,""timestamp_ms"":7632,""score"":0.9841099381446838,""source_actor_id"":""v_c3_s7::s7"",""source_score"":null},{""class_code"":""c3"",""frame_index"":62,""timestamp_ms"":7757,""score"":0.9658456444740295,""source_actor_id"":""v_c3_s7::s7"",""source_score"":null},{""class_code"":""c3"",""frame_index"":63,""timestamp_ms"":7882,""score"":0.9681737422943115,""source_actor_id"":""v_c3_s7::s7"",""source_score"":null},{""class_code"":""c3"",""frame_index"":64,""timestamp_ms"":8007,""score"":0.9674266576766968,""source_actor_id"":""v_c3_s7::s7"",""source_score"":null},{""class_code"":""c3"",""frame_index"":65,""timestamp_ms"":8133,""score"":0.9767106175422668,""source_actor_id"":""v_c3_s7::s7"",""source_score"":null},{""class_code"":""c3"",""frame_index"":66,""timestamp_ms"":8258,""score"":0.9681737422943115,""source_actor_id"":""v_c3_s7::s7"",""source_score"":null},{""class_code"":""c3"",""frame_index"":67,""timestamp_ms"":8383,""score"":0.9681737422943115,""source_actor_id"":""v_c3_s7::s7"",""source_score"":null},{""class_code"":""c3"",""frame_index"":68,""timestamp_ms"":8508,""score"":0.9681737422943115,""source_actor_id"":""v_c3_s7::s7"",""source_score"":null},{""class_code"":""c3"",""frame_index"":69,""timestamp_ms"":8633,""score"":0.9576953649520874,""source_actor_id"":""v_c3_s7::s7"",""source_score"":null},{""class_code"":""c3"",""frame_index"":70,""timestamp_ms"":8758,""score"":0.9814925789833069,""source_actor_id"":""v_c3_s7::s7"",""source_score"":null},{""class_code"":""c3"",""frame_index"":71,""timestamp_ms"":8883,""score"":0.9794905781745911,""source_actor_id"":""v_c3_s7::s7"",""source_score"":null}]",19,2377,s7,4,72,True,c3
v_c3_s7,s8,c5,c5,,,,,,,[],,,,4,72,True,c5
v_c3_s8,s7,c5,c5,,,,,,,[],,,,4,81,True,c5
v_c3_s8,s8,c3,c5,c3,s8,17,2127,0.3036520183086395,,"[{""class_code"":""c3"",""frame_index"":16,""timestamp_ms"":2001,""score"":0.3036520183086395,""source_actor_id"":""v_c3_s8::s8"",""source_score"":null},{""class_code"":""c3"",""frame_index"":17,""timestamp_ms"":2127,""score"":0.3036520183086395,""source_actor_id"":""v_c3_s8::s8"",""source_score"":null}]",16,2001,s8,4,81,True,c3
v_c4_s1,s1,suspicious_activity,suspicious_activity,suspicious_activity,s1,53,6631,0.8346213698387146,,"[{""class_code"":""suspicious_activity"",""frame_index"":49,""timestamp_ms"":6131,""score"":0.7998596429824829,""source_actor_id"":""v_c4_s1::s1"",""source_score"":null},{""class_code"":""suspicious_activity"",""frame_index"":50,""timestamp_ms"":6256,""score"":0.7998596429824829,""source_actor_id"":""v_c4_s1::s1"",""source_score"":null},{""class_code"":""suspicious_activity"",""frame_index"":51,""timestamp_ms"":6381,""score"":0.7998596429824829,""source_actor_id"":""v_c4_s1::s1"",""source_score"":null},{""class_code"":""suspicious_activity"",""frame_index"":52,""timestamp_ms"":6506,""score"":0.834199070930481,""source_actor_id"":""v_c4_s1::s1"",""source_score"":null},{""class_code"":""suspicious_activity"",""frame_index"":53,""timestamp_ms"":6631,""score"":0.8346213698387146,""source_actor_id"":""v_c4_s1::s1"",""source_score"":null},{""class_code"":""suspicious_activity"",""frame_index"":54,""timestamp_ms"":6756,""score"":0.8329746723175049,""source_actor_id"":""v_c4_s1::s1"",""source_score"":null},{""class_code"":""suspicious_activity"",""frame_index"":55,""timestamp_ms"":6881,""score"":0.8329746723175049,""source_actor_id"":""v_c4_s1::s1"",""source_score"":null}]",49,6131,s1,4,52,True,suspicious_activity
v_c4_s1,s2,c5,c5,,,,,,,[],,,,4,52,True,c5
v_c4_s2,s1,c5,c5,suspicious_activity,s1,10,1251,0.9673994779586792,,"[{""class_code"":""suspicious_activity"",""frame_index"":8,""timestamp_ms"":1000,""score"":0.9582030773162842,""source_actor_id"":""v_c4_s2::s1"",""source_score"":null},{""class_code"":""suspicious_activity"",""frame_index"":9,""timestamp_ms"":1126,""score"":0.9641238451004028,""source_actor_id"":""v_c4_s2::s1"",""source_score"":null},{""class_code"":""suspicious_activity"",""frame_index"":10,""timestamp_ms"":1251,""score"":0.9673994779586792,""source_actor_id"":""v_c4_s2::s1"",""source_score"":null},{""class_code"":""suspicious_activity"",""frame_index"":11,""timestamp_ms"":1376,""score"":0.9623695611953735,""source_actor_id"":""v_c4_s2::s1"",""source_score"":null},{""class_code"":""suspicious_activity"",""frame_index"":12,""timestamp_ms"":1501,""score"":0.9527408480644226,""source_actor_id"":""v_c4_s2::s1"",""source_score"":null},{""class_code"":""suspicious_activity"",""frame_index"":13,""timestamp_ms"":1626,""score"":0.9323630928993225,""source_actor_id"":""v_c4_s2::s1"",""source_score"":null},{""class_code"":""suspicious_activity"",""frame_index"":14,""timestamp_ms"":1751,""score"":0.9323630928993225,""source_actor_id"":""v_c4_s2::s1"",""source_score"":null},{""class_code"":""suspicious_activity"",""frame_index"":15,""timestamp_ms"":1876,""score"":0.7059064507484436,""source_actor_id"":""v_c4_s2::s1"",""source_score"":null},{""class_code"":""suspicious_activity"",""frame_index"":16,""timestamp_ms"":2001,""score"":0.7059064507484436,""source_actor_id"":""v_c4_s2::s1"",""source_score"":null},{""class_code"":""suspicious_activity"",""frame_index"":17,""timestamp_ms"":2127,""score"":0.7059064507484436,""source_actor_id"":""v_c4_s2::s1"",""source_score"":null},{""class_code"":""suspicious_activity"",""frame_index"":18,""timestamp_ms"":2252,""score"":0.6604872941970825,""source_actor_id"":""v_c4_s2::s1"",""source_score"":null},{""class_code"":""suspicious_activity"",""frame_index"":19,""timestamp_ms"":2377,""score"":0.6604872941970825,""source_actor_id"":""v_c4_s2::s1"",""source_score"":null},{""class_code"":""suspicious_activity"",""frame_index"":20,""timestamp_ms"":2502,""score"":0.6604872941970825,""source_actor_id"":""v_c4_s2::s1"",""source_score"":null},{""class_code"":""c3"",""frame_index"":29,""timestamp_ms"":3628,""score"":0.22954006493091583,""source_actor_id"":""v_c4_s2::s1"",""source_score"":null},{""class_code"":""c3"",""frame_index"":44,""timestamp_ms"":5505,""score"":0.29191944003105164,""source_actor_id"":""v_c4_s2::s1"",""source_score"":null}]",8,1000,s1,4,62,True,suspicious_activity
v_c4_s2,s2,suspicious_activity,c5,suspicious_activity,s2,27,3378,0.8862954378128052,,"[{""class_code"":""suspicious_activity"",""frame_index"":15,""timestamp_ms"":1876,""score"":0.6652853488922119,""source_actor_id"":""v_c4_s2::s2"",""source_score"":null},{""class_code"":""suspicious_activity"",""frame_index"":16,""timestamp_ms"":2001,""score"":0.777731716632843,""source_actor_id"":""v_c4_s2::s2"",""source_score"":null},{""class_code"":""suspicious_activity"",""frame_index"":17,""timestamp_ms"":2127,""score"":0.8020309805870056,""source_actor_id"":""v_c4_s2::s2"",""source_score"":null},{""class_code"":""suspicious_activity"",""frame_index"":18,""timestamp_ms"":2252,""score"":0.8117234110832214,""source_actor_id"":""v_c4_s2::s2"",""source_score"":null},{""class_code"":""suspicious_activity"",""frame_index"":19,""timestamp_ms"":2377,""score"":0.8117234110832214,""source_actor_id"":""v_c4_s2::s2"",""source_score"":null},{""class_code"":""suspicious_activity"",""frame_index"":20,""timestamp_ms"":2502,""score"":0.8262984156608582,""source_actor_id"":""v_c4_s2::s2"",""source_score"":null},{""class_code"":""suspicious_activity"",""frame_index"":21,""timestamp_ms"":2627,""score"":0.8720540404319763,""source_actor_id"":""v_c4_s2::s2"",""source_score"":null},{""class_code"":""suspicious_activity"",""frame_index"":22,""timestamp_ms"":2752,""score"":0.8732357025146484,""source_actor_id"":""v_c4_s2::s2"",""source_score"":null},{""class_code"":""suspicious_activity"",""frame_index"":23,""timestamp_ms"":2877,""score"":0.8732357025146484,""source_actor_id"":""v_c4_s2::s2"",""source_score"":null},{""class_code"":""suspicious_activity"",""frame_index"":24,""timestamp_ms"":3003,""score"":0.8795742988586426,""source_actor_id"":""v_c4_s2::s2"",""source_score"":null},{""class_code"":""suspicious_activity"",""frame_index"":25,""timestamp_ms"":3128,""score"":0.8862954378128052,""source_actor_id"":""v_c4_s2::s2"",""source_score"":null},{""class_code"":""suspicious_activity"",""frame_index"":26,""timestamp_ms"":3253,""score"":0.8862954378128052,""source_actor_id"":""v_c4_s2::s2"",""source_score"":null},{""class_code"":""suspicious_activity"",""frame_index"":27,""timestamp_ms"":3378,""score"":0.8862954378128052,""source_actor_id"":""v_c4_s2::s2"",""source_score"":null}]",15,1876,s2,4,62,True,suspicious_activity
v_c4_s3,s3,suspicious_activity,c5,suspicious_activity,s3,46,5755,0.7441494464874268,,"[{""class_code"":""suspicious_activity"",""frame_index"":29,""timestamp_ms"":3628,""score"":0.718330979347229,""source_actor_id"":""v_c4_s3::s3"",""source_score"":null},{""class_code"":""suspicious_activity"",""frame_index"":43,""timestamp_ms"":5380,""score"":0.7201862335205078,""source_actor_id"":""v_c4_s3::s3"",""source_score"":null},{""class_code"":""suspicious_activity"",""frame_index"":44,""timestamp_ms"":5505,""score"":0.7408014535903931,""source_actor_id"":""v_c4_s3::s3"",""source_score"":null},{""class_code"":""suspicious_activity"",""frame_index"":45,""timestamp_ms"":5630,""score"":0.7441494464874268,""source_actor_id"":""v_c4_s3::s3"",""source_score"":null},{""class_code"":""suspicious_activity"",""frame_index"":46,""timestamp_ms"":5755,""score"":0.7441494464874268,""source_actor_id"":""v_c4_s3::s3"",""source_score"":null},{""class_code"":""suspicious_activity"",""frame_index"":47,""timestamp_ms"":5880,""score"":0.734155535697937,""source_actor_id"":""v_c4_s3::s3"",""source_score"":null},{""class_code"":""suspicious_activity"",""frame_index"":48,""timestamp_ms"":6006,""score"":0.7293593883514404,""source_actor_id"":""v_c4_s3::s3"",""source_score"":null}]",29,3628,s3,4,54,True,suspicious_activity
v_c4_s3,s4,c5,c5,suspicious_activity,s4,6,750,0.7052723169326782,,"[{""class_code"":""suspicious_activity"",""frame_index"":6,""timestamp_ms"":750,""score"":0.7052723169326782,""source_actor_id"":""v_c4_s3::s4"",""source_score"":null}]",6,750,s4,4,56,True,suspicious_activity
v_c4_s4,s3,c5,c5,suspicious_activity,s3,14,1751,0.841694712638855,,"[{""class_code"":""suspicious_activity"",""frame_index"":14,""timestamp_ms"":1751,""score"":0.841694712638855,""source_actor_id"":""v_c4_s4::s3"",""source_score"":null},{""class_code"":""suspicious_activity"",""frame_index"":15,""timestamp_ms"":1876,""score"":0.81870436668396,""source_actor_id"":""v_c4_s4::s3"",""source_score"":null},{""class_code"":""suspicious_activity"",""frame_index"":16,""timestamp_ms"":2001,""score"":0.7754119634628296,""source_actor_id"":""v_c4_s4::s3"",""source_score"":null},{""class_code"":""suspicious_activity"",""frame_index"":17,""timestamp_ms"":2127,""score"":0.8312488198280334,""source_actor_id"":""v_c4_s4::s3"",""source_score"":null},{""class_code"":""suspicious_activity"",""frame_index"":18,""timestamp_ms"":2252,""score"":0.8278822302818298,""source_actor_id"":""v_c4_s4::s3"",""source_score"":null},{""class_code"":""suspicious_activity"",""frame_index"":19,""timestamp_ms"":2377,""score"":0.8319166898727417,""source_actor_id"":""v_c4_s4::s3"",""source_score"":null}]",14,1751,s3,4,74,True,suspicious_activity
v_c4_s4,s4,suspicious_activity,c5,suspicious_activity,s4,26,3253,0.7548650503158569,,"[{""class_code"":""suspicious_activity"",""frame_index"":26,""timestamp_ms"":3253,""score"":0.7548650503158569,""source_actor_id"":""v_c4_s4::s4"",""source_score"":null},{""class_code"":""suspicious_activity"",""frame_index"":27,""timestamp_ms"":3378,""score"":0.6748597621917725,""source_actor_id"":""v_c4_s4::s4"",""source_score"":null},{""class_code"":""suspicious_activity"",""frame_index"":28,""timestamp_ms"":3503,""score"":0.6816940307617188,""source_actor_id"":""v_c4_s4::s4"",""source_score"":null},{""class_code"":""suspicious_activity"",""frame_index"":29,""timestamp_ms"":3628,""score"":0.6993404030799866,""source_actor_id"":""v_c4_s4::s4"",""source_score"":null},{""class_code"":""suspicious_activity"",""frame_index"":30,""timestamp_ms"":3753,""score"":0.7067352533340454,""source_actor_id"":""v_c4_s4::s4"",""source_score"":null}]",26,3253,s4,4,74,True,suspicious_activity
v_c4_s5,s5,suspicious_activity,suspicious_activity,suspicious_activity,s5,63,7882,0.805876612663269,,"[{""class_code"":""suspicious_activity"",""frame_index"":60,""timestamp_ms"":7507,""score"":0.6771131157875061,""source_actor_id"":""v_c4_s5::s5"",""source_score"":null},{""class_code"":""suspicious_activity"",""frame_index"":61,""timestamp_ms"":7632,""score"":0.6665268540382385,""source_actor_id"":""v_c4_s5::s5"",""source_score"":null},{""class_code"":""suspicious_activity"",""frame_index"":62,""timestamp_ms"":7757,""score"":0.7526138424873352,""source_actor_id"":""v_c4_s5::s5"",""source_score"":null},{""class_code"":""suspicious_activity"",""frame_index"":63,""timestamp_ms"":7882,""score"":0.805876612663269,""source_actor_id"":""v_c4_s5::s5"",""source_score"":null},{""class_code"":""suspicious_activity"",""frame_index"":64,""timestamp_ms"":8007,""score"":0.7283908128738403,""source_actor_id"":""v_c4_s5::s5"",""source_score"":null},{""class_code"":""suspicious_activity"",""frame_index"":65,""timestamp_ms"":8133,""score"":0.7081295251846313,""source_actor_id"":""v_c4_s5::s5"",""source_score"":null},{""class_code"":""suspicious_activity"",""frame_index"":66,""timestamp_ms"":8258,""score"":0.7266862988471985,""source_actor_id"":""v_c4_s5::s5"",""source_score"":null},{""class_code"":""suspicious_activity"",""frame_index"":67,""timestamp_ms"":8383,""score"":0.7809866666793823,""source_actor_id"":""v_c4_s5::s5"",""source_score"":null},{""class_code"":""suspicious_activity"",""frame_index"":68,""timestamp_ms"":8508,""score"":0.7735845446586609,""source_actor_id"":""v_c4_s5::s5"",""source_score"":null}]",60,7507,s5,4,65,True,suspicious_activity
v_c4_s5,s6,c5,c5,,,,,,,[],,,,4,65,True,c5
v_c4_s6,s5,c5,c5,,,,,,,[],,,,4,64,True,c5
v_c4_s6,s6,suspicious_activity,c5,suspicious_activity,s6,25,3128,0.7920896410942078,,"[{""class_code"":""suspicious_activity"",""frame_index"":24,""timestamp_ms"":3003,""score"":0.7908961772918701,""source_actor_id"":""v_c4_s6::s6"",""source_score"":null},{""class_code"":""suspicious_activity"",""frame_index"":25,""timestamp_ms"":3128,""score"":0.7920896410942078,""source_actor_id"":""v_c4_s6::s6"",""source_score"":null},{""class_code"":""suspicious_activity"",""frame_index"":26,""timestamp_ms"":3253,""score"":0.7864029407501221,""source_actor_id"":""v_c4_s6::s6"",""source_score"":null},{""class_code"":""suspicious_activity"",""frame_index"":43,""timestamp_ms"":5380,""score"":0.751903772354126,""source_actor_id"":""v_c4_s6::s6"",""source_score"":null},{""class_code"":""suspicious_activity"",""frame_index"":44,""timestamp_ms"":5505,""score"":0.7496359944343567,""source_actor_id"":""v_c4_s6::s6"",""source_score"":null},{""class_code"":""suspicious_activity"",""frame_index"":45,""timestamp_ms"":5630,""score"":0.7496359944343567,""source_actor_id"":""v_c4_s6::s6"",""source_score"":null},{""class_code"":""suspicious_activity"",""frame_index"":46,""timestamp_ms"":5755,""score"":0.7004404664039612,""source_actor_id"":""v_c4_s6::s6"",""source_score"":null},{""class_code"":""suspicious_activity"",""frame_index"":47,""timestamp_ms"":5880,""score"":0.7020860314369202,""source_actor_id"":""v_c4_s6::s6"",""source_score"":null}]",24,3003,s6,4,64,True,suspicious_activity
v_c4_s7,s7,suspicious_activity,suspicious_activity,suspicious_activity,s7,66,8258,0.8303899168968201,,"[{""class_code"":""suspicious_activity"",""frame_index"":29,""timestamp_ms"":3628,""score"":0.6844602823257446,""source_actor_id"":""v_c4_s7::s7"",""source_score"":null},{""class_code"":""suspicious_activity"",""frame_index"":30,""timestamp_ms"":3753,""score"":0.6844602823257446,""source_actor_id"":""v_c4_s7::s7"",""source_score"":null},{""class_code"":""suspicious_activity"",""frame_index"":31,""timestamp_ms"":3878,""score"":0.6869876384735107,""source_actor_id"":""v_c4_s7::s7"",""source_score"":null},{""class_code"":""suspicious_activity"",""frame_index"":32,""timestamp_ms"":4003,""score"":0.6869876384735107,""source_actor_id"":""v_c4_s7::s7"",""source_score"":null},{""class_code"":""suspicious_activity"",""frame_index"":33,""timestamp_ms"":4129,""score"":0.7430031299591064,""source_actor_id"":""v_c4_s7::s7"",""source_score"":null},{""class_code"":""suspicious_activity"",""frame_index"":34,""timestamp_ms"":4254,""score"":0.8050540089607239,""source_actor_id"":""v_c4_s7::s7"",""source_score"":null},{""class_code"":""suspicious_activity"",""frame_index"":35,""timestamp_ms"":4379,""score"":0.7607160806655884,""source_actor_id"":""v_c4_s7::s7"",""source_score"":null},{""class_code"":""suspicious_activity"",""frame_index"":36,""timestamp_ms"":4504,""score"":0.7676404118537903,""source_actor_id"":""v_c4_s7::s7"",""source_score"":null},{""class_code"":""suspicious_activity"",""frame_index"":37,""timestamp_ms"":4629,""score"":0.7676404118537903,""source_actor_id"":""v_c4_s7::s7"",""source_score"":null},{""class_code"":""suspicious_activity"",""frame_index"":38,""timestamp_ms"":4754,""score"":0.7676404118537903,""source_actor_id"":""v_c4_s7::s7"",""source_score"":null},{""class_code"":""suspicious_activity"",""frame_index"":39,""timestamp_ms"":4879,""score"":0.7676404118537903,""source_actor_id"":""v_c4_s7::s7"",""source_score"":null},{""class_code"":""suspicious_activity"",""frame_index"":40,""timestamp_ms"":5005,""score"":0.7652379870414734,""source_actor_id"":""v_c4_s7::s7"",""source_score"":null},{""class_code"":""suspicious_activity"",""frame_index"":41,""timestamp_ms"":5130,""score"":0.7652379870414734,""source_actor_id"":""v_c4_s7::s7"",""source_score"":null},{""class_code"":""suspicious_activity"",""frame_index"":42,""timestamp_ms"":5255,""score"":0.762207567691803,""source_actor_id"":""v_c4_s7::s7"",""source_score"":null},{""class_code"":""suspicious_activity"",""frame_index"":43,""timestamp_ms"":5380,""score"":0.7591776847839355,""source_actor_id"":""v_c4_s7::s7"",""source_score"":null},{""class_code"":""suspicious_activity"",""frame_index"":44,""timestamp_ms"":5505,""score"":0.7591776847839355,""source_actor_id"":""v_c4_s7::s7"",""source_score"":null},{""class_code"":""suspicious_activity"",""frame_index"":45,""timestamp_ms"":5630,""score"":0.8149265646934509,""source_actor_id"":""v_c4_s7::s7"",""source_score"":null},{""class_code"":""suspicious_activity"",""frame_index"":46,""timestamp_ms"":5755,""score"":0.8149265646934509,""source_actor_id"":""v_c4_s7::s7"",""source_score"":null},{""class_code"":""suspicious_activity"",""frame_index"":47,""timestamp_ms"":5880,""score"":0.7760359644889832,""source_actor_id"":""v_c4_s7::s7"",""source_score"":null},{""class_code"":""suspicious_activity"",""frame_index"":48,""timestamp_ms"":6006,""score"":0.703886091709137,""source_actor_id"":""v_c4_s7::s7"",""source_score"":null},{""class_code"":""suspicious_activity"",""frame_index"":49,""timestamp_ms"":6131,""score"":0.7127725481987,""source_actor_id"":""v_c4_s7::s7"",""source_score"":null},{""class_code"":""suspicious_activity"",""frame_index"":55,""timestamp_ms"":6881,""score"":0.6915516257286072,""source_actor_id"":""v_c4_s7::s7"",""source_score"":null},{""class_code"":""suspicious_activity"",""frame_index"":56,""timestamp_ms"":7007,""score"":0.6915516257286072,""source_actor_id"":""v_c4_s7::s7"",""source_score"":null},{""class_code"":""suspicious_activity"",""frame_index"":57,""timestamp_ms"":7132,""score"":0.7872868180274963,""source_actor_id"":""v_c4_s7::s7"",""source_score"":null},{""class_code"":""suspicious_activity"",""frame_index"":58,""timestamp_ms"":7257,""score"":0.7872868180274963,""source_actor_id"":""v_c4_s7::s7"",""source_score"":null},{""class_code"":""suspicious_activity"",""frame_index"":59,""timestamp_ms"":7382,""score"":0.8122273683547974,""source_actor_id"":""v_c4_s7::s7"",""source_score"":null},{""class_code"":""suspicious_activity"",""frame_index"":60,""timestamp_ms"":7507,""score"":0.8122273683547974,""source_actor_id"":""v_c4_s7::s7"",""source_score"":null},{""class_code"":""suspicious_activity"",""frame_index"":61,""timestamp_ms"":7632,""score"":0.8100405931472778,""source_actor_id"":""v_c4_s7::s7"",""source_score"":null},{""class_code"":""suspicious_activity"",""frame_index"":62,""timestamp_ms"":7757,""score"":0.812241792678833,""source_actor_id"":""v_c4_s7::s7"",""source_score"":null},{""class_code"":""suspicious_activity"",""frame_index"":63,""timestamp_ms"":7882,""score"":0.812241792678833,""source_actor_id"":""v_c4_s7::s7"",""source_score"":null},{""class_code"":""suspicious_activity"",""frame_index"":64,""timestamp_ms"":8007,""score"":0.812241792678833,""source_actor_id"":""v_c4_s7::s7"",""source_score"":null},{""class_code"":""suspicious_activity"",""frame_index"":65,""timestamp_ms"":8133,""score"":0.8151360750198364,""source_actor_id"":""v_c4_s7::s7"",""source_score"":null},{""class_code"":""suspicious_activity"",""frame_index"":66,""timestamp_ms"":8258,""score"":0.8303899168968201,""source_actor_id"":""v_c4_s7::s7"",""source_score"":null},{""class_code"":""suspicious_activity"",""frame_index"":67,""timestamp_ms"":8383,""score"":0.8242450952529907,""source_actor_id"":""v_c4_s7::s7"",""source_score"":null},{""class_code"":""suspicious_activity"",""frame_index"":68,""timestamp_ms"":8508,""score"":0.7532241344451904,""source_actor_id"":""v_c4_s7::s7"",""source_score"":null},{""class_code"":""suspicious_activity"",""frame_index"":69,""timestamp_ms"":8633,""score"":0.7743897438049316,""source_actor_id"":""v_c4_s7::s7"",""source_score"":null},{""class_code"":""suspicious_activity"",""frame_index"":70,""timestamp_ms"":8758,""score"":0.7620653510093689,""source_actor_id"":""v_c4_s7::s7"",""source_score"":null},{""class_code"":""suspicious_activity"",""frame_index"":71,""timestamp_ms"":8883,""score"":0.6951375007629395,""source_actor_id"":""v_c4_s7::s7"",""source_score"":null},{""class_code"":""suspicious_activity"",""frame_index"":72,""timestamp_ms"":9009,""score"":0.6982064843177795,""source_actor_id"":""v_c4_s7::s7"",""source_score"":null},{""class_code"":""suspicious_activity"",""frame_index"":73,""timestamp_ms"":9134,""score"":0.6904901266098022,""source_actor_id"":""v_c4_s7::s7"",""source_score"":null},{""class_code"":""suspicious_activity"",""frame_index"":74,""timestamp_ms"":9259,""score"":0.6904901266098022,""source_actor_id"":""v_c4_s7::s7"",""source_score"":null},{""class_code"":""suspicious_activity"",""frame_index"":75,""timestamp_ms"":9384,""score"":0.7442473769187927,""source_actor_id"":""v_c4_s7::s7"",""source_score"":null},{""class_code"":""suspicious_activity"",""frame_index"":76,""timestamp_ms"":9509,""score"":0.7381405830383301,""source_actor_id"":""v_c4_s7::s7"",""source_score"":null},{""class_code"":""suspicious_activity"",""frame_index"":77,""timestamp_ms"":9634,""score"":0.7251084446907043,""source_actor_id"":""v_c4_s7::s7"",""source_score"":null},{""class_code"":""suspicious_activity"",""frame_index"":78,""timestamp_ms"":9759,""score"":0.7222041487693787,""source_actor_id"":""v_c4_s7::s7"",""source_score"":null},{""class_code"":""suspicious_activity"",""frame_index"":79,""timestamp_ms"":9884,""score"":0.7337872385978699,""source_actor_id"":""v_c4_s7::s7"",""source_score"":null},{""class_code"":""suspicious_activity"",""frame_index"":80,""timestamp_ms"":10010,""score"":0.7115108966827393,""source_actor_id"":""v_c4_s7::s7"",""source_score"":null},{""class_code"":""suspicious_activity"",""frame_index"":81,""timestamp_ms"":10135,""score"":0.8133367300033569,""source_actor_id"":""v_c4_s7::s7"",""source_score"":null},{""class_code"":""suspicious_activity"",""frame_index"":82,""timestamp_ms"":10260,""score"":0.8133367300033569,""source_actor_id"":""v_c4_s7::s7"",""source_score"":null},{""class_code"":""suspicious_activity"",""frame_index"":83,""timestamp_ms"":10385,""score"":0.8058334589004517,""source_actor_id"":""v_c4_s7::s7"",""source_score"":null},{""class_code"":""suspicious_activity"",""frame_index"":84,""timestamp_ms"":10510,""score"":0.8135040402412415,""source_actor_id"":""v_c4_s7::s7"",""source_score"":null},{""class_code"":""suspicious_activity"",""frame_index"":85,""timestamp_ms"":10635,""score"":0.8135040402412415,""source_actor_id"":""v_c4_s7::s7"",""source_score"":null},{""class_code"":""suspicious_activity"",""frame_index"":86,""timestamp_ms"":10760,""score"":0.8135040402412415,""source_actor_id"":""v_c4_s7::s7"",""source_score"":null},{""class_code"":""suspicious_activity"",""frame_index"":87,""timestamp_ms"":10885,""score"":0.7878310680389404,""source_actor_id"":""v_c4_s7::s7"",""source_score"":null},{""class_code"":""suspicious_activity"",""frame_index"":88,""timestamp_ms"":11011,""score"":0.7854192852973938,""source_actor_id"":""v_c4_s7::s7"",""source_score"":null},{""class_code"":""suspicious_activity"",""frame_index"":89,""timestamp_ms"":11136,""score"":0.7616410851478577,""source_actor_id"":""v_c4_s7::s7"",""source_score"":null}]",29,3628,s7,4,86,True,suspicious_activity
v_c4_s7,s8,c5,c5,,,,,,,[],,,,4,86,True,c5
v_c4_s8,s7,c5,c5,,,,,,,[],,,,4,60,True,c5
v_c4_s8,s8,suspicious_activity,c5,suspicious_activity,s8,47,5880,0.7573057413101196,,"[{""class_code"":""suspicious_activity"",""frame_index"":37,""timestamp_ms"":4629,""score"":0.6701075434684753,""source_actor_id"":""v_c4_s8::s8"",""source_score"":null},{""class_code"":""suspicious_activity"",""frame_index"":38,""timestamp_ms"":4754,""score"":0.6701454520225525,""source_actor_id"":""v_c4_s8::s8"",""source_score"":null},{""class_code"":""suspicious_activity"",""frame_index"":40,""timestamp_ms"":5005,""score"":0.6743619441986084,""source_actor_id"":""v_c4_s8::s8"",""source_score"":null},{""class_code"":""suspicious_activity"",""frame_index"":41,""timestamp_ms"":5130,""score"":0.6652981042861938,""source_actor_id"":""v_c4_s8::s8"",""source_score"":null},{""class_code"":""suspicious_activity"",""frame_index"":42,""timestamp_ms"":5255,""score"":0.687897264957428,""source_actor_id"":""v_c4_s8::s8"",""source_score"":null},{""class_code"":""suspicious_activity"",""frame_index"":43,""timestamp_ms"":5380,""score"":0.7099893093109131,""source_actor_id"":""v_c4_s8::s8"",""source_score"":null},{""class_code"":""suspicious_activity"",""frame_index"":44,""timestamp_ms"":5505,""score"":0.7427563071250916,""source_actor_id"":""v_c4_s8::s8"",""source_score"":null},{""class_code"":""suspicious_activity"",""frame_index"":45,""timestamp_ms"":5630,""score"":0.7427563071250916,""source_actor_id"":""v_c4_s8::s8"",""source_score"":null},{""class_code"":""suspicious_activity"",""frame_index"":46,""timestamp_ms"":5755,""score"":0.7573057413101196,""source_actor_id"":""v_c4_s8::s8"",""source_score"":null},{""class_code"":""suspicious_activity"",""frame_index"":47,""timestamp_ms"":5880,""score"":0.7573057413101196,""source_actor_id"":""v_c4_s8::s8"",""source_score"":null},{""class_code"":""suspicious_activity"",""frame_index"":48,""timestamp_ms"":6006,""score"":0.7447229623794556,""source_actor_id"":""v_c4_s8::s8"",""source_score"":null},{""class_code"":""suspicious_activity"",""frame_index"":49,""timestamp_ms"":6131,""score"":0.6962987780570984,""source_actor_id"":""v_c4_s8::s8"",""source_score"":null},{""class_code"":""suspicious_activity"",""frame_index"":50,""timestamp_ms"":6256,""score"":0.6775762438774109,""source_actor_id"":""v_c4_s8::s8"",""source_score"":null}]",37,4629,s8,4,60,True,suspicious_activity
v_c5_s1_s2,s1,c5,c5,,,,,,,[],,,,4,63,True,c5
v_c5_s1_s2,s2,c5,c5,,,,,,,[],,,,4,63,True,c5
v_c5_s3_s4,s3,c5,c5,,,,,,,[],,,,4,94,True,c5
v_c5_s3_s4,s4,c5,c5,,,,,,,[],,,,4,94,True,c5
v_c5_s5_s6,s5,c5,c5,,,,,,,[],,,,4,66,True,c5
v_c5_s5_s6,s6,c5,c5,,,,,,,[],,,,4,66,True,c5
v_c5_s7_s8,s7,c5,c5,,,,,,,[],,,,4,86,True,c5
v_c5_s7_s8,s8,c5,c5,,,,,,,[],,,,4,86,True,c5
